{"train":[{"input":[[8,0,0],[8,0,8],[8,8,8],[0,8,8],[8,8,8],[0,8,8],[5,9,9],[9,9,9],[9,5,5],[5,5,9],[9,5,5],[5,9,5]],"output":[[4,4,4],[2,4,2],[2,4,4],[2,4,2],[2,4,4],[2,2,4]]},{"input":[[0,0,8,8],[0,0,0,0],[8,0,8,8],[0,0,8,0],[8,8,8,8],[9,5,9,9],[9,9,5,5],[5,5,5,9],[5,9,9,5],[9,9,5,5]],"output":[[4,2,2,2],[4,4,2,2],[4,2,4,2],[2,4,2,2],[2,2,4,4]]},{"input":[[8,8,8,8,8],[8,8,8,8,8],[8,0,8,0,8],[8,8,8,8,8],[5,5,5,5,9],[5,5,9,9,9],[9,5,5,5,5],[5,5,9,5,5]],"output":[[4,4,4,4,2],[4,4,2,2,2],[2,2,4,2,4],[4,4,2,4,4]]},{"input":[[0,8,8,0],[8,8,8,0],[8,8,8,8],[8,8,8,8],[5,5,9,5],[5,5,5,9],[5,9,5,5],[5,5,5,5]],"output":[[2,4,2,2],[4,4,4,4],[4,2,4,4],[4,4,4,4]]}],"test":[{"input":[[0,0,8,8],[8,8,8,8],[0,0,8,8],[0,0,8,8],[8,0,8,0],[0,8,8,8],[5,5,9,5],[9,5,5,5],[5,9,9,5],[9,9,5,9],[9,5,5,5],[9,5,5,5]],"output":[[2,2,2,4],[2,4,4,4],[2,4,2,4],[4,4,4,2],[2,2,4,2],[4,4,4,4]]}],"metadata":{"task_id":"xor_vstack_differentpalette","dataset_id":"solve_bool","transformation_id":"xor"}}