{"train":[{"input":[[9,9,7,7,3,5,6,5,5],[7,9,7,9,3,5,5,5,5],[9,7,7,7,3,5,5,6,5],[9,9,9,9,3,5,5,5,6],[9,7,7,7,3,5,5,5,6],[7,9,9,7,3,5,5,5,6],[9,7,7,9,3,5,5,5,5]],"output":[[6,4,4,4],[4,6,4,6],[6,4,6,4],[6,6,6,4],[6,4,4,6],[4,6,6,6],[6,4,4,6]]},{"input":[[9,9,9,3,5,5,5],[9,9,9,3,5,5,5],[9,9,9,3,6,5,5],[7,9,9,3,5,6,5]],"output":[[6,6,6],[6,6,6],[4,6,6],[4,4,6]]}],"test":[{"input":[[7,7,9,9,9,3,5,5,5,5,5],[7,9,9,7,9,3,6,6,5,5,6],[7,9,9,7,9,3,5,5,5,5,5],[7,7,9,9,9,3,6,5,6,5,6]],"output":[[4,4,6,6,6],[6,4,6,4,4],[4,6,6,4,6],[6,4,4,6,4]]},{"input":[[9,9,9,3,5,6,6],[9,9,9,3,6,6,5],[9,9,9,3,5,6,5],[9,9,9,3,5,6,5],[9,9,7,3,5,5,5]],"output":[[6,4,4],[4,4,6],[6,4,6],[6,4,6],[6,6,4]]}],"metadata":{"task_id":"xor_hstack_differentpalette_wall1","dataset_id":"solve_bool","transformation_id":"xor"}}