{"train":[{"input":[[3,9,3,3,9],[3,9,3,9,3],[3,9,9,9,9],[3,3,3,9,9],[9,3,3,3,9],[3,9,9,9,3],[8,8,8,8,8],[9,9,3,9,9],[3,3,9,9,9],[3,9,3,3,9],[9,3,9,9,3],[9,3,3,9,3],[3,3,9,3,3]],"output":[[9,4,4,9,4],[4,9,9,4,9],[4,4,9,9,4],[9,4,9,4,9],[4,4,4,9,9],[4,9,4,9,4]]},{"input":[[9,3,9],[9,9,9],[3,9,9],[9,3,9],[3,9,9],[8,8,8],[3,3,3],[9,9,9],[9,9,9],[3,9,9],[9,9,9]],"output":[[9,4,9],[4,4,4],[9,4,4],[9,9,4],[9,4,4]]}],"test":[{"input":[[9,9,3,3,9,3,9],[9,3,3,3,9,9,9],[3,3,9,3,3,9,9],[3,9,9,3,3,3,9],[9,3,9,9,9,9,3],[3,9,3,3,3,3,9],[8,8,8,8,8,8,8],[3,9,3,9,9,3,9],[9,9,3,3,9,9,3],[9,9,9,9,9,9,9],[9,9,9,3,3,9,9],[9,9,3,9,3,9,3],[9,9,3,9,9,9,9]],"output":[[9,4,4,9,4,4,4],[4,9,4,4,4,4,9],[9,9,4,9,9,4,4],[9,4,4,4,4,9,4],[4,9,9,4,9,4,4],[9,4,4,9,9,9,4]]},{"input":[[9,9,9,9,9,9,9],[3,9,9,9,3,9,9],[9,9,9,9,3,9,3],[8,8,8,8,8,8,8],[9,3,9,9,9,9,9],[9,9,9,9,9,3,9],[9,9,9,9,9,9,9]],"output":[[4,9,4,4,4,4,4],[9,4,4,4,9,9,4],[4,4,4,4,9,4,9]]}],"metadata":{"task_id":"xor_vstack_samepalette_wall1","dataset_id":"solve_bool","transformation_id":"xor"}}