{"train":[{"input":[[4,4,2,4,4,4,9,0,9,9,9,0],[4,4,4,4,4,2,9,9,0,0,0,0]],"output":[[1,6,6,1,1,6],[1,1,6,6,6,1]]},{"input":[[4,4,4,4,4,4,9,9,0,9,0,9],[4,2,4,4,4,2,0,9,9,9,9,0],[4,4,4,4,4,4,0,9,9,0,0,9],[4,2,4,2,2,4,9,0,9,0,0,9],[4,4,4,4,4,2,0,0,0,0,0,9],[4,4,4,4,4,4,0,0,0,0,9,0],[4,4,4,4,2,2,0,0,0,0,0,0]],"output":[[1,1,6,1,6,1],[6,6,1,1,1,1],[6,1,1,6,6,1],[1,1,1,1,1,1],[6,6,6,6,6,6],[6,6,6,6,1,6],[6,6,6,6,1,1]]}],"test":[{"input":[[4,2,2,2,2,2,0,0,9,0,0,0],[4,4,4,2,4,2,9,0,0,0,9,9],[4,2,4,4,4,4,9,0,0,0,0,0],[4,4,4,4,4,2,0,0,0,0,0,0],[4,4,4,4,4,4,0,0,9,0,0,0]],"output":[[6,1,6,1,1,1],[1,6,6,1,1,6],[1,1,6,6,6,6],[6,6,6,6,6,1],[6,6,1,6,6,6]]},{"input":[[4,4,4,2,0,0,0,0],[2,2,4,4,0,0,0,0],[2,2,4,2,0,0,0,0],[2,4,2,2,0,9,0,0],[2,4,4,4,0,0,9,0],[4,4,2,2,0,0,0,0]],"output":[[6,6,6,1],[1,1,6,6],[1,1,6,1],[1,1,1,1],[1,6,1,6],[6,6,1,1]]}],"metadata":{"task_id":"xor_hstack_differentpalette","dataset_id":"solve_bool","transformation_id":"xor"}}