{"train":[{"input":[[1,1,1,1],[1,5,1,1],[1,1,1,1],[1,1,1,1],[1,5,1,1],[1,1,1,1],[1,1,1,1],[4,4,4,4],[1,5,1,5],[1,5,1,5],[1,1,1,5],[5,5,1,1],[1,1,1,5],[1,1,1,1],[1,1,1,1]],"output":[[6,4,6,4],[6,6,6,4],[6,6,6,4],[4,4,6,6],[6,4,6,4],[6,6,6,6],[6,6,6,6]]},{"input":[[5,1,1,1,1,1],[5,1,1,5,5,1],[5,5,1,1,5,1],[5,1,5,1,5,1],[5,1,5,1,5,1],[1,1,1,1,5,1],[4,4,4,4,4,4],[1,1,1,5,1,1],[1,5,1,5,1,5],[1,5,1,1,1,1],[5,5,1,5,5,1],[5,5,1,1,1,5],[1,1,1,5,5,1]],"output":[[4,6,6,4,6,6],[4,4,6,6,4,4],[4,6,6,6,4,6],[6,4,4,4,6,6],[6,4,4,6,4,4],[6,6,6,4,6,6]]},{"input":[[5,1,1,1],[1,1,1,1],[4,4,4,4],[5,1,1,5],[5,1,1,1]],"output":[[6,6,6,4],[4,6,6,6]]}],"test":[{"input":[[5,1,1,1],[1,1,1,1],[1,1,1,1],[1,1,5,1],[1,1,5,1],[1,5,1,1],[4,4,4,4],[1,1,1,5],[1,1,1,1],[1,1,1,1],[1,1,1,1],[1,1,1,5],[1,1,1,1]],"output":[[4,6,6,4],[6,6,6,6],[6,6,6,6],[6,6,4,6],[6,6,4,4],[6,4,6,6]]},{"input":[[1,1,1,1,1,1],[1,1,1,1,1,5],[1,1,1,1,1,1],[4,4,4,4,4,4],[1,1,1,1,1,1],[5,1,1,1,1,5],[5,1,1,1,1,1]],"output":[[6,6,6,6,6,6],[4,6,6,6,6,6],[4,6,6,6,6,6]]}],"metadata":{"task_id":"xor_vstack_samepalette_wall1","dataset_id":"solve_bool","transformation_id":"xor"}}