{"train":[{"input":[[7,7,3,7,3,9,7,7,3,7,7],[7,7,7,7,7,9,3,7,3,7,7],[7,3,3,7,7,9,7,7,7,7,3],[7,7,7,7,7,9,3,7,3,7,7]],"output":[[9,9,9,9,7],[7,9,7,9,9],[9,7,7,9,7],[7,9,7,9,9]]},{"input":[[7,7,7,7,9,7,7,7,7],[7,7,3,7,9,7,7,7,3],[7,7,3,7,9,7,3,7,7]],"output":[[9,9,9,9],[9,9,7,7],[9,7,7,9]]}],"test":[{"input":[[3,7,7,9,3,7,7],[7,3,7,9,7,7,7],[7,7,7,9,3,7,3],[7,7,7,9,7,7,7],[7,3,7,9,7,3,7],[7,3,7,9,7,7,3],[3,3,7,9,7,7,3]],"output":[[9,9,9],[9,7,9],[7,9,7],[9,9,9],[9,9,9],[9,7,7],[7,7,7]]},{"input":[[7,7,7,3,7,9,7,7,7,7,7],[3,7,7,7,7,9,7,7,7,7,7],[3,7,7,3,3,9,7,7,7,7,7],[7,7,7,7,7,9,3,3,7,7,7],[7,7,7,3,3,9,7,7,7,7,7]],"output":[[9,9,9,7,9],[7,9,9,9,9],[7,9,9,7,7],[7,7,9,9,9],[9,9,9,7,7]]}],"metadata":{"task_id":"xor_hstack_samepalette_wall1","dataset_id":"solve_bool","transformation_id":"xor"}}