{"train":[{"input":[[1,9,1,9,1,1,1,0,6,2,2,6,6,6,6],[9,1,9,9,9,1,9,0,2,2,6,2,6,2,2],[9,1,9,9,9,9,9,0,2,6,2,2,2,2,2]],"output":[[7,7,6,6,7,7,7],[7,6,6,7,6,6,7],[7,7,7,7,7,7,7]]},{"input":[[9,1,0,6,6],[9,9,0,2,2],[9,1,0,2,6],[1,9,0,2,6],[1,9,0,2,6],[1,1,0,6,2],[9,1,0,6,2]],"output":[[6,7],[7,7],[7,7],[6,6],[6,6],[7,6],[6,6]]},{"input":[[9,9,1,0,6,2,2],[9,9,9,0,2,6,6]],"output":[[6,7,6],[7,6,6]]}],"test":[{"input":[[1,9,1,0,2,6,2],[9,9,9,0,2,6,6],[1,9,9,0,2,6,2]],"output":[[6,6,6],[7,6,6],[6,6,7]]}],"metadata":{"task_id":"xor_hstack_differentpalette_wall1","dataset_id":"solve_bool","transformation_id":"xor"}}