{"train":[{"input":[[7,2,7,7,7],[7,2,7,7,2],[2,7,7,7,7],[9,9,9,9,9],[2,7,7,7,2],[7,7,7,2,2],[7,2,7,2,2]],"output":[[9,9,2,2,9],[2,9,2,9,2],[9,9,2,9,9]]},{"input":[[7,7,7,7,2,7],[7,7,7,7,7,7],[7,7,7,2,7,7],[7,7,7,7,7,7],[9,9,9,9,9,9],[7,7,7,7,7,7],[7,2,2,7,7,7],[7,7,7,7,7,7],[7,7,7,7,7,7]],"output":[[2,2,2,2,9,2],[2,9,9,2,2,2],[2,2,2,9,2,2],[2,2,2,2,2,2]]},{"input":[[7,7],[7,2],[9,9],[2,7],[7,7]],"output":[[9,2],[2,9]]},{"input":[[2,7,7,7,2],[2,7,7,2,7],[7,7,7,2,2],[7,7,7,2,2],[2,7,2,2,2],[7,2,7,2,2],[2,7,7,7,2],[9,9,9,9,9],[2,7,2,2,7],[7,2,2,2,2],[2,7,2,7,2],[7,7,7,7,7],[2,2,7,7,2],[2,7,7,7,2],[7,7,7,2,2]],"output":[[2,2,9,9,9],[9,9,9,2,9],[9,2,9,9,2],[2,2,2,9,9],[2,9,9,9,2],[9,9,2,9,2],[9,2,2,9,2]]}],"test":[{"input":[[2,7,7,2,7,2],[7,7,2,2,7,2],[2,2,7,7,7,7],[2,7,7,7,7,7],[9,9,9,9,9,9],[2,7,2,2,2,2],[7,2,2,2,7,2],[7,7,7,7,7,2],[7,2,2,7,7,7]],"output":[[2,2,9,2,9,2],[2,9,2,2,2,2],[9,9,2,2,2,9],[9,9,9,2,2,2]]}],"metadata":{"task_id":"xor_vstack_samepalette_wall1","dataset_id":"solve_bool","transformation_id":"xor"}}