{"train":[{"input":[[0,0,0],[0,6,6],[6,0,0],[6,0,6],[0,6,0],[6,6,6],[7,7,7],[5,5,5],[2,2,2],[5,2,2],[2,5,5],[2,5,5],[2,2,5]],"output":[[2,2,2],[3,2,2],[3,3,3],[2,2,3],[3,3,2],[2,2,3]]},{"input":[[0,6,0,0,0,0],[0,6,0,0,0,0],[0,6,0,0,6,0],[0,0,0,0,0,0],[7,7,7,7,7,7],[5,2,2,2,2,2],[2,2,2,5,5,5],[2,5,5,5,2,5],[2,5,5,5,2,5]],"output":[[2,2,3,3,3,3],[3,2,3,2,2,2],[3,3,2,2,2,2],[3,2,2,2,3,2]]}],"test":[{"input":[[0,0,6,0],[6,6,0,0],[6,0,6,6],[6,0,6,0],[7,7,7,7],[2,5,5,2],[2,5,2,5],[2,2,5,5],[2,5,2,5]],"output":[[3,2,3,3],[2,3,3,2],[2,3,3,3],[2,2,2,2]]}],"metadata":{"task_id":"xor_vstack_differentpalette_wall1","dataset_id":"solve_bool","transformation_id":"xor"}}