{"train":[{"input":[[1,1,1,3,1,1,1],[1,1,3,1,3,1,1],[3,1,1,3,1,3,1],[6,6,6,6,6,6,6],[1,1,1,1,1,1,3],[1,3,1,1,1,1,1],[1,1,1,3,1,1,3]],"output":[[5,5,5,3,5,5,3],[5,3,3,5,3,5,5],[3,5,5,5,5,3,3]]},{"input":[[1,1,1,1,3,1,1],[1,1,1,1,1,1,1],[6,6,6,6,6,6,6],[3,3,3,1,1,3,3],[1,1,3,3,1,1,1]],"output":[[3,3,3,5,3,3,3],[5,5,3,3,5,5,5]]},{"input":[[3,3,1,3],[3,3,1,1],[1,3,3,1],[1,1,3,1],[3,3,1,1],[6,6,6,6],[1,1,3,3],[3,1,1,3],[3,3,1,1],[3,3,3,1],[3,1,1,1]],"output":[[3,3,3,5],[5,3,5,3],[3,5,3,5],[3,3,5,5],[5,3,5,5]]}],"test":[{"input":[[1,3,3,1,1],[3,1,3,1,1],[3,1,3,3,3],[1,3,3,3,1],[1,1,3,1,1],[3,3,1,1,3],[6,6,6,6,6],[3,3,3,1,1],[1,3,1,1,3],[3,1,3,1,1],[1,1,1,3,3],[3,3,1,3,3],[1,1,1,3,3]],"output":[[3,5,5,5,5],[3,3,3,5,3],[5,5,5,3,3],[5,3,3,5,3],[3,3,3,3,3],[3,3,5,3,5]]},{"input":[[1,1,1,1,3],[1,1,1,3,1],[1,1,1,1,1],[1,1,1,1,1],[1,1,1,1,3],[1,1,1,1,1],[6,6,6,6,6],[1,3,3,1,1],[1,3,1,3,1],[1,1,1,1,1],[1,1,1,1,1],[1,1,1,1,1],[1,1,1,3,3]],"output":[[5,3,3,5,3],[5,3,5,5,5],[5,5,5,5,5],[5,5,5,5,5],[5,5,5,5,3],[5,5,5,3,3]]}],"metadata":{"task_id":"xor_vstack_samepalette_wall1","dataset_id":"solve_bool","transformation_id":"xor"}}