{"train":[{"input":[[5,5],[5,5],[5,5],[3,5],[5,5],[5,5],[5,5],[4,4],[7,7],[6,7],[7,7],[6,6],[7,7],[7,7],[7,6]],"output":[[2,2],[5,2],[2,2],[2,5],[2,2],[2,2],[2,5]]},{"input":[[3,5,3,5,3,5],[5,5,5,3,3,5],[5,5,5,3,5,5],[5,5,3,5,5,5],[4,4,4,4,4,4],[7,7,7,6,7,7],[7,7,7,7,7,7],[7,7,6,7,7,7],[7,7,7,7,7,7]],"output":[[5,2,5,5,5,2],[2,2,2,5,5,2],[2,2,5,5,2,2],[2,2,5,2,2,2]]},{"input":[[5,5,5,5],[5,3,5,5],[5,5,5,3],[5,3,5,3],[3,5,5,3],[5,5,3,5],[3,3,3,3],[4,4,4,4],[7,7,7,6],[7,7,7,6],[7,6,7,7],[6,7,7,6],[7,6,7,6],[6,6,7,7],[7,7,6,6]],"output":[[2,2,2,5],[2,5,2,5],[2,5,2,5],[5,5,2,2],[5,5,2,2],[5,5,5,2],[5,5,2,2]]}],"test":[{"input":[[5,5,5,5,5,3,5],[5,5,5,5,5,5,5],[4,4,4,4,4,4,4],[7,7,7,7,6,7,7],[7,6,7,7,7,7,7]],"output":[[2,2,2,2,5,5,2],[2,5,2,2,2,2,2]]}],"metadata":{"task_id":"xor_vstack_differentpalette_wall1","dataset_id":"solve_bool","transformation_id":"xor"}}