{"train":[{"input":[[5,5,5,5],[5,2,5,5],[5,5,5,5],[6,6,6,6],[6,6,6,8],[6,6,8,6]],"output":[[8,8,8,8],[8,0,8,0],[8,8,0,8]]},{"input":[[5,5,5,5,5,5],[5,5,2,5,5,5],[2,5,2,5,2,2],[5,2,2,5,2,5],[5,2,5,5,2,5],[5,5,5,5,5,5],[5,2,5,2,5,5],[8,6,6,6,6,6],[8,6,6,6,6,6],[6,6,6,8,8,6],[6,6,6,6,6,8],[6,6,8,6,6,6],[6,6,6,6,8,6],[6,6,6,6,8,6]],"output":[[0,8,8,8,8,8],[0,8,0,8,8,8],[0,8,0,0,8,0],[8,0,0,8,0,0],[8,0,0,8,0,8],[8,8,8,8,0,8],[8,0,8,0,0,8]]},{"input":[[2,5,5,5,5,5],[5,5,5,5,5,5],[6,6,8,6,6,6],[6,6,6,6,6,8]],"output":[[0,8,0,8,8,8],[8,8,8,8,8,0]]},{"input":[[5,5,5,2,2],[5,2,5,2,5],[2,2,5,5,2],[2,2,2,2,5],[5,5,5,5,5],[5,5,5,5,5],[2,2,5,5,2],[6,6,8,6,6],[6,8,6,6,6],[6,6,6,6,8],[6,6,6,6,6],[6,6,6,6,8],[6,6,6,8,8],[6,6,8,6,6]],"output":[[8,8,0,0,0],[8,8,8,0,8],[0,0,8,8,8],[0,0,0,0,8],[8,8,8,8,0],[8,8,8,0,0],[0,0,0,8,0]]}],"test":[{"input":[[5,5,5],[5,5,5],[2,5,5],[2,5,5],[6,6,6],[8,8,6],[6,8,6],[8,6,6]],"output":[[8,8,8],[0,0,8],[0,0,8],[8,8,8]]}],"metadata":{"task_id":"xor_vstack_differentpalette","dataset_id":"solve_bool","transformation_id":"xor"}}