{"train":[{"input":[[7,1,7,1,1,7,6,4,8,4,4,4,4],[1,7,1,7,1,1,6,8,4,8,4,4,8],[7,1,1,7,7,7,6,4,4,4,8,8,8]],"output":[[4,4,4,8,8,4],[4,4,4,4,8,4],[4,8,8,8,8,8]]},{"input":[[1,7,7,6,4,4,4],[1,7,7,6,4,4,4],[1,7,1,6,8,4,4],[1,1,7,6,4,4,4]],"output":[[8,4,4],[8,4,4],[4,4,8],[8,8,4]]},{"input":[[1,1,7,1,1,6,8,4,4,8,8],[1,1,1,1,7,6,4,8,8,4,4],[1,1,1,1,1,6,8,8,8,8,4],[1,7,1,7,1,6,4,4,4,4,4],[1,1,1,1,1,6,4,4,8,4,8],[1,1,7,1,7,6,4,8,4,4,4]],"output":[[4,8,4,4,4],[8,4,4,8,4],[4,4,4,4,8],[8,4,8,4,8],[8,8,4,8,4],[8,4,4,8,4]]}],"test":[{"input":[[1,7,7,6,4,4,4],[7,7,1,6,4,4,4],[1,1,7,6,4,8,4],[1,7,7,6,4,8,8],[1,1,1,6,4,8,4],[1,1,1,6,4,4,4],[7,1,1,6,4,4,4]],"output":[[8,4,4],[4,4,8],[8,4,4],[8,8,8],[8,4,8],[8,8,8],[4,8,8]]}],"metadata":{"task_id":"xor_hstack_differentpalette_wall1","dataset_id":"solve_bool","transformation_id":"xor"}}