{"train":[{"input":[[6,6,6,6,6],[6,6,6,6,6],[4,6,6,6,6],[6,6,6,4,6],[6,4,6,4,6],[6,6,6,4,6]],"output":[[0,0,0,6,0],[0,6,0,6,0],[6,0,0,6,0]]},{"input":[[6,6,4,6,6,6],[6,6,4,4,6,6],[4,6,4,6,4,4],[4,6,6,6,6,6],[4,6,4,6,6,6],[6,4,4,6,6,6]],"output":[[6,0,6,0,0,0],[6,0,0,6,0,0],[6,6,0,0,6,6]]},{"input":[[6,6,6,6,6],[6,6,6,4,4],[4,6,6,4,6],[4,6,6,6,6],[6,6,4,6,6],[4,4,4,6,6],[6,6,6,6,6],[6,6,6,6,6],[6,6,4,6,4],[4,6,6,6,6],[6,6,6,6,6],[6,6,6,6,6]],"output":[[0,0,0,0,0],[0,0,0,6,6],[6,0,6,6,6],[0,0,0,0,0],[0,0,6,0,0],[6,6,6,0,0]]},{"input":[[4,6,6],[6,6,6],[6,6,6],[6,6,6],[6,6,6],[6,6,6],[6,4,6],[6,6,6],[6,6,6],[6,6,6]],"output":[[6,0,0],[0,6,0],[0,0,0],[0,0,0],[0,0,0]]}],"test":[{"input":[[6,6,6,6,6],[4,4,6,4,4],[6,4,6,6,6],[4,6,4,4,4],[4,4,6,6,4],[6,6,4,4,6],[6,4,4,4,6],[6,4,4,4,6],[6,4,6,6,4],[4,6,6,4,4],[6,6,6,4,4],[6,4,6,4,6],[6,6,6,6,6],[6,6,4,6,4]],"output":[[0,6,6,6,0],[6,0,0,6,0],[6,6,0,6,6],[6,0,6,0,0],[6,0,0,6,6],[0,0,6,6,0],[0,6,0,6,6]]}],"metadata":{"task_id":"xor_vstack_samepalette","dataset_id":"solve_bool","transformation_id":"xor"}}