{"train":[{"input":[[6,6],[6,6],[6,8],[8,8],[6,6],[6,6],[5,5],[8,6],[6,8],[8,6],[6,6],[6,6],[6,6]],"output":[[7,5],[5,7],[7,7],[7,7],[5,5],[5,5]]},{"input":[[6,8],[6,8],[6,6],[6,6],[5,5],[6,6],[6,8],[6,8],[6,8]],"output":[[5,7],[5,5],[5,7],[5,7]]},{"input":[[6,6,6,8,6,8],[8,6,6,8,6,6],[6,8,6,6,6,6],[8,6,6,8,6,6],[5,5,5,5,5,5],[8,8,6,6,8,6],[6,6,8,8,8,6],[6,8,6,6,6,8],[6,6,6,6,8,6]],"output":[[7,7,5,7,7,7],[7,5,7,5,7,5],[5,5,5,5,5,7],[7,5,5,7,7,5]]}],"test":[{"input":[[8,6,6],[6,8,8],[8,6,8],[6,6,6],[6,6,8],[8,6,6],[5,5,5],[8,6,8],[6,6,8],[6,8,8],[8,8,6],[6,6,6],[6,8,8]],"output":[[5,5,7],[5,7,5],[7,7,5],[7,7,5],[5,5,7],[7,7,7]]},{"input":[[6,6],[6,8],[6,6],[8,8],[6,6],[8,6],[6,6],[5,5],[8,6],[8,6],[6,6],[6,6],[6,8],[8,6],[6,8]],"output":[[7,5],[7,7],[5,5],[7,7],[5,7],[5,5],[5,7]]}],"metadata":{"task_id":"xor_vstack_samepalette_wall1","dataset_id":"solve_bool","transformation_id":"xor"}}