{"train":[{"input":[[5,5,9,5,5,5,9,5],[9,9,5,5,5,5,5,5],[5,5,9,5,5,5,5,5]],"output":[[2,2,2,2],[9,9,2,2],[2,2,9,2]]},{"input":[[9,5,5,5,5,5],[9,5,5,5,5,5],[5,9,9,5,5,5],[5,5,5,9,5,5]],"output":[[9,2,2],[9,2,2],[2,9,9],[9,2,2]]}],"test":[{"input":[[9,5,5,5,9,5,5,5,9,5],[9,9,9,5,5,9,5,5,5,5],[5,9,9,5,5,5,9,5,5,5]],"output":[[9,2,2,9,9],[2,9,9,2,2],[2,2,9,2,2]]},{"input":[[5,5,5,9,5,5,5,5],[5,9,5,5,9,5,5,9],[9,5,5,5,9,5,5,5],[9,9,5,9,9,5,5,5],[9,9,5,5,9,9,5,5]],"output":[[2,2,2,9],[9,9,2,9],[2,2,2,2],[2,9,2,9],[2,2,2,2]]}],"metadata":{"task_id":"xor_hstack_samepalette","dataset_id":"solve_bool","transformation_id":"xor"}}