{"train":[{"input":[[7,6,6,6],[7,6,7,7],[7,6,7,7],[7,6,7,6],[7,7,7,7]],"output":[[1,7],[7,1],[7,1],[7,7],[7,7]]},{"input":[[7,7,7,7,6,7,6,7],[6,7,7,7,7,7,7,7],[6,7,6,7,7,7,7,6]],"output":[[1,7,1,7],[1,7,7,7],[1,7,1,1]]}],"test":[{"input":[[7,7,6,7],[7,7,7,7],[7,6,7,7]],"output":[[1,7],[7,7],[7,1]]},{"input":[[7,6,7,7,6,6,6,7,7,7,7,7,7,7],[6,6,6,6,7,7,7,7,7,7,7,7,7,7],[6,6,6,7,7,6,6,6,7,7,7,7,7,7],[7,7,6,6,6,6,6,7,7,7,6,6,6,6],[7,7,7,7,7,6,6,7,7,6,7,7,6,7],[7,7,7,6,7,7,7,6,7,7,7,7,7,7]],"output":[[7,1,7,7,1,1,1],[1,1,1,1,7,7,7],[7,1,1,7,7,1,1],[7,7,1,7,7,7,7],[7,7,1,7,7,7,1],[1,7,7,1,7,7,7]]}],"metadata":{"task_id":"xor_hstack_samepalette","dataset_id":"solve_bool","transformation_id":"xor"}}