{"train":[{"input":[[9,9,4],[4,9,4],[9,9,9],[9,4,4],[4,9,4],[9,4,4],[4,9,4],[5,8,5],[5,5,5],[8,5,5],[5,5,5],[5,5,5],[5,5,5],[8,8,5]],"output":[[3,8,8],[8,3,8],[8,3,3],[3,8,8],[8,3,8],[3,8,8],[3,8,8]]},{"input":[[4,4,9,4],[9,4,4,9],[4,4,4,4],[4,4,4,9],[8,5,8,5],[8,5,8,8],[5,5,8,8],[5,8,5,5]],"output":[[3,8,8,8],[8,8,3,8],[8,8,3,3],[8,3,8,3]]},{"input":[[9,4,4,4,4],[4,9,4,9,4],[9,4,4,9,4],[4,4,4,9,4],[8,8,5,5,8],[5,8,8,5,8],[5,5,5,5,8],[8,8,5,5,8]],"output":[[8,3,8,8,3],[8,8,3,3,3],[3,8,8,3,3],[3,3,8,3,3]]}],"test":[{"input":[[4,4,4,9,4,4],[4,4,9,4,9,9],[5,5,8,8,5,8],[8,8,8,5,5,5]],"output":[[8,8,3,8,8,3],[3,3,8,8,3,3]]}],"metadata":{"task_id":"xor_vstack_differentpalette","dataset_id":"solve_bool","transformation_id":"xor"}}