{"train":[{"input":[[8,8,8,2,8],[8,8,2,2,8],[8,8,8,8,8],[2,8,8,2,8],[8,2,2,8,8],[2,8,8,8,8],[8,8,8,2,2],[4,4,4,4,4],[2,2,8,2,2],[8,8,2,8,8],[2,2,8,8,8],[8,2,8,8,2],[8,2,2,8,2],[2,2,8,8,8],[8,2,2,8,2]],"output":[[9,9,4,4,9],[4,4,4,9,4],[9,9,4,4,4],[9,9,4,9,9],[4,4,4,4,9],[4,9,4,4,4],[4,9,9,9,4]]},{"input":[[8,8],[8,8],[2,8],[8,8],[8,2],[8,2],[4,4],[8,2],[2,8],[2,8],[2,8],[8,8],[2,2]],"output":[[4,9],[9,4],[4,4],[9,4],[4,9],[9,4]]},{"input":[[8,8,2,8],[8,8,2,8],[4,4,4,4],[8,2,8,8],[2,8,2,8]],"output":[[4,9,9,4],[9,4,4,4]]}],"test":[{"input":[[2,2,8],[2,8,8],[2,2,8],[8,8,2],[8,2,8],[4,4,4],[8,8,8],[2,2,8],[2,8,2],[8,2,2],[8,8,2]],"output":[[9,9,4],[4,9,4],[4,9,9],[4,9,4],[4,9,9]]},{"input":[[8,8,2,2,8],[8,8,8,8,8],[8,8,8,8,8],[8,2,8,2,8],[8,8,2,8,8],[4,4,4,4,4],[2,8,2,2,8],[2,2,8,8,2],[8,8,2,8,8],[2,8,8,8,8],[8,8,8,2,2]],"output":[[9,4,4,4,4],[9,9,4,4,9],[4,4,9,4,4],[9,9,4,9,4],[4,4,9,9,9]]}],"metadata":{"task_id":"xor_vstack_samepalette_wall1","dataset_id":"solve_bool","transformation_id":"xor"}}