{"train":[{"input":[[1,1,1,1,9,9,9,9],[5,5,1,1,9,9,9,9],[5,5,5,5,9,4,9,9],[1,5,1,5,9,9,9,9]],"output":[[0,0,0,0],[9,9,0,0],[9,0,9,9],[0,9,0,9]]},{"input":[[5,1,1,5,1,9,9,4,4,9],[5,1,1,1,1,9,9,4,9,9],[1,5,5,1,5,9,9,9,9,9]],"output":[[9,0,9,0,0],[9,0,9,0,0],[0,9,9,0,9]]}],"test":[{"input":[[1,5,5,4,9,9],[1,5,5,9,9,9],[1,1,5,9,9,9],[5,5,1,4,9,4],[1,1,1,9,9,4],[1,5,5,4,4,4]],"output":[[9,9,9],[0,9,9],[0,0,9],[0,9,9],[0,0,9],[9,0,0]]},{"input":[[1,5,1,9,9,9],[1,5,5,4,4,4],[1,1,1,4,9,9],[1,1,1,4,9,9],[1,1,1,9,4,4],[1,1,1,4,9,4]],"output":[[0,9,0],[9,0,0],[9,0,0],[9,0,0],[0,9,9],[9,0,9]]}],"metadata":{"task_id":"xor_hstack_differentpalette","dataset_id":"solve_bool","transformation_id":"xor"}}