{"train":[{"input":[[1,7,1],[7,1,1],[7,7,7],[7,1,1],[1,7,1],[7,7,1],[1,1,1],[1,1,1],[1,1,1],[1,1,7],[1,1,1],[1,1,1]],"output":[[8,1,8],[1,8,8],[1,1,1],[1,8,1],[8,1,8],[1,1,8]]},{"input":[[7,1,1,1,1],[1,1,1,7,1],[1,1,1,1,7],[1,7,7,7,1],[1,7,1,7,1],[7,1,7,7,1],[7,1,1,1,1],[1,7,7,1,1]],"output":[[1,1,8,1,8],[1,8,1,8,8],[1,8,8,8,1],[8,8,8,1,8]]}],"test":[{"input":[[1,1],[1,1],[1,7],[7,1],[7,1],[1,1],[1,1],[1,1]],"output":[[1,8],[8,8],[8,1],[1,8]]},{"input":[[1,1],[1,1],[1,7],[1,1],[7,1],[1,1]],"output":[[8,8],[1,8],[8,1]]}],"metadata":{"task_id":"xor_vstack_samepalette","dataset_id":"solve_bool","transformation_id":"xor"}}