{"train":[{"input":[[9,2],[2,9],[2,9],[2,9],[9,9],[9,2],[9,9],[0,5],[5,0],[5,5],[5,0],[5,0],[0,5],[5,5]],"output":[[7,7],[7,7],[7,3],[7,7],[3,7],[7,7],[3,3]]},{"input":[[9,9,2,2,2,9,9],[9,9,9,9,2,9,9],[2,2,2,2,9,9,9],[9,9,9,9,9,9,2],[9,9,2,9,9,9,9],[9,2,9,9,9,9,2],[5,5,5,5,5,5,5],[5,5,5,5,5,5,5],[5,5,5,5,0,5,5],[5,5,5,5,5,0,0],[5,5,5,5,5,5,5],[5,5,5,0,5,5,5]],"output":[[3,3,7,7,7,3,3],[3,3,3,3,7,3,3],[7,7,7,7,7,3,3],[3,3,3,3,3,7,3],[3,3,7,3,3,3,3],[3,7,3,7,3,3,7]]},{"input":[[9,9,9,9,9],[2,9,2,9,2],[2,9,9,9,9],[5,5,5,0,0],[0,5,5,5,5],[5,5,5,5,5]],"output":[[3,3,3,7,7],[3,3,7,3,7],[7,3,3,3,3]]},{"input":[[9,9,2,9,9,9],[9,9,9,2,2,9],[9,2,2,9,9,2],[9,2,2,9,9,9],[9,9,9,9,2,9],[5,5,5,5,5,5],[0,5,0,5,0,5],[5,5,0,0,0,5],[0,5,5,5,5,5],[5,5,5,0,5,0]],"output":[[3,3,7,3,3,3],[7,3,7,7,3,3],[3,7,3,7,7,7],[7,7,7,3,3,3],[3,3,3,7,7,7]]}],"test":[{"input":[[9,9],[2,2],[9,2],[5,5],[5,5],[0,5]],"output":[[3,3],[7,7],[7,7]]},{"input":[[9,9,9,2,9],[2,2,9,9,2],[5,0,5,0,5],[5,5,0,5,0]],"output":[[3,7,3,3,3],[7,7,7,3,3]]}],"metadata":{"task_id":"xor_vstack_differentpalette","dataset_id":"solve_bool","transformation_id":"xor"}}