{"train":[{"input":[[9,9,4],[4,4,4],[4,9,9],[9,4,4],[9,9,4],[4,9,4],[9,9,4],[3,3,3],[0,0,0],[0,0,0],[0,1,1],[0,1,0],[0,1,0],[0,1,0],[0,1,0]],"output":[[4,4,0],[0,0,0],[0,0,0],[4,4,0],[4,0,0],[0,0,0],[4,0,0]]},{"input":[[4,4],[4,9],[4,9],[3,3],[0,0],[1,0],[1,0]],"output":[[0,0],[4,4],[4,4]]},{"input":[[4,9,9],[4,4,4],[4,9,4],[9,4,4],[3,3,3],[0,0,1],[0,1,0],[0,0,0],[0,1,0]],"output":[[0,4,0],[0,4,0],[0,4,0],[4,4,0]]},{"input":[[4,4,4,4,9,4],[4,4,4,4,4,4],[4,4,4,9,4,4],[9,4,4,4,4,4],[9,4,4,4,4,4],[4,4,4,4,4,4],[4,4,4,4,4,4],[3,3,3,3,3,3],[0,0,0,0,0,0],[0,1,0,0,0,0],[0,0,0,0,0,0],[0,0,0,0,0,0],[1,1,0,0,0,0],[0,0,0,0,0,0],[0,0,0,1,0,0]],"output":[[0,0,0,0,4,0],[0,4,0,0,0,0],[0,0,0,4,0,0],[4,0,0,0,0,0],[0,4,0,0,0,0],[0,0,0,0,0,0],[0,0,0,4,0,0]]}],"test":[{"input":[[9,4,4,4,4,9,4],[4,4,4,4,4,4,4],[4,4,4,4,4,4,4],[3,3,3,3,3,3,3],[1,1,0,0,1,0,0],[0,1,1,0,0,0,1],[1,1,1,0,0,0,1]],"output":[[0,4,0,0,4,4,0],[0,4,4,0,0,0,4],[4,4,4,0,0,0,4]]}],"metadata":{"task_id":"xor_vstack_differentpalette_wall1","dataset_id":"solve_bool","transformation_id":"xor"}}