{"train":[{"input":[[8,8,9,8,9,9,9],[9,8,8,9,9,9,9],[5,5,5,5,5,5,5],[9,9,9,8,9,9,9],[9,9,9,9,9,9,9]],"output":[[7,7,1,1,1,1,1],[1,7,7,1,1,1,1]]},{"input":[[9,9,9,8,9],[9,9,9,9,9],[5,5,5,5,5],[9,9,9,9,9],[8,9,9,8,9]],"output":[[1,1,1,7,1],[7,1,1,7,1]]}],"test":[{"input":[[9,9,9,9,9,9],[8,9,8,8,9,8],[9,9,9,8,8,8],[9,9,9,8,9,8],[9,9,9,9,8,9],[9,8,9,8,8,9],[9,8,9,9,8,8],[5,5,5,5,5,5],[8,8,8,9,8,9],[9,9,9,9,9,8],[9,9,9,9,9,9],[9,8,9,8,9,9],[9,9,9,8,9,9],[9,9,8,8,9,9],[9,9,8,9,9,8]],"output":[[7,7,7,1,7,1],[7,1,7,7,1,1],[1,1,1,7,7,7],[1,7,1,1,1,7],[1,1,1,7,7,1],[1,7,7,1,7,1],[1,7,7,1,7,1]]},{"input":[[9,9],[8,9],[9,9],[8,8],[9,8],[8,8],[5,5],[9,9],[8,8],[8,8],[9,8],[9,9],[9,8]],"output":[[1,1],[1,7],[7,7],[7,1],[1,7],[7,1]]}],"metadata":{"task_id":"xor_vstack_samepalette_wall1","dataset_id":"solve_bool","transformation_id":"xor"}}