{"train":[{"input":[[9,9,7,9,9,9,9,5,9,9,7,7,7,7,9],[9,9,7,9,9,9,7,5,9,7,9,9,7,9,9],[9,9,7,9,9,9,9,5,9,9,9,7,7,9,9]],"output":[[6,6,6,2,2,2,6],[6,2,2,6,2,6,2],[6,6,2,2,2,6,6]]},{"input":[[9,9,9,9,9,9,9,5,9,9,9,9,7,9,9],[9,9,9,9,9,7,9,5,7,7,9,7,7,7,7]],"output":[[6,6,6,6,2,6,6],[2,2,6,2,2,6,2]]},{"input":[[9,9,9,5,9,9,7],[9,9,7,5,9,9,9],[9,7,9,5,9,7,9],[7,9,9,5,9,7,9],[7,9,9,5,9,7,9]],"output":[[6,6,2],[6,6,2],[6,6,6],[2,2,6],[2,2,6]]},{"input":[[7,9,9,9,5,9,7,9,7],[9,9,7,9,5,9,7,9,9],[9,9,7,9,5,7,7,9,7],[9,9,9,9,5,7,9,9,9],[9,9,9,9,5,9,9,9,7],[9,7,9,9,5,9,9,7,9]],"output":[[2,2,6,2],[6,2,2,6],[2,2,2,2],[2,6,6,6],[6,6,6,2],[6,2,2,6]]}],"test":[{"input":[[9,9,9,9,9,5,7,9,9,9,7],[9,9,9,7,9,5,7,7,7,9,9],[9,9,9,9,9,5,9,7,9,9,9]],"output":[[2,6,6,6,2],[2,2,2,2,6],[6,2,6,6,6]]}],"metadata":{"task_id":"xor_hstack_samepalette_wall1","dataset_id":"solve_bool","transformation_id":"xor"}}