{"train":[{"input":[[5,0,5,5,5],[5,5,0,5,0],[5,5,5,5,5],[5,0,5,5,5],[5,5,0,5,5],[2,2,2,2,2],[1,1,1,6,6],[6,6,6,1,1],[1,6,6,6,6],[6,6,6,6,6],[6,6,1,6,6]],"output":[[5,1,5,1,1],[1,1,5,5,1],[5,1,1,1,1],[1,5,1,1,1],[1,1,1,1,1]]},{"input":[[5,5,5,0],[5,5,5,5],[0,5,5,5],[2,2,2,2],[1,1,6,6],[1,6,6,6],[6,6,6,1]],"output":[[5,5,1,5],[5,1,1,1],[5,1,1,5]]}],"test":[{"input":[[0,5,0,5,0,5,5],[0,5,0,0,0,5,5],[5,0,5,0,0,0,5],[5,5,5,5,0,5,0],[5,5,5,5,0,5,5],[2,2,2,2,2,2,2],[6,6,6,6,6,6,6],[6,6,6,6,6,6,6],[6,6,6,6,6,6,6],[6,6,6,6,1,6,6],[6,6,6,1,6,1,6]],"output":[[5,1,5,1,5,1,1],[5,1,5,5,5,1,1],[1,5,1,5,5,5,1],[1,1,1,1,1,1,5],[1,1,1,5,5,5,1]]}],"metadata":{"task_id":"xor_vstack_differentpalette_wall1","dataset_id":"solve_bool","transformation_id":"xor"}}