{"train":[{"input":[[0,6,0,7,0,0,0],[6,0,6,7,0,0,0],[0,0,6,7,0,0,0],[0,6,6,7,0,6,0],[0,0,0,7,0,0,0],[0,6,0,7,0,0,0],[0,6,0,7,0,0,6]],"output":[[2,9,2],[9,2,9],[2,2,9],[2,2,9],[2,2,2],[2,9,2],[2,9,9]]},{"input":[[0,0,0,0,0,6,0,7,0,6,0,0,0,0,0],[0,0,0,0,0,0,0,7,0,0,0,0,0,6,0]],"output":[[2,9,2,2,2,9,2],[2,2,2,2,2,9,2]]}],"test":[{"input":[[0,6,0,0,0,7,0,0,0,0,0],[6,0,0,6,6,7,0,0,0,0,0],[6,6,0,6,0,7,0,0,0,6,0]],"output":[[2,9,2,2,2],[9,2,2,9,9],[9,9,2,2,2]]},{"input":[[0,0,0,7,0,0,0],[0,6,0,7,6,0,6],[0,0,0,7,0,0,6],[0,0,0,7,6,6,6]],"output":[[2,2,2],[9,9,9],[2,2,9],[9,9,9]]}],"metadata":{"task_id":"xor_hstack_samepalette_wall1","dataset_id":"solve_bool","transformation_id":"xor"}}