{"train":[{"input":[[4,4,4,2,4,4,4,5,5,5,5,9,5,9],[4,4,4,4,4,4,4,5,9,5,9,5,5,5],[4,4,4,4,2,4,4,5,5,5,5,5,5,9],[4,4,4,4,4,4,4,5,5,5,5,5,5,9],[4,2,4,4,4,4,4,5,5,5,5,5,5,9]],"output":[[7,7,7,9,9,7,9],[7,9,7,9,7,7,7],[7,7,7,7,9,7,9],[7,7,7,7,7,7,9],[7,9,7,7,7,7,9]]},{"input":[[4,4,4,9,5,5],[4,4,4,5,5,9],[4,4,4,5,5,5],[4,4,4,5,5,5],[4,2,4,5,5,5],[4,4,4,9,5,5]],"output":[[9,7,7],[7,7,9],[7,7,7],[7,7,7],[7,9,7],[9,7,7]]}],"test":[{"input":[[4,4,4,4,2,4,4,9,5,9,5,9,9,9],[2,4,4,4,4,4,4,9,9,5,5,5,5,5],[4,4,4,4,4,4,4,5,5,5,5,9,9,5],[4,4,4,4,4,4,4,9,5,5,9,9,9,9]],"output":[[9,7,9,7,7,9,9],[7,9,7,7,7,7,7],[7,7,7,7,9,9,7],[9,7,7,9,9,9,9]]},{"input":[[2,2,5,9],[4,4,5,9],[2,4,5,5],[4,2,9,5],[4,4,5,5],[4,4,5,9],[4,4,5,9]],"output":[[9,7],[7,9],[9,7],[9,9],[7,7],[7,9],[7,9]]}],"metadata":{"task_id":"xor_hstack_differentpalette","dataset_id":"solve_bool","transformation_id":"xor"}}