{"train":[{"input":[[2,2,0],[2,2,2],[2,2,2],[2,2,2],[4,4,4],[2,2,2],[2,2,0],[0,2,2],[0,0,2]],"output":[[7,7,6],[7,7,6],[6,7,7],[6,6,7]]},{"input":[[2,0,2],[2,0,2],[2,2,2],[2,2,2],[2,0,2],[0,2,2],[2,2,2],[4,4,4],[0,2,0],[2,2,2],[2,2,0],[2,2,2],[0,0,2],[2,0,0],[0,0,0]],"output":[[6,6,6],[7,6,7],[7,7,6],[7,7,7],[6,7,7],[6,6,6],[6,6,6]]},{"input":[[2,2,2,2,2,2],[2,0,2,0,2,2],[0,2,0,2,2,2],[2,2,2,0,2,0],[2,2,0,0,0,2],[4,4,4,4,4,4],[2,2,0,0,2,2],[2,2,2,2,2,2],[2,2,2,2,2,2],[2,2,0,0,2,0],[2,0,2,0,0,0]],"output":[[7,7,6,6,7,7],[7,6,7,6,7,7],[6,7,6,7,7,7],[7,7,6,7,7,7],[7,6,6,7,7,6]]},{"input":[[2,2,0],[0,2,0],[0,2,2],[2,2,2],[0,0,2],[0,0,0],[2,0,2],[4,4,4],[0,2,2],[2,0,2],[2,2,2],[2,0,2],[0,2,0],[2,0,2],[2,2,2]],"output":[[6,7,6],[6,6,6],[6,7,7],[7,6,7],[7,6,6],[6,7,6],[7,6,7]]}],"test":[{"input":[[2,0,2,2,2,2],[0,2,0,2,2,2],[2,2,0,0,0,0],[4,4,4,4,4,4],[2,2,2,2,2,2],[0,2,2,2,2,2],[2,2,2,2,2,2]],"output":[[7,6,7,7,7,7],[7,7,6,7,7,7],[7,7,6,6,6,6]]}],"metadata":{"task_id":"xor_vstack_samepalette_wall1","dataset_id":"solve_bool","transformation_id":"xor"}}