{"train":[{"input":[[8,0,0,0],[8,0,8,8],[0,8,0,0],[8,8,8,8],[0,8,8,8],[0,0,8,8],[8,8,8,8],[8,0,8,8],[0,0,8,8],[8,8,0,8]],"output":[[0,5,0,0],[5,0,5,5],[0,0,0,0],[0,0,5,5],[0,5,0,5]]},{"input":[[8,8,8,0,8,8],[8,8,8,8,8,8],[8,8,8,8,8,8],[0,0,8,8,0,0],[0,8,8,8,8,0],[8,8,0,8,0,0]],"output":[[0,0,5,0,0,0],[0,5,5,5,5,0],[5,5,0,5,0,0]]}],"test":[{"input":[[8,8,8,8,8,8,8],[8,8,8,8,8,8,8],[0,8,8,0,8,0,8],[8,8,8,8,8,8,8],[8,8,8,8,8,8,8],[8,8,8,8,8,8,8],[0,8,8,8,8,8,8],[8,8,8,0,8,8,0],[8,8,8,8,8,8,0],[8,0,8,0,8,8,8],[0,8,8,8,0,8,8],[8,8,8,8,8,0,8],[8,8,8,8,8,8,0],[8,8,8,8,8,8,8]],"output":[[5,5,5,0,5,5,0],[5,5,5,5,5,5,0],[0,0,5,5,5,0,5],[0,5,5,5,0,5,5],[5,5,5,5,5,0,5],[5,5,5,5,5,5,0],[0,5,5,5,5,5,5]]}],"metadata":{"task_id":"xor_vstack_samepalette","dataset_id":"solve_bool","transformation_id":"xor"}}