{"train":[{"input":[[2,2,2,2,9,2],[2,2,2,9,2,2],[2,2,2,2,9,2],[9,9,9,9,9,9],[9,2,2,9,2,9],[6,6,6,6,6,6],[2,2,2,9,2,2],[9,9,2,2,2,9],[2,9,2,2,2,2],[9,9,2,2,2,2],[2,9,2,2,9,2]],"output":[[6,6,6,4,4,6],[4,4,6,4,6,4],[6,4,6,6,4,6],[6,6,4,4,4,4],[4,4,6,4,4,4]]},{"input":[[2,9,2,2,9,9],[2,2,9,2,2,9],[2,2,2,9,2,9],[2,2,9,9,9,9],[2,9,2,2,9,2],[9,2,2,2,2,2],[6,6,6,6,6,6],[2,2,2,2,2,2],[9,2,9,9,2,2],[9,2,2,2,9,9],[2,9,2,2,9,2],[2,2,9,2,9,9],[2,2,9,9,2,9]],"output":[[6,4,6,6,4,4],[4,6,6,4,6,4],[4,6,6,4,4,6],[6,4,4,4,6,4],[6,4,4,6,6,4],[4,6,4,4,6,4]]},{"input":[[2,2],[2,9],[2,2],[6,6],[2,2],[2,9],[2,9]],"output":[[6,6],[6,6],[6,4]]}],"test":[{"input":[[2,9,9,9,2],[2,9,9,9,2],[9,2,9,9,2],[2,2,2,2,9],[6,6,6,6,6],[2,2,2,9,9],[9,2,9,2,9],[9,2,2,9,2],[2,9,2,2,2]],"output":[[6,4,4,6,4],[4,4,6,4,4],[6,6,4,6,6],[6,4,6,6,4]]}],"metadata":{"task_id":"xor_vstack_samepalette_wall1","dataset_id":"solve_bool","transformation_id":"xor"}}