{"train":[{"input":[[5,5,2,2,2,2,5],[2,2,2,2,2,2,5],[2,2,5,2,5,5,5],[5,2,2,5,2,2,5],[2,5,5,5,2,2,5],[5,5,2,5,5,5,2],[2,5,5,2,2,5,5],[6,6,6,6,6,6,6],[9,9,4,4,4,4,4],[4,9,4,4,4,4,4],[4,4,4,4,4,4,4],[4,9,4,9,4,4,4],[4,4,4,9,4,4,4],[9,4,4,4,9,4,9],[4,4,4,4,4,4,4]],"output":[[2,2,2,2,2,2,3],[2,3,2,2,2,2,3],[2,2,3,2,3,3,3],[3,3,2,2,2,2,3],[2,3,3,2,2,2,3],[2,3,2,3,2,3,3],[2,3,3,2,2,3,3]]},{"input":[[2,5,2,2,2,5],[5,2,2,5,2,5],[2,2,5,5,5,2],[5,2,2,2,2,5],[2,2,2,5,5,2],[6,6,6,6,6,6],[4,9,4,4,4,4],[9,9,9,4,9,4],[9,9,4,4,9,9],[4,9,9,9,4,4],[4,4,9,4,9,9]],"output":[[2,2,2,2,2,3],[2,3,3,3,3,3],[3,3,3,3,2,3],[3,3,3,3,2,3],[2,2,3,3,2,3]]},{"input":[[2,2],[2,5],[2,2],[2,2],[2,2],[2,2],[6,6],[4,4],[9,9],[4,4],[9,4],[4,9],[4,4]],"output":[[2,2],[3,2],[2,2],[3,2],[2,3],[2,2]]}],"test":[{"input":[[2,2,2,2,2,2],[2,2,2,2,2,2],[2,2,2,2,5,2],[2,5,5,5,2,2],[2,2,2,2,2,2],[2,2,2,5,2,2],[2,5,5,2,2,5],[6,6,6,6,6,6],[4,4,4,4,4,4],[4,4,9,4,4,4],[4,9,4,4,4,4],[4,4,4,4,4,4],[4,4,4,4,9,4],[4,4,4,4,4,4],[4,4,4,4,4,9]],"output":[[2,2,2,2,2,2],[2,2,3,2,2,2],[2,3,2,2,3,2],[2,3,3,3,2,2],[2,2,2,2,3,2],[2,2,2,3,2,2],[2,3,3,2,2,2]]},{"input":[[5,2,5,2,2],[2,5,5,2,5],[2,2,5,2,2],[6,6,6,6,6],[9,4,4,9,4],[4,4,4,4,9],[4,4,4,4,4]],"output":[[2,2,3,3,2],[2,3,3,2,2],[2,2,3,2,2]]}],"metadata":{"task_id":"xor_vstack_differentpalette_wall1","dataset_id":"solve_bool","transformation_id":"xor"}}