{"train":[{"input":[[7,1,7,7,4,8,8,0,0],[7,7,7,7,4,8,8,8,0],[7,7,7,7,4,8,8,0,0],[7,1,7,1,4,0,8,0,0]],"output":[[0,4,4,4],[0,0,0,4],[0,0,4,4],[4,4,4,0]]},{"input":[[7,7,7,7,7,1,7,4,8,8,8,8,0,0,0],[7,7,7,7,1,7,7,4,0,0,0,8,8,8,0]],"output":[[0,0,0,0,4,0,4],[4,4,4,0,4,0,4]]},{"input":[[7,1,1,4,8,8,8],[7,7,1,4,0,8,8],[7,1,1,4,8,8,0],[1,7,7,4,0,0,0],[1,7,7,4,8,0,8],[7,1,7,4,8,8,0],[7,7,7,4,0,8,8]],"output":[[0,4,4],[4,0,4],[0,4,0],[0,4,4],[4,4,0],[0,4,4],[4,0,0]]},{"input":[[7,7,4,0,8],[1,7,4,0,8],[1,7,4,8,8],[7,7,4,8,8],[7,1,4,0,0],[7,1,4,0,0]],"output":[[4,0],[0,0],[4,0],[0,0],[4,0],[4,0]]}],"test":[{"input":[[1,7,1,7,1,7,1,4,8,8,0,8,0,0,0],[1,1,7,7,7,1,7,4,8,0,0,0,8,0,8],[7,7,7,1,7,1,1,4,8,0,8,8,8,0,8]],"output":[[4,0,0,0,0,4,0],[4,0,4,4,0,0,0],[0,4,0,4,0,0,4]]},{"input":[[1,7,4,8,8],[7,1,4,0,8],[7,7,4,8,0]],"output":[[4,0],[4,4],[0,4]]}],"metadata":{"task_id":"xor_hstack_differentpalette_wall1","dataset_id":"solve_bool","transformation_id":"xor"}}