{"train":[{"input":[[8,6,6,8,8,6,6,6],[8,8,8,8,8,8,8,8]],"output":[[0,0,0,6],[0,0,0,0]]},{"input":[[8,8,8,6,6,8],[8,8,8,6,8,8],[8,8,8,8,8,6],[8,6,8,8,8,8],[8,8,8,8,8,6],[8,6,8,8,8,8],[8,8,8,6,8,8]],"output":[[6,6,0],[6,0,0],[0,0,6],[0,6,0],[0,0,6],[0,6,0],[6,0,0]]},{"input":[[8,8,8,8,8,8,8,8,8,8,8,6,6,6],[8,8,8,8,6,6,6,8,8,8,6,8,8,8],[8,8,8,8,8,8,8,6,6,8,6,8,8,6],[8,8,8,8,8,6,8,8,8,8,8,6,6,6],[6,8,8,8,8,6,6,8,8,8,8,6,8,8],[8,8,8,8,6,8,8,8,6,6,8,8,8,8],[8,8,8,8,8,8,6,8,8,8,8,8,8,8]],"output":[[0,0,0,0,6,6,6],[0,0,0,6,6,6,6],[6,6,0,6,0,0,6],[0,0,0,0,6,0,6],[6,0,0,0,6,6,6],[0,6,6,0,6,0,0],[0,0,0,0,0,0,6]]}],"test":[{"input":[[8,6,8,8],[8,8,8,6]],"output":[[0,6],[0,6]]}],"metadata":{"task_id":"xor_hstack_samepalette","dataset_id":"solve_bool","transformation_id":"xor"}}