{"train":[{"input":[[3,7,7,3,3,3],[3,7,3,7,3,7],[3,3,7,3,7,7],[3,3,3,7,3,3],[5,5,5,5,5,5],[4,4,9,4,9,4],[4,9,4,9,4,4],[9,9,4,4,4,4],[4,4,9,9,9,4]],"output":[[3,9,3,3,9,3],[3,3,3,3,3,9],[9,9,9,3,9,9],[3,3,9,3,9,3]]},{"input":[[3,3,3],[7,7,7],[7,7,3],[3,3,7],[7,3,7],[3,7,3],[5,5,5],[4,9,4],[4,4,4],[4,9,4],[4,4,4],[9,4,4],[4,4,4]],"output":[[3,9,3],[9,9,9],[9,3,3],[3,3,9],[3,3,9],[3,9,3]]},{"input":[[7,3],[7,7],[3,3],[7,3],[3,3],[5,5],[4,4],[4,9],[4,9],[9,9],[4,4]],"output":[[9,3],[9,3],[3,9],[3,9],[3,3]]}],"test":[{"input":[[7,3,3],[7,3,3],[7,3,3],[3,7,3],[3,3,7],[3,3,3],[5,5,5],[4,4,4],[4,4,4],[9,4,4],[9,4,9],[4,4,4],[4,4,4]],"output":[[9,3,3],[9,3,3],[3,3,3],[9,9,9],[3,3,9],[3,3,3]]},{"input":[[3,7],[3,3],[5,5],[4,9],[9,4]],"output":[[3,3],[9,3]]}],"metadata":{"task_id":"xor_vstack_differentpalette_wall1","dataset_id":"solve_bool","transformation_id":"xor"}}