{"train":[{"input":[[0,8,2,7,7],[8,8,2,7,4],[8,8,2,7,7],[0,0,2,4,7],[8,8,2,4,4]],"output":[[1,4],[4,1],[4,4],[4,1],[1,1]]},{"input":[[0,8,8,8,8,2,7,7,4,4,4],[8,0,8,8,0,2,7,7,4,7,4],[0,8,8,8,8,2,7,7,7,7,7],[8,8,8,8,0,2,7,4,7,4,7],[0,8,8,8,8,2,4,4,7,7,4],[0,8,0,8,8,2,7,7,4,7,7],[8,0,8,8,0,2,4,7,4,7,4]],"output":[[1,4,1,1,1],[4,1,1,4,4],[1,4,4,4,4],[4,1,4,1,1],[4,1,4,4,1],[1,4,4,4,4],[1,1,1,4,4]]}],"test":[{"input":[[8,8,8,8,8,8,0,2,4,4,4,4,7,4,7],[8,8,8,8,8,8,0,2,7,7,7,7,4,7,7],[8,8,8,8,8,8,8,2,7,4,7,4,7,4,4]],"output":[[1,1,1,1,4,1,1],[4,4,4,4,1,4,1],[4,1,4,1,4,1,1]]},{"input":[[8,8,2,4,4],[8,8,2,7,7],[8,8,2,7,4],[0,8,2,7,4],[8,0,2,4,7]],"output":[[1,1],[4,4],[4,1],[1,1],[1,1]]}],"metadata":{"task_id":"xor_hstack_differentpalette_wall1","dataset_id":"solve_bool","transformation_id":"xor"}}