{"train":[{"input":[[6,6,6,6,4,6],[6,6,6,4,6,6],[6,4,6,6,6,6],[6,6,6,6,6,6],[6,6,6,6,6,6],[6,6,6,6,6,6],[1,1,1,1,1,1],[1,1,1,2,1,1],[1,1,1,1,2,2],[2,2,1,1,2,1],[1,1,1,2,1,1],[2,2,1,1,2,1]],"output":[[4,4,4,4,6,4],[4,4,4,4,4,4],[4,6,4,4,6,6],[6,6,4,4,6,4],[4,4,4,6,4,4],[6,6,4,4,6,4]]},{"input":[[6,6,6,6],[4,4,4,6],[4,4,6,4],[1,1,1,1],[1,1,2,1],[1,1,1,1]],"output":[[4,4,4,4],[6,6,4,4],[6,6,4,6]]},{"input":[[6,6,6,6,4],[4,6,4,6,6],[6,6,4,6,6],[2,1,1,1,2],[2,1,1,1,1],[2,1,1,1,1]],"output":[[6,4,4,4,4],[4,4,6,4,4],[6,4,6,4,4]]}],"test":[{"input":[[6,4,6,4,6],[6,6,4,6,4],[4,6,6,4,6],[6,6,6,6,4],[6,4,4,4,6],[6,4,6,6,6],[4,4,6,4,6],[2,1,2,1,1],[1,1,1,1,1],[1,1,1,1,1],[1,1,1,1,1],[1,1,1,1,1],[2,1,1,1,1],[1,1,1,1,1]],"output":[[6,6,6,6,4],[4,4,6,4,6],[6,4,4,6,4],[4,4,4,4,6],[4,6,6,6,4],[6,6,4,4,4],[6,6,4,6,4]]}],"metadata":{"task_id":"xor_vstack_differentpalette","dataset_id":"solve_bool","transformation_id":"xor"}}