{"train":[{"input":[[6,6,6,1,6,6,6,6,6,1,6,6],[6,1,1,6,6,6,6,6,1,6,6,6],[1,1,6,1,6,1,1,6,6,1,1,6],[6,1,1,6,6,6,6,1,6,1,6,1],[1,6,1,6,6,6,1,6,1,1,6,1],[6,6,6,1,6,6,1,1,1,6,6,1],[6,6,1,1,1,1,1,6,1,1,1,1]],"output":[[3,3,3,3,3,3],[3,9,3,3,3,3],[3,9,3,3,9,9],[3,3,9,9,3,9],[3,3,3,9,3,9],[9,9,9,9,3,9],[9,3,3,3,3,3]]},{"input":[[6,6,1,6,6,6,1,1,6,6],[6,1,6,6,6,1,1,6,6,6],[6,6,6,1,1,1,1,6,6,6],[1,6,6,6,1,6,1,1,1,1]],"output":[[3,9,3,3,3],[9,3,3,3,3],[9,9,3,9,9],[9,9,9,9,3]]},{"input":[[1,6,1,6,1,6,6,6,6,6],[1,6,6,1,6,6,6,6,6,1],[1,6,6,6,6,6,6,6,6,6],[6,6,1,1,1,6,6,6,6,6],[6,1,6,6,6,6,1,6,6,6]],"output":[[9,3,9,3,9],[9,3,3,9,9],[9,3,3,3,3],[3,3,9,9,9],[3,3,3,3,3]]}],"test":[{"input":[[1,1,6,6,6,6],[1,6,6,6,6,1]],"output":[[9,9,3],[9,3,9]]},{"input":[[6,6,6,6,6,6],[6,6,1,1,1,1],[6,6,6,1,6,1],[6,6,6,6,6,1],[6,6,6,1,1,6],[6,6,6,1,6,1],[6,1,6,6,6,6]],"output":[[3,3,3],[9,9,3],[9,3,9],[3,3,9],[9,9,3],[9,3,9],[3,9,3]]}],"metadata":{"task_id":"xor_hstack_samepalette","dataset_id":"solve_bool","transformation_id":"xor"}}