{"train":[{"input":[[6,6,6,5,7,0,2,2,2],[5,6,6,6,7,0,0,0,0],[6,6,6,6,7,0,2,2,0],[6,5,6,6,7,2,2,0,2],[6,6,6,6,7,0,0,0,0],[6,6,6,5,7,2,0,0,0]],"output":[[8,2,2,8],[2,8,8,8],[8,2,2,8],[2,8,8,2],[8,8,8,8],[2,8,8,2]]},{"input":[[6,6,7,0,0],[5,5,7,2,0],[6,6,7,0,0]],"output":[[8,8],[8,2],[8,8]]},{"input":[[6,6,6,6,6,6,7,0,0,0,2,0,0],[6,5,6,6,6,6,7,0,0,0,0,0,0]],"output":[[8,8,8,2,8,8],[8,2,8,8,8,8]]},{"input":[[5,5,7,0,2],[6,6,7,0,2],[5,5,7,0,0],[6,6,7,2,2],[6,6,7,2,0],[6,6,7,2,0],[6,5,7,2,0]],"output":[[2,8],[8,2],[2,2],[2,2],[2,8],[2,8],[2,2]]}],"test":[{"input":[[6,6,7,0,0],[6,5,7,0,0],[6,6,7,0,2]],"output":[[8,8],[8,2],[8,2]]}],"metadata":{"task_id":"xor_hstack_differentpalette_wall1","dataset_id":"solve_bool","transformation_id":"xor"}}