{"train":[{"input":[[3,3,3,3,3],[3,3,3,3,3],[3,3,3,3,3],[3,3,3,3,3],[3,3,3,3,3],[3,3,3,3,5],[3,5,5,3,3],[2,8,8,2,2],[2,2,8,2,8],[8,8,2,8,8],[2,2,2,2,8],[8,8,8,8,8],[2,2,2,2,2],[8,2,8,8,2]],"output":[[3,9,9,3,3],[3,3,9,3,9],[9,9,3,9,9],[3,3,3,3,9],[9,9,9,9,9],[3,3,3,3,9],[9,9,3,9,3]]},{"input":[[3,5,5,3,5],[5,5,3,5,3],[5,3,5,3,5],[3,3,5,3,5],[3,5,3,3,5],[5,5,3,5,3],[3,3,3,3,5],[8,2,2,8,2],[2,2,2,2,2],[2,2,2,2,2],[2,2,2,2,2],[2,2,2,2,2],[2,2,2,2,2],[2,8,2,2,2]],"output":[[9,9,9,9,9],[9,9,3,9,3],[9,3,9,3,9],[3,3,9,3,9],[3,9,3,3,9],[9,9,3,9,3],[3,9,3,3,9]]}],"test":[{"input":[[3,3,3,3,3,5],[3,3,3,5,5,3],[2,8,2,2,2,2],[2,2,2,2,2,8]],"output":[[3,9,3,3,3,9],[3,3,3,9,9,9]]}],"metadata":{"task_id":"xor_vstack_differentpalette","dataset_id":"solve_bool","transformation_id":"xor"}}