{"train":[{"input":[[3,6,6,6,3,6,3,6,6,6,6,6],[6,6,6,6,6,3,6,6,6,6,6,6],[3,3,6,3,3,3,6,6,3,3,6,3],[6,6,6,6,6,3,6,6,6,6,6,6]],"output":[[7,7,7,7,3,7],[7,7,7,7,7,3],[3,3,3,7,3,7],[7,7,7,7,7,3]]},{"input":[[6,6,6,6,6,6,3,3,6,3],[6,6,3,6,6,3,3,6,6,6],[6,6,6,6,6,6,3,3,6,3],[6,6,6,6,6,6,6,6,3,3],[6,6,3,6,6,6,6,3,6,3]],"output":[[7,3,3,7,3],[3,3,3,7,7],[7,3,3,7,3],[7,7,7,3,3],[7,7,7,7,3]]},{"input":[[6,6,6,6,3,3],[6,6,6,3,6,3],[6,6,3,6,6,6]],"output":[[7,3,3],[3,7,3],[7,7,3]]}],"test":[{"input":[[3,6,6,6],[6,6,6,3],[3,3,6,6],[6,6,6,3]],"output":[[3,7],[7,3],[3,3],[7,3]]},{"input":[[6,6,6,3,6,6],[6,6,6,6,3,6],[6,6,6,6,6,6],[6,6,6,3,3,6],[6,6,3,6,6,3],[6,6,6,3,6,3]],"output":[[3,7,7],[7,3,7],[7,7,7],[3,3,7],[7,7,7],[3,7,3]]}],"metadata":{"task_id":"xor_hstack_samepalette","dataset_id":"solve_bool","transformation_id":"xor"}}