{"train":[{"input":[[2,2,2,2,2],[2,2,2,2,2],[2,5,2,5,2],[5,2,5,5,2],[2,2,2,2,2],[2,2,2,5,5],[2,2,2,2,2],[8,8,8,4,4],[8,8,8,8,8],[8,8,8,8,8],[4,8,8,8,8],[8,8,8,8,8],[8,8,8,8,8],[8,8,8,8,8]],"output":[[6,6,6,9,9],[6,6,6,6,6],[6,9,6,9,6],[6,6,9,9,6],[6,6,6,6,6],[6,6,6,9,9],[6,6,6,6,6]]},{"input":[[2,2,2,2,5],[2,2,2,2,2],[2,2,2,2,2],[2,5,5,2,2],[2,5,2,5,2],[5,2,2,2,2],[8,8,8,8,8],[4,4,4,4,4],[8,8,4,4,8],[8,8,4,8,4],[8,4,4,8,4],[8,4,4,4,8]],"output":[[6,6,6,6,9],[9,9,9,9,9],[6,6,9,9,6],[6,9,6,6,9],[6,6,9,9,9],[9,9,9,9,6]]},{"input":[[2,2,5,2,2],[5,2,5,2,2],[8,8,8,8,8],[8,8,8,4,8]],"output":[[6,6,9,6,6],[9,6,9,9,6]]}],"test":[{"input":[[2,2,2,2,2,2],[2,2,2,5,5,2],[2,2,2,2,2,2],[2,2,2,5,2,2],[2,2,2,2,2,2],[2,2,2,2,2,2],[5,2,2,2,2,2],[8,8,4,4,8,8],[8,8,4,8,4,8],[8,8,8,8,8,8],[4,8,8,8,8,8],[4,8,8,4,8,8],[8,8,8,8,8,8],[8,4,8,8,8,8]],"output":[[6,6,9,9,6,6],[6,6,9,9,6,6],[6,6,6,6,6,6],[9,6,6,9,6,6],[9,6,6,9,6,6],[6,6,6,6,6,6],[9,9,6,6,6,6]]},{"input":[[5,5,2,2,2,5,2],[5,5,2,5,2,5,2],[2,5,2,5,2,5,2],[8,4,8,8,8,4,8],[8,8,4,4,8,4,4],[8,8,4,4,4,4,8]],"output":[[9,6,6,6,6,6,6],[9,9,9,6,6,6,9],[6,9,9,6,9,6,6]]}],"metadata":{"task_id":"xor_vstack_differentpalette","dataset_id":"solve_bool","transformation_id":"xor"}}