{"train":[{"input":[[3,2],[3,3],[2,2],[3,3],[9,9],[6,6],[4,6],[6,6],[6,4]],"output":[[7,3],[3,7],[3,3],[7,3]]},{"input":[[3,2,3,3,3,3,3],[3,3,3,3,3,3,3],[9,9,9,9,9,9,9],[6,6,6,4,4,6,4],[4,6,4,6,4,4,6]],"output":[[7,3,7,3,3,7,3],[3,7,3,7,3,3,7]]},{"input":[[2,2,3,3,2,2,2],[3,3,2,3,2,2,3],[3,2,2,3,3,3,3],[2,3,2,2,3,2,3],[9,9,9,9,9,9,9],[6,6,4,6,6,6,6],[6,6,6,6,6,4,6],[6,6,6,6,6,6,6],[6,6,6,6,6,6,6]],"output":[[3,3,3,7,3,3,3],[7,7,3,7,3,7,7],[7,3,3,7,7,7,7],[3,7,3,3,7,3,7]]}],"test":[{"input":[[3,3,3,2,2,2,2],[3,3,3,2,2,3,3],[3,3,2,2,3,2,3],[2,2,2,2,3,3,2],[2,3,3,2,3,3,3],[3,3,2,2,3,2,2],[2,2,2,3,2,3,3],[9,9,9,9,9,9,9],[4,6,6,4,6,6,6],[6,6,6,4,6,6,6],[6,4,4,6,6,6,6],[6,6,6,6,6,4,6],[6,6,4,4,6,6,6],[6,4,6,6,6,4,6],[6,4,4,4,6,4,6]],"output":[[3,7,7,7,3,3,3],[7,7,7,7,3,7,7],[7,3,7,3,7,3,7],[3,3,3,3,7,3,3],[3,7,3,7,7,7,7],[7,3,3,3,7,7,3],[3,7,7,3,3,3,7]]},{"input":[[3,2,3,3,3,2,3],[3,3,2,2,3,2,3],[2,2,2,3,3,3,3],[9,9,9,9,9,9,9],[6,6,6,6,6,6,4],[6,6,6,6,6,4,6],[4,6,6,4,6,6,6]],"output":[[7,3,7,7,7,3,3],[7,7,3,3,7,7,7],[7,3,3,3,7,7,7]]}],"metadata":{"task_id":"xor_vstack_differentpalette_wall1","dataset_id":"solve_bool","transformation_id":"xor"}}