{"train":[{"input":[[9,0,0,9,9,8,9,9,0,0,0],[0,0,9,0,9,8,9,9,0,0,0],[0,9,0,0,9,8,0,0,9,9,0]],"output":[[2,0,2,0,0],[0,0,0,2,0],[2,0,0,0,0]]},{"input":[[0,9,0,0,0,0,8,0,0,0,0,0,0],[0,9,0,0,0,0,8,0,0,9,0,0,9],[0,0,0,0,0,9,8,0,0,0,0,0,0],[0,0,0,0,0,0,8,0,0,0,0,0,0],[0,0,0,0,0,0,8,0,0,0,0,0,0],[0,0,0,0,0,0,8,0,0,0,0,9,0]],"output":[[2,0,2,2,2,2],[2,0,0,2,2,0],[2,2,2,2,2,0],[2,2,2,2,2,2],[2,2,2,2,2,2],[2,2,2,2,0,2]]},{"input":[[0,0,0,0,9,8,9,9,0,0,0],[0,0,9,9,0,8,0,0,0,0,9]],"output":[[0,0,2,2,0],[2,2,0,0,0]]}],"test":[{"input":[[0,9,9,9,8,0,0,0,0],[0,9,0,0,8,0,0,0,9],[0,9,0,0,8,0,0,0,0],[9,9,0,0,8,0,0,0,0],[9,0,0,0,8,9,0,0,0],[9,9,0,0,8,0,0,0,0],[0,9,0,0,8,0,0,0,0]],"output":[[2,0,0,0],[2,0,2,0],[2,0,2,2],[0,0,2,2],[2,2,2,2],[0,0,2,2],[2,0,2,2]]},{"input":[[0,0,0,8,9,0,0],[9,9,0,8,0,0,0],[0,0,9,8,9,0,0],[0,9,9,8,9,0,0],[9,0,0,8,0,0,0]],"output":[[0,2,2],[0,0,2],[0,2,0],[0,0,0],[0,2,2]]}],"metadata":{"task_id":"xor_hstack_samepalette_wall1","dataset_id":"solve_bool","transformation_id":"xor"}}