{"train":[{"input":[[6,6,6],[6,2,6],[2,2,2],[6,6,2],[6,6,6],[6,6,6],[6,6,2],[2,6,6],[6,6,2],[6,6,6],[6,6,6],[6,2,2]],"output":[[9,9,8],[8,8,9],[8,8,9],[9,9,8],[9,9,9],[9,8,8]]},{"input":[[6,6,6,6],[6,2,6,6],[6,6,2,6],[6,6,6,6]],"output":[[9,9,8,9],[9,8,9,9]]},{"input":[[6,2,6,6,2],[6,2,6,6,6],[6,6,6,6,6],[6,6,6,6,6],[6,6,6,6,6],[6,6,2,6,6]],"output":[[9,8,9,9,8],[9,8,9,9,9],[9,9,8,9,9]]},{"input":[[6,2,2,2],[6,6,6,2],[6,2,2,6],[6,2,6,2],[2,6,6,6],[6,6,6,6]],"output":[[9,9,8,9],[8,9,9,8],[9,8,8,9]]}],"test":[{"input":[[6,6,6,2,2,2,6],[6,2,2,6,6,2,2],[2,2,6,2,6,6,6],[6,6,6,2,2,6,2],[6,2,2,6,2,6,2],[2,6,6,6,2,6,2]],"output":[[9,9,9,9,9,8,8],[9,9,9,9,8,8,9],[9,8,9,8,8,9,8]]}],"metadata":{"task_id":"xor_vstack_samepalette","dataset_id":"solve_bool","transformation_id":"xor"}}