{"train":[{"input":[[8,8,8,8,5],[5,5,8,5,5],[9,9,9,9,9],[5,5,5,5,5],[5,5,5,5,8]],"output":[[2,2,2,2,5],[5,5,2,5,2]]},{"input":[[5,5,8,8],[5,5,5,8],[5,5,8,5],[5,5,5,8],[5,8,8,8],[5,5,5,8],[9,9,9,9],[5,5,5,5],[5,5,5,5],[8,8,5,5],[5,5,5,5],[5,5,5,5],[5,5,5,5]],"output":[[5,5,2,2],[5,5,5,2],[2,2,2,5],[5,5,5,2],[5,2,2,2],[5,5,5,2]]}],"test":[{"input":[[5,5,5,5,8,5],[5,5,5,5,5,5],[8,5,5,5,5,5],[5,5,5,5,5,5],[9,9,9,9,9,9],[5,5,5,5,5,5],[8,5,8,5,5,8],[5,8,5,5,5,5],[5,5,5,5,5,5]],"output":[[5,5,5,5,2,5],[2,5,2,5,5,2],[2,2,5,5,5,5],[5,5,5,5,5,5]]}],"metadata":{"task_id":"xor_vstack_samepalette_wall1","dataset_id":"solve_bool","transformation_id":"xor"}}