{"train":[{"input":[[4,5,4,4,2,2,2,0],[4,4,4,4,2,0,2,2],[4,4,4,5,0,0,2,0],[4,4,4,5,2,0,2,2],[4,4,4,5,0,2,0,2]],"output":[[1,3,1,3],[1,3,1,1],[3,3,1,1],[1,3,1,3],[3,1,3,3]]},{"input":[[5,4,4,4,0,0,2,2],[5,4,4,4,2,0,0,0],[5,4,5,4,2,2,0,0],[5,4,4,4,2,2,2,2],[5,4,5,4,2,2,2,2],[5,4,4,4,0,2,2,0],[4,4,4,4,0,2,2,0]],"output":[[1,3,1,1],[3,3,3,3],[3,1,1,3],[3,1,1,1],[3,1,3,1],[1,1,1,3],[3,1,1,3]]}],"test":[{"input":[[4,5,5,2,2,2],[5,4,4,2,0,2]],"output":[[1,3,3],[3,3,1]]}],"metadata":{"task_id":"xor_hstack_differentpalette","dataset_id":"solve_bool","transformation_id":"xor"}}