{"train":[{"input":[[7,7,7,3,7,7],[3,7,7,7,7,7],[7,7,7,7,7,3]],"output":[[9,3,3],[9,3,3],[3,3,9]]},{"input":[[3,7,7,7,7,7,7,3,7,7,3,7,3,7],[7,7,7,7,7,7,7,3,7,7,3,7,7,7],[7,7,7,7,7,7,7,7,3,7,3,7,7,7],[7,7,7,7,7,3,7,3,7,3,7,7,7,3],[7,7,7,3,7,7,7,3,7,3,3,3,7,7]],"output":[[3,3,3,9,3,9,3],[9,3,3,9,3,3,3],[3,9,3,9,3,3,3],[9,3,9,3,3,9,9],[9,3,9,3,9,3,3]]},{"input":[[3,3,7,7],[3,7,7,7],[3,7,3,7],[7,7,7,7],[7,7,7,7]],"output":[[9,9],[9,3],[3,3],[3,3],[3,3]]},{"input":[[7,7,3,7,3,7,7,3,7,3],[7,3,3,7,7,7,7,7,7,7],[7,7,7,3,3,7,7,3,3,3],[7,7,7,7,7,7,7,3,3,7],[7,7,7,7,3,7,7,7,7,7]],"output":[[3,3,3,3,3],[3,9,9,3,3],[3,3,9,3,3],[3,3,9,9,3],[3,3,3,3,9]]}],"test":[{"input":[[7,3,7,7,7,3,7,7,3,7,7,7,7,7],[7,7,7,7,3,3,3,7,7,3,7,7,3,7],[7,3,7,7,3,3,3,7,7,7,7,7,7,3],[7,7,7,7,7,7,7,3,3,7,3,3,7,7],[7,7,7,7,7,7,3,3,7,7,7,3,7,7]],"output":[[3,3,3,3,3,9,3],[3,3,9,3,9,3,9],[3,9,3,3,9,9,3],[9,9,3,9,9,3,3],[9,3,3,3,9,3,9]]}],"metadata":{"task_id":"xor_hstack_samepalette","dataset_id":"solve_bool","transformation_id":"xor"}}