{"train":[{"input":[[2,2,2,4,7,2,2],[2,2,2,4,2,2,2],[7,2,2,4,2,2,2],[2,2,2,4,2,2,2]],"output":[[6,8,8],[8,8,8],[6,8,8],[8,8,8]]},{"input":[[2,2,2,2,2,7,4,2,2,7,2,2,2],[7,2,2,7,2,2,4,7,2,7,7,7,2],[2,2,2,2,7,2,4,7,2,7,2,2,2],[7,7,7,2,2,2,4,2,2,7,7,2,2]],"output":[[8,8,6,8,8,6],[8,8,6,8,6,8],[6,8,6,8,6,8],[6,6,8,6,8,8]]},{"input":[[2,2,4,2,2],[2,7,4,2,2],[2,2,4,2,2],[2,7,4,2,2],[2,2,4,7,2]],"output":[[8,8],[8,6],[8,8],[8,6],[6,8]]}],"test":[{"input":[[2,7,4,7,2],[2,2,4,7,2],[2,7,4,2,2]],"output":[[6,6],[6,8],[8,6]]}],"metadata":{"task_id":"xor_hstack_samepalette_wall1","dataset_id":"solve_bool","transformation_id":"xor"}}