{"train":[{"input":[[2,2,2,2],[4,4,2,4],[5,5,5,5],[2,4,4,2],[2,4,2,2]],"output":[[9,1,1,9],[1,9,9,1]]},{"input":[[2,2,2,2,4,2,2],[2,2,2,2,2,2,2],[2,2,2,2,2,2,4],[5,5,5,5,5,5,5],[2,2,2,2,2,2,2],[2,2,2,4,2,2,4],[4,2,2,4,2,2,2]],"output":[[9,9,9,9,1,9,9],[9,9,9,1,9,9,1],[1,9,9,1,9,9,1]]}],"test":[{"input":[[2,4,2,4,2,2,2],[4,4,4,2,2,4,2],[2,4,4,4,2,4,2],[4,4,4,2,2,2,2],[4,4,2,4,2,4,2],[5,5,5,5,5,5,5],[2,2,2,2,4,2,2],[2,4,2,4,2,2,2],[2,2,2,2,4,4,2],[2,2,4,2,4,2,2],[2,4,4,2,4,2,2]],"output":[[9,1,9,1,1,9,9],[1,9,1,1,9,1,9],[9,1,1,1,1,9,9],[1,1,9,9,1,9,9],[1,9,1,1,1,1,9]]}],"metadata":{"task_id":"xor_vstack_samepalette_wall1","dataset_id":"solve_bool","transformation_id":"xor"}}