{"train":[{"input":[[5,5,5],[5,5,5],[5,5,7],[7,7,5],[3,3,3],[9,2,2],[2,2,2],[2,2,2],[9,9,2]],"output":[[7,9,9],[9,9,9],[9,9,7],[9,9,9]]},{"input":[[5,7,5,7,5,5,5],[5,7,7,7,7,7,5],[3,3,3,3,3,3,3],[2,9,9,2,2,9,2],[2,9,2,2,2,2,2]],"output":[[9,9,7,7,9,7,9],[9,9,7,7,7,7,9]]},{"input":[[5,5,7,5,5,7],[7,5,5,5,7,5],[5,5,5,5,5,5],[5,5,5,5,5,5],[5,7,5,5,5,7],[5,5,7,5,5,5],[3,3,3,3,3,3],[2,2,2,9,2,9],[2,2,9,9,2,9],[2,2,2,2,9,9],[2,2,2,2,9,9],[2,2,2,2,9,2],[9,9,9,2,9,2]],"output":[[9,9,7,7,9,9],[7,9,7,7,7,7],[9,9,9,9,7,7],[9,9,9,9,7,7],[9,7,9,9,7,7],[7,7,9,9,7,9]]}],"test":[{"input":[[7,5,5,5],[5,5,5,5],[7,5,5,5],[3,3,3,3],[2,2,2,2],[2,2,2,2],[9,2,9,2]],"output":[[7,9,9,9],[9,9,9,9],[9,9,7,9]]}],"metadata":{"task_id":"xor_vstack_differentpalette_wall1","dataset_id":"solve_bool","transformation_id":"xor"}}