{"train":[{"input":[[4,2,4,4,4,2,2,4],[4,4,2,4,4,4,4,4],[2,2,2,2,4,2,4,4],[4,4,4,4,4,4,2,2],[4,4,4,4,4,4,2,2],[4,4,2,2,2,4,2,2],[2,4,2,2,2,2,2,2]],"output":[[3,3,4,3],[3,3,4,3],[4,3,4,4],[3,3,4,4],[3,3,4,4],[4,3,3,3],[3,4,3,3]]},{"input":[[2,2,4,4,4,4,4,4,4,4,4,4,2,4],[4,4,2,4,2,4,4,4,4,4,4,4,4,4],[2,4,4,2,4,4,4,4,4,4,4,4,4,4],[4,2,4,2,2,2,4,4,2,4,4,4,4,4],[2,4,4,2,4,2,4,4,4,4,4,4,4,4],[2,2,4,4,4,4,2,4,4,4,2,4,2,4]],"output":[[4,4,3,3,3,4,3],[3,3,4,3,4,3,3],[4,3,3,4,3,3,3],[3,3,3,4,4,4,3],[4,3,3,4,3,4,3],[4,4,3,4,3,4,4]]},{"input":[[4,4,2,4,2,4,4,2,4,4],[2,4,2,4,4,4,2,4,2,2]],"output":[[3,3,3,3,4],[4,4,4,4,4]]}],"test":[{"input":[[4,4,4,2],[4,2,4,2],[2,2,4,4],[4,4,2,4],[4,4,2,4],[2,4,4,4]],"output":[[3,4],[3,3],[4,4],[4,3],[4,3],[4,3]]},{"input":[[4,4,4,4,4,4,4,4,4,2,4,4,4,2],[4,2,4,4,2,4,4,4,4,2,4,2,4,4]],"output":[[3,3,4,3,3,3,4],[3,4,4,3,3,3,3]]}],"metadata":{"task_id":"xor_hstack_samepalette","dataset_id":"solve_bool","transformation_id":"xor"}}