{"train":[{"input":[[9,9,8,9,8,9,8,3,3,3,7,3,7,7],[9,9,9,9,9,9,8,7,7,7,7,3,3,3]],"output":[[6,6,9,9,9,9,6],[9,9,9,9,6,6,9]]},{"input":[[9,9,3,3],[9,9,3,7],[9,9,3,7],[8,9,3,7]],"output":[[6,6],[6,9],[6,9],[9,9]]},{"input":[[8,8,9,9,9,3,3,3,3,3],[8,9,9,8,9,3,7,3,3,3],[8,8,9,8,8,3,3,3,3,3],[9,8,9,8,9,7,7,7,3,3]],"output":[[9,9,6,6,6],[9,9,6,9,6],[9,9,6,9,9],[9,6,9,9,6]]},{"input":[[9,9,9,9,9,9,9,7,3,3,3,3,7,3],[9,9,9,9,9,9,9,3,3,7,3,7,3,3],[9,9,9,9,9,9,9,3,3,3,7,3,7,3],[8,9,9,9,9,8,9,3,3,3,3,7,3,7],[9,9,9,8,9,9,9,3,3,3,3,7,7,3],[9,9,8,9,9,9,9,3,7,3,3,7,3,3]],"output":[[9,6,6,6,6,9,6],[6,6,9,6,9,6,6],[6,6,6,9,6,9,6],[9,6,6,6,9,9,9],[6,6,6,9,9,9,6],[6,9,9,6,9,6,6]]}],"test":[{"input":[[9,9,9,7,7,7],[9,9,9,3,3,7],[9,9,8,3,7,3],[8,9,8,7,3,3],[9,9,9,3,3,7],[8,9,8,7,3,7]],"output":[[9,9,9],[6,6,9],[6,9,9],[6,6,9],[6,6,9],[6,6,6]]}],"metadata":{"task_id":"xor_hstack_differentpalette","dataset_id":"solve_bool","transformation_id":"xor"}}