{"train":[{"input":[[4,3,4,3],[4,4,4,4],[3,3,3,3],[9,9,9,9],[1,7,7,1],[1,7,1,7],[7,7,1,1]],"output":[[0,0,4,4],[0,4,0,4],[0,0,4,4]]},{"input":[[3,3,3,3,3,4,3],[3,3,3,3,3,3,3],[3,3,3,3,4,3,3],[9,9,9,9,9,9,9],[1,1,1,1,1,1,1],[1,1,1,1,1,1,7],[7,7,1,7,1,1,1]],"output":[[4,4,4,4,4,0,4],[4,4,4,4,4,4,0],[0,0,4,0,0,4,4]]}],"test":[{"input":[[3,3,4,3,3,4,4],[4,4,3,3,3,3,4],[4,3,3,3,3,3,3],[3,3,3,3,3,3,4],[9,9,9,9,9,9,9],[1,1,1,1,1,1,1],[1,7,1,1,1,1,1],[1,1,7,1,1,1,1],[1,1,1,1,1,1,1]],"output":[[4,4,0,4,4,0,0],[0,4,4,4,4,4,0],[0,4,0,4,4,4,4],[4,4,4,4,4,4,0]]}],"metadata":{"task_id":"xor_vstack_differentpalette_wall1","dataset_id":"solve_bool","transformation_id":"xor"}}