{"train":[{"input":[[3,3,3,3,3,9,4,3,3,9,3,3,3],[3,9,3,3,3,3,4,3,3,9,3,3,3]],"output":[[2,2,7,2,2,7],[2,7,7,2,2,2]]},{"input":[[3,3,3,3,4,9,3,3,3],[9,9,9,9,4,9,3,3,3],[3,3,9,3,4,9,3,9,3],[3,3,3,9,4,3,3,3,9],[3,3,3,3,4,9,3,3,3],[3,3,9,3,4,3,3,3,9]],"output":[[7,2,2,2],[2,7,7,7],[7,2,2,2],[2,2,2,2],[7,2,2,2],[2,2,7,7]]},{"input":[[3,3,3,3,3,9,4,9,3,3,3,3,9],[3,9,3,3,3,3,4,3,3,3,3,3,3],[9,3,3,3,3,3,4,3,3,3,3,9,3]],"output":[[7,2,2,2,2,2],[2,7,2,2,2,2],[7,2,2,2,7,2]]},{"input":[[3,3,3,3,3,3,4,3,9,3,3,9,3],[3,9,3,9,3,3,4,3,3,3,3,3,3],[9,9,3,3,3,3,4,3,3,3,3,3,3],[3,9,9,9,3,3,4,3,3,3,3,3,3]],"output":[[2,7,2,2,7,2],[2,7,2,7,2,2],[7,7,2,2,2,2],[2,7,7,7,2,2]]}],"test":[{"input":[[3,3,3,4,3,3,3],[3,3,3,4,3,3,9],[3,3,3,4,3,3,3],[3,3,9,4,3,9,3],[3,3,9,4,9,3,3],[3,9,3,4,3,3,3]],"output":[[2,2,2],[2,2,7],[2,2,2],[2,7,7],[7,2,7],[2,7,2]]}],"metadata":{"task_id":"xor_hstack_samepalette_wall1","dataset_id":"solve_bool","transformation_id":"xor"}}