{"train":[{"input":[[2,2,7,3,2,2,2],[7,7,2,3,2,2,7]],"output":[[5,5,8],[8,8,8]]},{"input":[[2,2,2,2,2,2,2,3,2,2,2,2,2,7,2],[2,7,2,2,2,7,2,3,2,2,7,2,2,2,2],[7,2,2,2,2,7,2,3,2,2,2,2,2,2,2],[2,2,2,2,2,7,2,3,2,2,2,7,2,2,2],[7,7,7,7,7,2,2,3,2,2,2,2,2,2,2]],"output":[[5,5,5,5,5,8,5],[5,8,8,5,5,8,5],[8,5,5,5,5,8,5],[5,5,5,8,5,8,5],[8,8,8,8,8,5,5]]}],"test":[{"input":[[7,2,2,7,2,2,2,3,7,2,7,7,2,7,7],[7,2,2,7,2,2,2,3,2,2,7,7,2,2,2],[2,2,2,2,7,2,2,3,7,7,2,2,2,7,2],[2,2,2,7,7,7,2,3,7,7,2,2,7,7,2],[2,2,2,7,2,7,2,3,7,7,2,2,2,2,2],[2,7,2,7,2,2,2,3,7,2,2,7,2,2,2],[2,7,2,2,7,2,2,3,2,7,2,2,2,2,2]],"output":[[5,5,8,5,5,8,8],[8,5,8,5,5,5,5],[8,8,5,5,8,8,5],[8,8,5,8,5,5,5],[8,8,5,8,5,8,5],[8,8,5,5,5,5,5],[5,5,5,5,8,5,5]]}],"metadata":{"task_id":"xor_hstack_samepalette_wall1","dataset_id":"solve_bool","transformation_id":"xor"}}