{"train":[{"input":[[9,4,9],[9,4,9],[9,9,4],[9,4,4],[4,4,4],[4,9,9],[4,4,4],[4,4,4],[4,4,4],[9,4,4],[4,4,4],[4,4,4]],"output":[[0,8,0],[0,8,0],[0,0,8],[8,8,8],[8,8,8],[8,0,0]]},{"input":[[4,9,4,4,4,4,4],[4,4,4,4,4,4,4],[4,4,4,4,4,4,9],[4,4,4,4,4,4,4],[4,4,9,4,4,4,4],[4,4,4,4,4,4,4],[4,4,4,4,4,4,4],[4,4,4,4,4,4,4],[4,4,9,4,4,9,9],[4,4,4,4,4,4,4]],"output":[[8,0,8,8,8,8,8],[8,8,8,8,8,8,8],[8,8,8,8,8,8,0],[8,8,0,8,8,0,0],[8,8,0,8,8,8,8]]},{"input":[[4,4,9,4,4],[4,4,4,4,4],[4,4,4,4,9],[4,4,4,9,4],[4,4,4,4,4],[4,4,4,4,4],[9,9,9,4,9],[4,4,4,4,9],[4,4,4,9,4],[9,4,4,9,4],[9,9,4,9,9],[4,9,9,4,9]],"output":[[0,0,8,8,0],[8,8,8,8,0],[8,8,8,0,0],[0,8,8,8,8],[0,0,8,0,0],[8,0,0,8,0]]}],"test":[{"input":[[9,4,9,4,9,9],[4,9,4,9,9,9],[4,9,9,9,4,4],[9,4,4,4,4,4],[4,9,4,4,4,9],[4,9,4,4,4,4],[4,4,9,9,4,4],[9,4,4,4,4,9]],"output":[[0,0,0,8,0,8],[8,8,8,0,0,0],[8,0,8,8,8,8],[8,8,8,8,8,0]]}],"metadata":{"task_id":"xor_vstack_samepalette","dataset_id":"solve_bool","transformation_id":"xor"}}