{"train":[{"input":[[0,4,0,0,0,4,4,0,0,4],[0,0,0,0,0,0,4,0,4,4],[0,0,0,0,0,0,4,0,0,4],[0,4,0,0,0,4,0,4,4,0],[0,0,0,0,0,0,0,0,4,4],[0,0,0,0,0,4,0,4,4,0],[4,0,0,0,0,0,0,0,4,0]],"output":[[2,7,7,7,2],[7,2,7,2,2],[7,2,7,7,2],[2,2,2,2,7],[7,7,7,2,2],[2,7,2,2,7],[2,7,7,2,7]]},{"input":[[0,4,0,0,4,4,0,4],[0,0,4,4,4,0,0,0],[0,4,0,4,4,0,4,4],[0,0,4,0,0,0,4,0]],"output":[[2,7,7,2],[2,7,2,2],[2,2,2,7],[7,7,7,7]]},{"input":[[0,0,0,0,4,0],[4,0,0,0,0,4],[0,0,0,4,4,4],[0,0,0,0,4,0],[0,0,4,0,4,4],[4,0,4,0,0,0],[0,0,0,0,0,0]],"output":[[7,2,7],[2,7,2],[2,2,2],[7,2,7],[7,2,7],[2,7,2],[7,7,7]]},{"input":[[0,4,4,0,0,0,4,0,0,0,4,0],[0,0,0,0,0,0,0,0,0,0,0,0],[0,0,4,0,0,0,0,4,0,4,0,4],[4,0,0,0,4,4,4,4,0,0,0,0],[0,4,4,0,0,0,0,0,4,0,0,0],[0,4,0,0,0,4,0,0,4,4,0,0]],"output":[[2,2,2,7,2,7],[7,7,7,7,7,7],[7,2,2,2,7,2],[7,2,7,7,2,2],[7,2,7,7,7,7],[7,2,2,2,7,2]]}],"test":[{"input":[[0,0,0,0,0,0,4,0,0,0],[0,0,0,0,0,0,0,0,4,0],[4,0,0,0,0,4,0,0,0,4]],"output":[[7,2,7,7,7],[7,7,7,2,7],[7,7,7,7,2]]}],"metadata":{"task_id":"xor_hstack_samepalette","dataset_id":"solve_bool","transformation_id":"xor"}}