{"train":[{"input":[[3,3,3,6],[3,6,3,3],[3,6,3,3],[3,3,6,3],[3,3,3,6],[3,6,6,3],[6,3,3,3],[5,5,7,7],[5,5,7,5],[5,5,5,5],[5,5,5,5],[7,5,5,5],[5,5,5,5],[5,7,5,5]],"output":[[8,8,4,8],[8,4,4,8],[8,4,8,8],[8,8,4,8],[4,8,8,4],[8,4,4,8],[4,4,8,8]]},{"input":[[3,6,3,6,6,6],[6,3,6,6,3,3],[3,3,6,3,6,3],[3,3,3,6,6,6],[7,5,7,5,5,5],[5,5,5,5,7,5],[7,5,7,5,5,7],[7,5,5,5,7,7]],"output":[[4,4,4,4,4,4],[4,8,4,4,4,8],[4,8,8,8,4,4],[4,8,8,4,8,8]]},{"input":[[3,6,6,6,3],[3,3,3,3,6],[3,3,3,3,3],[3,3,6,3,3],[3,3,3,3,3],[3,6,3,3,6],[3,3,3,3,3],[5,5,5,5,5],[7,7,5,5,7],[7,5,7,5,5],[7,7,5,5,5],[5,7,7,5,5],[5,5,5,5,7],[5,5,5,5,5]],"output":[[8,4,4,4,8],[4,4,8,8,8],[4,8,4,8,8],[4,4,4,8,8],[8,4,4,8,8],[8,4,8,8,8],[8,8,8,8,8]]}],"test":[{"input":[[6,3,6,3,6],[6,6,3,6,3],[3,3,3,3,6],[5,5,5,5,7],[7,7,7,5,5],[7,5,7,5,5]],"output":[[4,8,4,8,8],[8,8,4,4,8],[4,8,4,8,4]]}],"metadata":{"task_id":"xor_vstack_differentpalette","dataset_id":"solve_bool","transformation_id":"xor"}}