{"train":[{"input":[[1,7,7,7],[7,7,7,7],[2,2,2,2],[7,7,7,7],[1,7,1,7]],"output":[[5,3,3,3],[5,3,5,3]]},{"input":[[7,7,7,7],[7,7,7,7],[7,7,7,1],[7,7,7,7],[2,2,2,2],[7,7,7,1],[7,7,7,1],[1,7,1,7],[7,1,1,7]],"output":[[3,3,3,5],[3,3,3,5],[5,3,5,5],[3,5,5,3]]}],"test":[{"input":[[7,1,7,7,7,7],[1,7,7,1,7,7],[1,7,1,7,7,1],[1,7,7,7,1,7],[7,1,7,1,1,1],[2,2,2,2,2,2],[7,1,1,1,1,7],[7,7,7,7,7,7],[7,7,1,7,7,7],[7,1,7,7,1,1],[1,7,1,7,1,1]],"output":[[3,3,5,5,5,3],[5,3,3,5,3,3],[5,3,3,3,3,5],[5,5,3,3,3,5],[5,5,5,5,3,3]]}],"metadata":{"task_id":"xor_vstack_samepalette_wall1","dataset_id":"solve_bool","transformation_id":"xor"}}