{"train":[{"input":[[2,7,7,7,2,7],[7,2,7,7,7,2],[7,7,7,7,2,7],[7,7,7,7,2,7],[7,7,2,2,2,7],[2,2,7,7,2,7]],"output":[[4,4,0],[0,4,4],[0,4,0],[0,4,0],[4,4,4],[4,0,0]]},{"input":[[7,2,7,2,2,7,2,2,7,7],[7,7,7,7,2,7,7,7,2,7],[7,7,7,7,7,7,7,2,2,7],[2,7,7,7,7,2,7,7,2,7],[7,2,7,7,2,2,7,7,2,2]],"output":[[0,0,4,4,4],[0,0,0,4,4],[0,0,4,4,0],[0,0,0,4,0],[4,4,0,4,0]]}],"test":[{"input":[[2,2,7,7,7,7],[7,2,2,7,2,7],[2,7,2,2,7,2],[7,7,7,7,7,7],[7,2,7,2,2,7],[7,2,7,7,7,2],[7,7,7,2,2,7]],"output":[[4,4,0],[0,0,4],[0,0,0],[0,0,0],[4,0,0],[0,4,4],[4,4,0]]}],"metadata":{"task_id":"xor_hstack_samepalette","dataset_id":"solve_bool","transformation_id":"xor"}}