{"train":[{"input":[[1,3,1,9,1,3,3],[3,3,1,9,3,3,3],[3,1,3,9,3,3,1],[3,3,3,9,3,1,3],[3,3,3,9,3,3,1],[1,3,1,9,1,3,1],[3,3,3,9,3,3,3]],"output":[[7,7,6],[7,7,6],[7,6,6],[7,6,7],[7,7,6],[7,7,7],[7,7,7]]},{"input":[[3,3,3,9,1,3,1],[3,3,3,9,3,1,3],[3,1,1,9,3,1,1],[3,3,3,9,3,1,3],[1,3,1,9,3,1,3],[3,1,3,9,1,3,1]],"output":[[6,7,6],[7,6,7],[7,7,7],[7,6,7],[6,6,6],[6,6,6]]},{"input":[[3,3,1,3,9,3,1,1,3],[1,1,1,1,9,3,1,1,3],[3,1,3,3,9,3,3,3,3]],"output":[[7,6,7,7],[6,7,7,6],[7,6,7,7]]},{"input":[[3,3,3,3,1,9,3,3,1,3,3],[1,3,3,3,3,9,3,3,3,3,3],[3,3,3,3,3,9,3,3,3,3,1],[3,3,3,3,3,9,1,1,3,3,1],[3,3,3,3,3,9,1,1,3,3,1],[3,3,3,1,3,9,3,3,3,3,1]],"output":[[7,7,6,7,6],[6,7,7,7,7],[7,7,7,7,6],[6,6,7,7,6],[6,6,7,7,6],[7,7,7,6,6]]}],"test":[{"input":[[3,1,3,3,3,9,3,1,3,1,1],[1,3,3,1,1,9,3,3,3,3,3]],"output":[[7,7,7,6,6],[6,7,7,6,6]]}],"metadata":{"task_id":"xor_hstack_samepalette_wall1","dataset_id":"solve_bool","transformation_id":"xor"}}