{"train":[{"input":[[0,0,6,0,6,6],[6,0,0,0,6,0],[0,6,0,0,0,6],[0,0,0,0,0,6],[0,6,6,0,0,0],[0,0,0,0,0,0],[0,0,6,6,0,0],[0,0,0,0,0,0],[0,0,0,0,0,0],[0,0,0,0,0,6],[0,0,0,0,0,0],[0,0,0,0,0,0]],"output":[[0,0,0,8,8,8],[8,0,0,0,8,0],[0,8,0,0,0,8],[0,0,0,0,0,0],[0,8,8,0,0,0],[0,0,0,0,0,0]]},{"input":[[0,0,0,0,0,0],[0,0,0,0,0,0],[0,0,6,0,0,0],[6,0,0,0,0,0],[0,6,0,0,0,0],[6,6,0,6,6,0],[6,6,6,6,0,0],[0,6,0,0,6,6]],"output":[[0,8,0,0,0,0],[8,8,0,8,8,0],[8,8,0,8,0,0],[8,8,0,0,8,8]]}],"test":[{"input":[[6,0,6,0,6,6,6],[0,6,6,0,0,0,6],[6,6,0,0,0,6,6],[6,6,6,0,0,6,0],[6,0,0,0,0,0,0],[6,0,6,0,6,0,6],[0,6,0,0,6,0,0],[0,6,0,0,0,0,0],[0,0,6,0,0,0,0],[6,0,0,0,6,0,0],[0,0,0,0,0,0,6],[0,6,0,0,0,0,0]],"output":[[8,8,8,0,0,8,8],[0,0,8,0,0,0,8],[8,8,8,0,0,8,8],[0,8,8,0,8,8,0],[8,0,0,0,0,0,8],[8,8,8,0,8,0,8]]}],"metadata":{"task_id":"xor_vstack_samepalette","dataset_id":"solve_bool","transformation_id":"xor"}}