{"train":[{"input":[[0,0,5,5,5,0,5,9,2,2,2,2,6,2,2],[5,0,0,0,5,5,5,9,6,6,6,6,6,6,6],[0,5,5,0,5,5,0,9,6,6,2,2,2,2,6],[5,5,0,5,0,5,5,9,6,6,6,2,6,6,6],[5,5,5,0,0,0,5,9,6,6,2,2,6,2,6]],"output":[[3,3,6,6,3,3,6],[3,6,6,6,3,3,3],[6,3,6,3,6,6,6],[3,3,6,6,6,3,3],[3,3,6,3,6,3,3]]},{"input":[[5,5,5,5,5,5,9,6,6,2,2,6,6],[5,5,5,5,5,5,9,6,2,6,2,2,6],[0,5,5,5,5,0,9,6,6,6,6,2,2],[5,5,0,5,5,5,9,2,2,2,2,6,2],[5,5,5,5,5,5,9,2,6,6,6,2,2]],"output":[[3,3,6,6,3,3],[3,6,3,6,6,3],[6,3,3,3,6,3],[6,6,3,6,3,6],[6,3,3,3,6,6]]}],"test":[{"input":[[0,5,9,2,6],[5,5,9,2,2],[5,0,9,6,2],[0,5,9,6,2],[5,5,9,6,6]],"output":[[3,3],[6,6],[3,3],[6,6],[3,3]]}],"metadata":{"task_id":"xor_hstack_differentpalette_wall1","dataset_id":"solve_bool","transformation_id":"xor"}}