{"train":[{"input":[[7,7,7,7,0,0,9,0],[7,7,7,7,9,0,0,0],[7,6,7,7,0,9,0,0],[7,7,7,7,0,0,0,9]],"output":[[7,7,3,7],[3,7,7,7],[7,7,7,7],[7,7,7,3]]},{"input":[[6,7,7,7,7,6,9,0,0,0,0,0],[7,7,6,7,7,7,9,0,0,9,0,0],[7,6,7,7,7,6,0,0,9,0,0,0],[7,7,7,7,7,7,0,0,0,0,0,0],[7,6,7,7,7,7,9,9,0,0,0,0]],"output":[[7,7,7,7,7,3],[3,7,3,3,7,7],[7,3,3,7,7,3],[7,7,7,7,7,7],[3,7,7,7,7,7]]},{"input":[[7,7,6,9,0,0],[7,7,6,0,0,9],[7,7,7,0,0,0],[7,6,7,0,9,0]],"output":[[3,7,3],[7,7,7],[7,7,7],[7,7,7]]}],"test":[{"input":[[7,7,6,7,7,7,0,0,0,0,0,9],[6,6,6,7,7,7,0,0,0,0,0,0],[7,6,7,6,7,6,9,0,0,0,0,0],[6,7,7,7,6,7,0,0,0,0,9,9]],"output":[[7,7,3,7,7,3],[3,3,3,7,7,7],[3,3,7,3,7,3],[3,7,7,7,7,3]]}],"metadata":{"task_id":"xor_hstack_differentpalette","dataset_id":"solve_bool","transformation_id":"xor"}}