{"train":[{"input":[[8,8,8,8,2,4,2,2],[0,0,8,8,4,2,4,4]],"output":[[8,9,8,8],[8,9,9,9]]},{"input":[[8,8,8,0,8,8,2,4,2,2,4,4],[8,0,8,8,8,0,4,4,4,4,4,4],[8,8,8,8,8,8,2,4,4,4,2,4]],"output":[[8,9,8,9,9,9],[9,8,9,9,9,8],[8,9,9,9,8,9]]},{"input":[[0,8,0,8,4,4,2,4],[8,0,8,0,4,4,4,4],[8,8,0,0,4,4,2,4]],"output":[[8,9,9,9],[9,8,9,8],[9,9,9,8]]},{"input":[[8,8,8,8,0,4,4,4,4,4],[8,8,8,8,8,4,4,4,2,2],[8,8,8,8,8,4,4,2,4,4],[8,0,8,0,8,4,4,2,4,4],[8,8,8,8,8,4,4,4,2,4],[8,8,8,8,8,4,4,2,4,4]],"output":[[9,9,9,9,8],[9,9,9,8,8],[9,9,8,9,9],[9,8,8,8,9],[9,9,9,8,9],[9,9,8,9,9]]}],"test":[{"input":[[8,8,8,8,8,4,4,4,4,4],[8,8,8,8,0,4,4,4,2,4]],"output":[[9,9,9,9,9],[9,9,9,8,8]]},{"input":[[0,0,8,0,4,4,4,2],[8,0,0,0,4,4,4,2],[8,8,8,8,2,4,4,4],[0,8,8,0,4,4,4,4],[8,0,8,8,4,4,4,4],[8,0,8,0,2,2,4,4],[8,0,0,0,4,4,4,4]],"output":[[8,8,9,9],[9,8,8,9],[8,9,9,9],[8,9,9,8],[9,8,9,9],[8,9,9,8],[9,8,8,8]]}],"metadata":{"task_id":"xor_hstack_differentpalette","dataset_id":"solve_bool","transformation_id":"xor"}}