{"train":[{"input":[[0,0,0,0,0,8,8,5,4,4,4,4,4,9,4],[0,0,0,0,0,8,0,5,4,4,4,9,9,4,9],[0,0,8,8,0,8,8,5,9,9,4,4,4,4,9],[0,8,0,8,0,8,8,5,4,9,4,4,4,4,9],[0,0,0,0,0,8,0,5,4,9,4,4,4,4,4],[0,0,0,0,0,0,8,5,9,4,4,4,4,4,4],[8,0,0,0,0,0,0,5,4,9,9,4,4,4,9]],"output":[[1,1,1,1,1,1,5],[1,1,1,5,5,5,5],[5,5,5,5,1,5,1],[1,1,1,5,1,5,1],[1,5,1,1,1,5,1],[5,1,1,1,1,1,5],[5,5,5,1,1,1,5]]},{"input":[[0,0,0,8,5,9,9,4,4],[0,0,8,0,5,4,4,9,4]],"output":[[5,5,1,5],[1,1,1,1]]}],"test":[{"input":[[0,0,8,0,0,0,0,5,9,4,4,4,4,4,9],[8,0,0,8,0,0,0,5,4,4,9,9,4,4,4],[0,0,0,0,0,0,8,5,4,4,9,4,4,4,4],[0,8,8,0,0,0,8,5,9,9,4,9,9,4,4],[0,8,8,0,0,0,8,5,9,4,4,4,4,4,4]],"output":[[5,1,5,1,1,1,5],[5,1,5,1,1,1,1],[1,1,5,1,1,1,5],[5,1,5,5,5,1,5],[5,5,5,1,1,1,5]]}],"metadata":{"task_id":"xor_hstack_differentpalette_wall1","dataset_id":"solve_bool","transformation_id":"xor"}}