{"train":[{"input":[[9,9],[9,3],[3,3],[3,9],[5,4],[5,5],[4,4],[4,4]],"output":[[9,2],[9,2],[9,9],[9,2]]},{"input":[[3,3,3],[3,9,9],[9,3,3],[3,9,3],[4,4,4],[4,4,4],[5,4,5],[4,5,4]],"output":[[9,9,9],[9,2,2],[9,9,2],[9,9,9]]},{"input":[[3,3],[3,3],[3,3],[3,3],[9,9],[3,9],[5,4],[4,5],[4,5],[4,4],[4,4],[4,5]],"output":[[2,9],[9,2],[9,2],[9,9],[2,2],[9,9]]}],"test":[{"input":[[3,3,3,9,3,3,3],[3,3,3,3,3,3,3],[3,3,9,9,3,3,3],[3,9,3,3,9,3,3],[5,5,4,5,4,4,4],[4,4,4,4,5,5,4],[5,5,4,5,5,4,4],[5,5,5,4,4,5,5]],"output":[[2,2,9,9,9,9,9],[9,9,9,9,2,2,9],[2,2,2,9,2,9,9],[2,9,2,9,2,2,2]]},{"input":[[9,3,3,9,3,3,3],[3,9,3,9,3,9,3],[5,4,4,4,5,4,5],[4,5,4,5,4,4,4]],"output":[[9,9,9,2,2,9,2],[9,9,9,9,9,2,9]]}],"metadata":{"task_id":"xor_vstack_differentpalette","dataset_id":"solve_bool","transformation_id":"xor"}}