{"train":[{"input":[[8,4,8,8,8,8,8,8,8,8],[8,8,8,4,8,8,8,4,8,4],[4,8,8,8,8,8,8,8,8,4]],"output":[[9,5,9,9,9],[9,9,5,5,5],[5,9,9,9,5]]},{"input":[[4,4,8,8,4,4,8,8,8,4,4,8,4,4],[4,4,8,4,4,8,8,4,4,8,8,4,8,8],[4,8,4,4,8,8,4,8,4,4,8,8,8,8],[8,8,4,4,8,8,8,4,4,8,8,8,8,8],[8,4,4,4,8,8,8,8,8,4,4,4,8,8]],"output":[[5,5,5,5,5,9,5],[9,9,9,5,9,9,9],[5,5,9,5,9,9,5],[5,5,5,5,9,9,9],[9,5,9,9,5,9,9]]},{"input":[[8,4,8,8,8,8],[8,4,8,8,4,8]],"output":[[9,5,9],[9,9,9]]}],"test":[{"input":[[4,4,8,4,8,4,8,8,8,8],[8,8,8,4,8,8,8,8,8,4],[8,4,8,8,8,8,8,8,8,8],[4,8,8,8,8,8,8,8,8,8],[4,4,4,4,8,8,8,4,4,4]],"output":[[9,5,9,5,9],[9,9,9,5,5],[9,5,9,9,9],[5,9,9,9,9],[5,5,9,9,5]]},{"input":[[8,4,8,8,8,8,8,4,8,8,8,8,4,8],[8,8,8,8,8,4,8,4,8,4,4,8,8,8],[8,8,8,8,8,8,8,8,8,8,8,8,4,8],[8,8,8,8,8,4,8,8,8,8,8,8,8,4],[8,8,8,8,8,8,8,8,4,4,8,8,8,4]],"output":[[5,5,9,9,9,5,9],[5,9,5,5,9,5,9],[9,9,9,9,9,5,9],[9,9,9,9,9,5,5],[9,5,5,9,9,9,5]]}],"metadata":{"task_id":"xor_hstack_samepalette","dataset_id":"solve_bool","transformation_id":"xor"}}