{"train":[{"input":[[0,0,0],[0,0,0],[4,0,0],[0,0,0],[0,0,0],[2,2,2],[9,9,9],[9,7,7],[9,9,9],[9,7,7],[7,9,7]],"output":[[8,8,8],[8,0,0],[0,8,8],[8,0,0],[0,8,0]]},{"input":[[4,0,4,0,4,0],[0,4,0,0,4,0],[0,4,0,4,4,0],[0,0,0,4,4,0],[0,0,4,0,4,0],[0,0,0,4,0,4],[0,0,0,0,4,4],[2,2,2,2,2,2],[9,9,7,7,9,7],[9,9,7,9,9,7],[7,9,9,9,7,7],[7,9,9,7,9,9],[7,7,9,9,9,7],[7,7,9,7,9,7],[9,7,7,9,7,7]],"output":[[0,8,8,0,0,0],[8,0,0,8,0,0],[0,0,8,0,8,0],[0,8,8,8,0,8],[0,0,0,8,0,0],[0,0,8,8,8,8],[8,0,0,8,8,8]]}],"test":[{"input":[[0,0,4,0,0,0,0],[0,0,0,0,0,0,4],[0,0,0,0,0,0,0],[4,0,0,0,0,0,0],[0,0,0,0,0,0,0],[2,2,2,2,2,2,2],[7,9,9,9,9,7,9],[9,9,7,7,7,7,7],[9,9,9,9,7,7,9],[7,9,9,7,9,9,9],[9,7,9,7,9,7,9]],"output":[[0,8,0,8,8,0,8],[8,8,0,0,0,0,8],[8,8,8,8,0,0,8],[8,8,8,0,8,8,8],[8,0,8,0,8,0,8]]},{"input":[[4,0],[4,0],[4,0],[0,0],[0,0],[0,0],[2,2],[9,7],[9,9],[9,9],[7,7],[7,9],[7,7]],"output":[[0,0],[0,8],[0,8],[0,0],[0,8],[0,0]]}],"metadata":{"task_id":"xor_vstack_differentpalette_wall1","dataset_id":"solve_bool","transformation_id":"xor"}}