{"train":[{"input":[[3,3,3,3,3,3,3],[3,3,9,3,3,3,3],[5,5,5,5,5,5,5],[3,3,3,3,3,3,9],[3,9,9,3,9,9,3]],"output":[[1,1,1,1,1,1,3],[1,3,1,1,3,3,1]]},{"input":[[9,3,3,3,3],[3,3,9,3,3],[3,9,9,9,9],[3,9,9,9,9],[5,5,5,5,5],[9,3,3,9,3],[3,9,9,3,3],[3,3,3,3,3],[3,3,3,3,3]],"output":[[1,1,1,3,1],[1,3,1,1,1],[1,3,3,3,3],[1,3,3,3,3]]}],"test":[{"input":[[3,3,3,3,3,3,9],[3,9,3,3,3,3,3],[3,3,3,3,3,3,3],[5,5,5,5,5,5,5],[3,9,3,3,9,3,3],[3,9,3,3,9,3,3],[3,3,3,3,3,3,3]],"output":[[1,3,1,1,3,1,3],[1,1,1,1,3,1,1],[1,1,1,1,1,1,1]]}],"metadata":{"task_id":"xor_vstack_samepalette_wall1","dataset_id":"solve_bool","transformation_id":"xor"}}