{"train":[{"input":[[0,4],[4,4],[1,1],[9,1]],"output":[[0,7],[0,7]]},{"input":[[0,4,4,0],[4,4,4,4],[4,4,4,4],[0,4,4,0],[1,1,1,1],[1,1,1,1],[1,1,1,1],[1,1,9,1]],"output":[[0,7,7,0],[7,7,7,7],[7,7,7,7],[0,7,0,0]]},{"input":[[4,4,4,0],[4,4,4,4],[0,0,4,4],[9,9,1,1],[9,9,9,1],[1,9,1,1]],"output":[[0,0,7,0],[0,0,0,7],[0,7,7,7]]},{"input":[[4,0,4],[0,4,4],[9,1,1],[1,1,1]],"output":[[0,0,7],[0,7,7]]}],"test":[{"input":[[4,4,0,0,0],[0,4,0,4,0],[0,4,4,4,4],[0,4,0,0,4],[4,4,0,0,4],[4,0,0,4,0],[1,1,1,1,1],[1,9,9,1,9],[1,1,1,1,1],[1,9,1,1,9],[9,1,1,1,1],[9,9,1,9,1]],"output":[[7,7,0,0,0],[0,0,7,7,7],[0,7,7,7,7],[0,0,0,0,0],[0,7,0,0,7],[0,7,0,0,0]]},{"input":[[0,4,4,4,4,0,4],[4,0,4,4,4,4,4],[4,4,4,4,4,4,4],[4,4,4,4,4,4,0],[0,4,4,4,0,4,4],[0,0,4,4,4,4,0],[4,4,4,4,4,4,4],[9,1,9,9,9,1,1],[1,1,1,9,9,1,1],[9,9,1,1,1,1,9],[9,1,1,9,9,9,1],[1,9,9,1,1,9,1],[9,1,1,9,1,9,9],[1,1,9,9,9,1,9]],"output":[[7,7,0,0,0,0,7],[7,0,7,0,0,7,7],[0,0,7,7,7,7,0],[0,7,7,0,0,0,0],[0,0,0,7,0,0,7],[7,0,7,0,7,0,7],[7,7,0,0,0,7,0]]}],"metadata":{"task_id":"xor_vstack_differentpalette","dataset_id":"solve_bool","transformation_id":"xor"}}