{"train":[{"input":[[1,1,1,1,0,1],[1,0,1,1,0,1],[3,2,3,3,3,2],[3,3,3,3,3,3]],"output":[[7,1,7,7,1,1],[7,1,7,7,1,7]]},{"input":[[0,1,1,1,1],[1,1,1,1,1],[2,3,3,2,3],[2,3,3,2,3]],"output":[[7,7,7,1,7],[1,7,7,1,7]]}],"test":[{"input":[[1,1,1,0,0],[0,1,1,1,0],[1,1,1,1,1],[0,0,1,0,1],[1,0,0,1,0],[1,1,0,0,0],[1,0,1,1,1],[3,3,2,3,3],[2,2,3,2,3],[3,3,3,3,3],[3,3,2,3,3],[2,3,3,2,2],[3,2,3,2,3],[3,3,3,3,3]],"output":[[7,7,1,1,1],[7,1,7,1,1],[7,7,7,7,7],[1,1,1,1,7],[1,1,1,1,7],[7,1,1,7,1],[7,1,7,7,7]]},{"input":[[1,1],[1,1],[1,1],[1,1],[0,1],[3,3],[3,3],[3,3],[3,2],[3,3]],"output":[[7,7],[7,7],[7,7],[7,1],[1,7]]}],"metadata":{"task_id":"xor_vstack_differentpalette","dataset_id":"solve_bool","transformation_id":"xor"}}