{"train":[{"input":[[8,8,8,3,8,3,2,5,5,5,5,0,5],[8,8,8,8,8,8,2,5,5,5,0,0,5]],"output":[[9,9,9,3,3,3],[9,9,9,3,3,9]]},{"input":[[8,8,8,8,2,5,0,5,0],[3,8,3,8,2,0,5,5,5],[8,8,8,3,2,0,0,5,0],[3,8,8,3,2,0,0,0,0],[3,3,8,3,2,0,5,5,5],[3,8,8,8,2,0,5,5,5]],"output":[[9,3,9,3],[9,9,3,9],[3,3,9,9],[9,3,3,9],[9,3,9,3],[9,9,9,9]]}],"test":[{"input":[[3,8,3,8,2,5,5,0,5],[8,3,8,8,2,5,5,0,5],[8,8,8,8,2,5,5,5,5],[8,8,8,3,2,0,5,5,0]],"output":[[3,9,9,9],[9,3,3,9],[9,9,9,9],[3,9,9,9]]},{"input":[[3,3,8,2,5,5,5],[3,8,8,2,0,5,0]],"output":[[3,3,9],[9,9,3]]}],"metadata":{"task_id":"xor_hstack_differentpalette_wall1","dataset_id":"solve_bool","transformation_id":"xor"}}