{"train":[{"input":[[2,2,2,9,9,9,2],[2,2,9,2,2,9,2],[2,2,9,2,9,2,9],[9,2,9,2,9,2,2],[5,8,8,8,8,8,8],[8,5,8,5,8,5,8],[8,8,5,8,8,5,8],[8,8,8,5,8,5,8]],"output":[[8,9,9,8,8,8,9],[9,8,8,8,9,9,9],[9,9,9,9,8,8,8],[8,9,8,8,8,8,9]]},{"input":[[2,2,2,2,2],[2,2,9,2,2],[2,2,2,2,2],[5,8,8,8,8],[5,5,5,8,5],[5,8,8,8,8]],"output":[[8,9,9,9,9],[8,8,9,9,8],[8,9,9,9,9]]},{"input":[[9,2,2],[2,2,9],[9,2,9],[5,5,8],[8,8,5],[5,8,8]],"output":[[9,8,9],[9,9,9],[9,9,8]]},{"input":[[2,2,2,9,2,2,2],[2,2,2,2,2,2,2],[2,2,2,2,2,2,9],[9,2,2,2,2,2,2],[2,2,2,2,2,2,2],[8,5,8,8,8,8,5],[5,8,5,8,8,8,8],[8,8,8,5,8,8,8],[8,8,8,5,8,8,5],[8,5,5,8,5,8,8]],"output":[[9,8,9,8,9,9,8],[8,9,8,9,9,9,9],[9,9,9,8,9,9,8],[8,9,9,8,9,9,8],[9,8,8,9,8,9,9]]}],"test":[{"input":[[2,2,2,2,2],[2,2,2,9,2],[2,2,2,2,2],[5,5,8,8,5],[5,5,5,8,8],[8,5,8,8,8]],"output":[[8,8,9,9,8],[8,8,8,8,9],[9,8,9,9,9]]}],"metadata":{"task_id":"xor_vstack_differentpalette","dataset_id":"solve_bool","transformation_id":"xor"}}