{"train":[{"input":[[4,4,4,8,4,3,3],[3,4,3,8,4,3,4],[3,4,4,8,3,4,4],[3,3,3,8,4,3,3],[3,4,3,8,4,3,3]],"output":[[3,1,1],[1,1,1],[3,3,3],[1,3,3],[1,1,3]]},{"input":[[4,3,8,3,3],[3,4,8,3,3],[4,3,8,3,3],[4,3,8,3,4],[3,3,8,4,3],[4,4,8,3,3]],"output":[[1,3],[3,1],[1,3],[1,1],[1,3],[1,1]]}],"test":[{"input":[[4,3,4,8,3,4,4],[3,3,3,8,3,3,4],[3,3,4,8,3,3,4],[3,3,3,8,4,4,3],[3,3,3,8,3,4,3]],"output":[[1,1,3],[3,3,1],[3,3,3],[1,1,3],[3,1,3]]}],"metadata":{"task_id":"xor_hstack_samepalette_wall1","dataset_id":"solve_bool","transformation_id":"xor"}}