{"train":[{"input":[[0,4,0,0,0,4,1,0,0,4,0,0,4],[4,4,4,4,4,4,1,0,0,0,0,0,0],[0,0,4,0,4,0,1,0,0,4,4,4,0],[0,4,4,0,0,4,1,4,4,4,4,0,0],[0,0,0,0,4,4,1,0,4,4,4,0,0]],"output":[[2,4,4,2,2,2],[4,4,4,4,4,4],[2,2,2,4,2,2],[4,2,2,4,2,4],[2,4,4,4,4,4]]},{"input":[[0,4,0,1,0,0,4],[4,4,0,1,4,0,4],[0,0,0,1,4,4,4],[4,0,4,1,0,0,0],[0,0,0,1,0,0,0],[4,0,0,1,0,4,0],[0,0,0,1,0,0,4]],"output":[[2,4,4],[2,4,4],[4,4,4],[4,2,4],[2,2,2],[4,4,2],[2,2,4]]},{"input":[[4,0,1,0,0],[4,4,1,0,0],[0,0,1,4,4],[0,4,1,0,4],[4,0,1,4,0]],"output":[[4,2],[4,4],[4,4],[2,2],[2,2]]},{"input":[[0,0,0,0,0,4,0,1,0,4,0,0,0,0,0],[0,0,0,0,0,0,0,1,4,4,0,0,0,0,4]],"output":[[2,4,2,2,2,4,2],[4,4,2,2,2,2,4]]}],"test":[{"input":[[0,0,0,1,0,4,4],[0,0,4,1,4,0,0],[4,0,4,1,0,4,0],[0,0,0,1,4,0,4]],"output":[[2,4,4],[4,2,4],[4,4,4],[4,2,4]]},{"input":[[0,4,0,4,1,0,0,0,0],[0,0,0,4,1,0,0,0,0],[0,0,0,4,1,4,4,0,0]],"output":[[2,4,2,4],[2,2,2,4],[4,4,2,4]]}],"metadata":{"task_id":"xor_hstack_samepalette_wall1","dataset_id":"solve_bool","transformation_id":"xor"}}