{"train":[{"input":[[6,6,6,6,7,7,7,8],[9,6,6,6,7,8,8,7],[6,9,6,6,7,7,7,7]],"output":[[1,1,1,7],[7,7,7,1],[1,7,1,1]]},{"input":[[6,9,6,6,8,7,7,7],[6,6,6,6,7,7,7,7]],"output":[[7,7,1,1],[1,1,1,1]]}],"test":[{"input":[[6,6,9,7,7,8],[9,6,6,7,8,7],[6,6,6,7,8,7]],"output":[[1,1,1],[7,7,1],[1,7,1]]},{"input":[[6,6,6,6,6,6,6,7,7,8,7,7,7,7],[6,6,6,6,6,6,6,7,7,8,7,7,7,8],[6,6,9,6,6,6,6,7,7,7,7,7,8,8],[6,6,6,6,6,6,9,7,7,8,8,7,7,7],[9,6,6,6,6,6,9,7,7,7,8,7,8,7],[6,6,6,6,6,6,6,8,8,7,7,8,7,7]],"output":[[1,1,7,1,1,1,1],[1,1,7,1,1,1,7],[1,1,7,1,1,7,7],[1,1,7,7,1,1,7],[7,1,1,7,1,7,7],[7,7,1,1,7,1,1]]}],"metadata":{"task_id":"xor_hstack_differentpalette","dataset_id":"solve_bool","transformation_id":"xor"}}