{"train":[{"input":[[4,4,6,4,4,4,4],[4,4,4,4,4,6,4],[4,4,4,4,4,4,4],[1,3,1,3,1,3,1],[3,1,3,3,3,3,3],[3,3,1,3,3,1,1]],"output":[[0,1,1,1,0,1,0],[1,0,1,1,1,0,1],[1,1,0,1,1,0,0]]},{"input":[[6,6,6,4],[4,4,4,4],[4,4,4,4],[4,4,4,4],[6,6,4,6],[4,4,4,6],[3,3,1,3],[3,1,3,3],[3,1,3,3],[3,3,3,3],[3,3,3,3],[1,3,3,3]],"output":[[0,0,1,1],[1,0,1,1],[1,0,1,1],[1,1,1,1],[0,0,1,0],[0,1,1,0]]},{"input":[[6,4,6],[4,4,4],[4,4,4],[4,4,4],[4,4,4],[6,4,4],[3,3,3],[3,1,3],[1,1,1],[3,3,3],[1,3,3],[1,3,1]],"output":[[0,1,0],[1,0,1],[0,0,0],[1,1,1],[0,1,1],[1,1,0]]},{"input":[[4,6],[4,4],[4,4],[4,4],[4,4],[4,4],[4,4],[3,3],[3,3],[3,1],[3,3],[3,3],[1,3],[3,3]],"output":[[1,0],[1,1],[1,0],[1,1],[1,1],[0,1],[1,1]]}],"test":[{"input":[[4,6,4,4],[4,4,6,4],[4,4,4,4],[4,4,4,6],[3,1,1,1],[3,1,1,3],[3,3,1,3],[3,1,1,3]],"output":[[1,1,0,0],[1,0,1,1],[1,1,0,1],[1,0,0,0]]},{"input":[[4,4,6],[4,4,4],[4,4,6],[4,6,4],[3,3,1],[3,1,3],[3,3,3],[3,1,3]],"output":[[1,1,1],[1,0,1],[1,1,0],[1,1,1]]}],"metadata":{"task_id":"xor_vstack_differentpalette","dataset_id":"solve_bool","transformation_id":"xor"}}