{"train":[{"input":[[4,6,2,6,6],[6,6,2,4,4],[6,6,2,6,6]],"output":[[7,2],[7,7],[2,2]]},{"input":[[4,6,6,4,6,2,6,6,4,4,4],[6,4,6,6,4,2,6,6,4,4,6],[6,6,6,6,4,2,6,4,4,4,4],[6,6,4,6,4,2,4,6,6,4,4],[6,6,6,6,4,2,6,6,6,6,6],[6,6,4,6,6,2,6,6,6,6,6]],"output":[[7,2,7,2,7],[2,7,7,7,7],[2,7,7,7,2],[7,2,7,7,2],[2,2,2,2,7],[2,2,7,2,2]]}],"test":[{"input":[[4,4,4,6,2,6,6,6,6],[6,4,6,4,2,6,6,6,6],[4,6,6,6,2,4,6,6,6]],"output":[[7,7,7,2],[2,7,2,7],[2,2,2,2]]},{"input":[[6,6,4,6,6,4,6,2,6,4,6,6,6,6,6],[6,6,6,6,6,4,4,2,6,4,4,6,6,4,6]],"output":[[2,7,7,2,2,7,2],[2,7,7,2,2,2,7]]}],"metadata":{"task_id":"xor_hstack_samepalette_wall1","dataset_id":"solve_bool","transformation_id":"xor"}}