{"train":[{"input":[[9,9,9],[9,6,6],[6,9,9],[6,9,9],[6,6,6],[6,6,9],[6,9,6],[6,6,9],[6,6,9],[9,9,6],[6,6,6],[9,9,6]],"output":[[6,3,6],[6,3,6],[3,6,3],[6,3,6],[3,3,3],[6,6,6]]},{"input":[[6,9,9],[6,6,6],[9,6,9],[6,6,9],[9,9,6],[6,6,6],[6,6,9],[6,6,6],[6,6,6],[6,6,6],[6,6,6],[6,6,6],[6,9,6],[6,6,9]],"output":[[3,6,6],[3,3,3],[6,3,6],[3,3,6],[6,6,3],[3,6,3],[3,3,3]]}],"test":[{"input":[[6,6,6,9,6,9],[6,6,6,6,6,6],[6,6,6,6,6,6],[6,6,6,6,6,6],[6,6,9,6,6,6],[6,6,9,6,6,9],[6,6,6,6,9,9],[9,6,9,9,6,9],[6,6,6,6,9,6],[9,6,6,9,9,6]],"output":[[3,3,6,6,3,3],[3,3,3,3,6,6],[6,3,6,6,3,6],[3,3,3,3,6,3],[6,3,6,6,6,3]]},{"input":[[6,6],[9,6],[6,6],[6,9],[6,6],[6,6],[6,6],[6,9],[9,6],[6,6],[6,6],[6,6],[6,6],[6,6]],"output":[[3,6],[3,3],[3,3],[3,6],[3,3],[3,3],[3,3]]}],"metadata":{"task_id":"xor_vstack_samepalette","dataset_id":"solve_bool","transformation_id":"xor"}}