{"train":[{"input":[[9,9],[2,2],[2,2],[2,9],[2,2],[0,0],[2,2],[2,2],[2,2],[2,2],[2,9]],"output":[[0,0],[5,5],[5,5],[5,0],[5,0]]},{"input":[[2,9,9,9],[2,2,2,2],[9,2,2,2],[2,2,9,2],[2,9,9,2],[9,2,2,9],[0,0,0,0],[2,2,9,9],[2,9,2,2],[9,2,2,9],[2,2,2,2],[9,2,2,2],[2,2,9,2]],"output":[[5,0,5,5],[5,0,5,5],[5,5,5,0],[5,5,0,5],[0,0,0,5],[0,5,0,0]]},{"input":[[2,2,2,2,9,2,2],[9,2,2,9,2,2,9],[0,0,0,0,0,0,0],[2,9,9,2,2,2,9],[2,2,2,2,2,9,2]],"output":[[5,0,0,5,0,5,0],[0,5,5,0,5,0,0]]}],"test":[{"input":[[2,9,2,9,2,9],[2,2,9,9,2,9],[0,0,0,0,0,0],[2,2,2,2,2,2],[2,2,9,2,2,2]],"output":[[5,0,5,0,5,0],[5,5,5,0,5,0]]}],"metadata":{"task_id":"xor_vstack_samepalette_wall1","dataset_id":"solve_bool","transformation_id":"xor"}}