{"train":[{"input":[[1,3,3,1,3,8,2,2,2,8],[3,1,1,1,3,2,2,2,2,8],[1,3,3,3,3,8,8,2,2,2],[1,1,1,3,3,2,8,2,8,2],[3,1,1,1,1,2,2,2,2,2]],"output":[[3,3,3,6,6],[3,6,6,6,6],[3,6,3,3,3],[6,3,6,6,3],[3,6,6,6,6]]},{"input":[[1,1,1,1,2,8,2,2],[1,1,1,1,8,2,2,8],[1,3,1,1,8,8,2,2],[3,3,1,1,2,8,8,2],[1,1,1,1,2,2,2,8],[3,1,1,1,2,2,8,2]],"output":[[6,3,6,6],[3,6,6,3],[3,6,6,6],[3,6,3,6],[6,6,6,3],[3,6,3,6]]},{"input":[[1,1,3,1,1,1,8,2,2,2,2,8],[1,1,3,1,1,1,2,2,2,8,2,2],[1,1,1,1,1,1,2,2,2,2,2,8],[3,1,1,1,1,1,2,8,2,2,2,8],[1,1,1,1,1,1,2,2,8,2,8,8]],"output":[[3,6,3,6,6,3],[6,6,3,3,6,6],[6,6,6,6,6,3],[3,3,6,6,6,3],[6,6,3,6,3,3]]}],"test":[{"input":[[1,1,3,1,1,1,2,2,2,8,2,2],[1,3,1,1,1,1,2,2,2,2,2,2],[1,1,1,1,1,3,2,2,2,2,2,2]],"output":[[6,6,3,3,6,6],[6,3,6,6,6,6],[6,6,6,6,6,3]]}],"metadata":{"task_id":"xor_hstack_differentpalette","dataset_id":"solve_bool","transformation_id":"xor"}}