{"train":[{"input":[[2,2,2,5,2,5],[2,5,5,2,5,5],[5,5,2,2,5,5],[2,2,5,5,5,2],[5,2,5,5,5,5],[5,5,5,2,5,2],[5,5,2,5,2,2],[5,5,2,2,5,5],[2,5,5,5,2,5],[2,2,2,5,5,5]],"output":[[5,5,5,5,5,5],[5,4,5,5,5,5],[4,4,4,4,4,4],[4,5,4,4,5,5],[5,4,5,4,4,4]]},{"input":[[2,5,2],[5,5,5],[5,5,5],[5,2,5],[5,2,2],[5,2,5],[5,5,5],[5,5,5],[2,5,5],[5,2,2],[5,5,5],[5,5,5],[2,5,2],[5,5,2]],"output":[[5,4,5],[5,4,4],[4,5,5],[4,5,4],[4,5,5],[5,5,5],[4,4,5]]},{"input":[[2,2,5,5],[2,5,2,5],[5,5,5,2],[2,5,2,2],[5,5,5,5],[2,5,5,5],[5,5,5,5],[5,5,5,5],[2,5,5,5],[5,5,2,5],[5,5,5,5],[5,5,5,5]],"output":[[5,5,4,4],[5,4,5,4],[5,4,4,5],[5,4,4,5],[4,4,4,4],[5,4,4,4]]}],"test":[{"input":[[5,5],[2,5],[2,2],[2,5],[2,5],[5,5],[5,5],[5,5]],"output":[[5,4],[5,4],[5,5],[5,4]]}],"metadata":{"task_id":"xor_vstack_samepalette","dataset_id":"solve_bool","transformation_id":"xor"}}