{"train":[{"input":[[3,3,2,8],[9,3,8,2],[9,3,2,2],[3,3,8,8],[3,9,2,2],[3,3,8,8]],"output":[[4,2],[4,4],[2,4],[2,2],[4,2],[2,2]]},{"input":[[3,9,3,3,2,2,8,2],[3,9,3,9,2,2,2,2],[3,9,9,3,2,2,2,8],[9,3,9,9,2,2,2,8]],"output":[[4,2,2,4],[4,2,4,2],[4,2,2,2],[2,4,2,4]]},{"input":[[9,3,3,9,3,3,2,2,2,8,2,8],[9,9,3,3,9,3,2,2,2,2,2,2],[9,3,3,3,9,3,2,2,2,2,8,2]],"output":[[2,4,4,4,4,2],[2,2,4,4,2,4],[2,4,4,4,4,4]]}],"test":[{"input":[[3,3,3,2,2,2],[9,3,9,2,2,2],[9,3,9,8,2,2],[9,9,3,2,2,2]],"output":[[4,4,4],[2,4,2],[4,4,2],[2,2,4]]},{"input":[[3,9,3,2,2,2],[3,9,3,8,2,8],[3,3,3,2,8,8],[3,3,3,2,8,2],[3,9,3,2,8,2]],"output":[[4,2,4],[2,2,2],[4,2,2],[4,2,4],[4,4,4]]}],"metadata":{"task_id":"xor_hstack_differentpalette","dataset_id":"solve_bool","transformation_id":"xor"}}