{"train":[{"input":[[8,8],[8,8],[8,8],[8,1],[8,8],[8,8],[6,6],[6,6],[6,7],[6,6],[6,6],[6,6]],"output":[[2,2],[2,2],[2,5],[2,5],[2,2],[2,2]]},{"input":[[8,8,8,1,1],[8,1,8,8,8],[1,1,8,1,8],[8,1,8,8,1],[1,1,8,8,8],[8,8,1,1,8],[6,6,6,6,6],[6,6,7,6,7],[6,7,7,6,7],[6,6,6,6,7],[7,6,7,6,6],[7,6,6,6,6]],"output":[[2,2,2,5,5],[2,5,5,2,5],[5,2,5,5,5],[2,5,2,2,2],[2,5,5,2,2],[5,2,5,5,2]]},{"input":[[8,8,8],[1,1,1],[1,1,8],[8,8,8],[8,1,8],[6,6,7],[6,6,6],[6,6,6],[6,6,6],[6,6,6]],"output":[[2,2,5],[5,5,5],[5,5,2],[2,2,2],[2,5,2]]},{"input":[[1,8,1,8,8],[8,1,1,1,8],[8,1,1,8,1],[8,1,8,1,8],[8,8,1,8,1],[6,6,6,6,6],[6,6,6,7,6],[6,6,6,6,7],[7,6,6,7,6],[6,6,6,7,6]],"output":[[5,2,5,2,2],[2,5,5,2,2],[2,5,5,2,2],[5,5,2,2,2],[2,2,5,5,5]]}],"test":[{"input":[[8,1,1,1,1,1],[8,8,8,8,1,1],[8,8,1,1,8,1],[8,8,1,8,8,1],[1,8,8,8,1,1],[8,8,8,8,1,1],[1,8,1,1,8,1],[7,6,6,6,6,6],[6,6,6,6,6,6],[6,6,6,6,7,6],[6,7,6,7,6,7],[7,7,7,6,7,6],[7,6,6,6,6,6],[6,7,7,6,6,6]],"output":[[5,5,5,5,5,5],[2,2,2,2,5,5],[2,2,5,5,5,5],[2,5,5,5,2,2],[2,5,5,2,2,5],[5,2,2,2,5,5],[5,5,2,5,2,5]]}],"metadata":{"task_id":"xor_vstack_differentpalette","dataset_id":"solve_bool","transformation_id":"xor"}}