{"train":[{"input":[[3,3,6,6,3,3,3,3,3,3],[6,6,3,6,6,3,3,3,3,3],[6,3,6,3,6,6,6,3,3,3],[6,3,3,6,3,3,3,3,3,3],[3,6,6,6,3,3,3,3,3,3],[3,3,6,3,3,3,6,3,3,3]],"output":[[6,6,4,4,6],[4,4,6,4,4],[6,4,4,6,4],[4,6,6,4,6],[6,4,4,4,6],[6,4,4,6,6]]},{"input":[[3,3,3,3],[3,6,3,3],[3,3,3,6],[3,3,3,3],[3,3,3,3],[3,6,6,3]],"output":[[6,6],[6,4],[6,4],[6,6],[6,6],[4,4]]},{"input":[[3,3,3,3,3,3,3,3,6,3],[3,3,3,6,3,3,3,3,3,6]],"output":[[6,6,6,4,6],[6,6,6,4,4]]},{"input":[[3,3,3,3,6,3,3,6,3,3],[3,6,3,3,6,6,3,3,3,3],[3,6,3,6,6,6,3,3,3,6]],"output":[[6,6,4,6,4],[4,4,6,6,4],[4,4,6,4,6]]}],"test":[{"input":[[3,6,6,3,3,3,6,3,3,6,6,6],[3,3,3,6,3,6,3,3,3,6,3,3],[6,3,6,3,3,3,3,3,3,6,3,3],[6,6,6,3,3,3,6,3,3,3,6,3],[3,6,6,3,6,3,3,3,6,3,3,3]],"output":[[4,4,4,4,4,4],[6,6,6,6,6,4],[4,6,4,4,6,6],[6,4,4,6,4,6],[6,4,6,6,4,6]]},{"input":[[6,6,3,6,3,3,3,3,3,3],[3,3,3,6,6,3,3,3,3,3],[3,6,6,3,3,3,3,3,3,6],[6,6,3,6,3,3,3,3,3,3],[3,3,3,3,3,3,3,3,3,6]],"output":[[4,4,6,4,6],[6,6,6,4,4],[6,4,4,6,4],[4,4,6,4,6],[6,6,6,6,4]]}],"metadata":{"task_id":"xor_hstack_samepalette","dataset_id":"solve_bool","transformation_id":"xor"}}