{"train":[{"input":[[2,2,2,1,2,6,8,8,9,9,9],[1,1,2,1,2,6,9,8,8,8,9],[1,2,1,2,2,6,9,9,8,8,9],[2,2,2,1,2,6,9,9,9,9,8],[2,2,1,1,1,6,8,9,8,8,8]],"output":[[8,8,6,8,6],[8,6,8,6,6],[8,6,6,8,6],[6,6,6,8,8],[8,6,6,6,6]]},{"input":[[2,1,2,1,2,6,9,9,8,8,8],[2,2,2,2,2,6,9,9,9,8,9],[2,2,2,2,2,6,8,9,8,9,8],[2,1,2,1,2,6,8,9,8,9,8],[2,2,1,2,2,6,9,8,9,9,8]],"output":[[6,8,8,6,8],[6,6,6,8,6],[8,6,8,6,8],[8,8,8,8,8],[6,8,8,6,8]]},{"input":[[2,2,1,1,6,9,9,9,9],[1,2,2,2,6,8,9,9,9],[2,2,1,2,6,9,9,9,8],[2,2,2,2,6,9,9,8,8],[1,2,2,1,6,8,8,9,8],[2,2,2,1,6,9,9,8,8]],"output":[[6,6,8,8],[6,6,6,6],[6,6,8,8],[6,6,8,8],[6,8,6,6],[6,6,8,6]]},{"input":[[2,2,6,9,8],[2,1,6,9,9],[1,1,6,9,9],[1,1,6,8,8],[1,2,6,8,9],[1,2,6,9,9],[2,2,6,9,8]],"output":[[6,8],[6,8],[8,8],[6,6],[6,6],[8,6],[6,8]]}],"test":[{"input":[[2,1,2,1,2,1,2,6,9,9,9,9,9,9,9],[1,2,1,1,2,2,2,6,9,9,9,9,9,9,9],[2,1,2,1,2,2,2,6,8,9,9,8,9,9,9]],"output":[[6,8,6,8,6,8,6],[8,6,8,8,6,6,6],[8,8,6,6,6,6,6]]},{"input":[[2,2,2,2,1,2,6,9,9,9,9,8,8],[2,1,2,1,2,2,6,8,9,9,9,9,8],[2,2,2,2,2,2,6,9,8,8,8,9,9]],"output":[[6,6,6,6,6,8],[8,8,6,8,6,8],[6,8,8,8,6,6]]}],"metadata":{"task_id":"xor_hstack_differentpalette_wall1","dataset_id":"solve_bool","transformation_id":"xor"}}