{"train":[{"input":[[9,9,2,0,0],[9,9,2,1,1],[9,9,2,1,1],[9,9,2,1,1],[9,8,2,1,1]],"output":[[6,6],[0,0],[0,0],[0,0],[0,6]]},{"input":[[9,9,8,9,2,1,1,1,0],[9,9,9,8,2,1,1,1,1],[9,9,9,9,2,1,0,0,1],[8,9,9,9,2,1,1,1,0]],"output":[[0,0,6,6],[0,0,0,6],[0,6,6,0],[6,0,0,6]]},{"input":[[9,9,9,9,9,8,2,1,1,1,1,1,1],[9,9,9,8,8,8,2,1,1,1,1,0,1],[9,8,9,9,9,9,2,1,0,1,1,1,1],[8,9,9,9,9,8,2,1,1,1,1,1,1],[9,8,9,9,9,9,2,1,1,0,0,1,1],[8,9,9,8,9,8,2,1,1,1,1,1,1],[8,9,9,9,9,9,2,1,1,1,1,1,1]],"output":[[0,0,0,0,0,6],[0,0,0,6,0,6],[0,0,0,0,0,0],[6,0,0,0,0,6],[0,6,6,6,0,0],[6,0,0,6,0,6],[6,0,0,0,0,0]]},{"input":[[9,8,2,1,0],[8,9,2,1,1],[8,9,2,1,1],[9,8,2,1,0],[9,9,2,1,1]],"output":[[0,0],[6,0],[6,0],[0,0],[0,0]]}],"test":[{"input":[[9,9,8,9,2,1,1,1,0],[9,8,9,9,2,0,1,0,1],[9,9,8,9,2,1,1,1,1]],"output":[[0,0,6,6],[6,6,6,0],[0,0,6,0]]},{"input":[[9,9,9,2,0,0,1],[8,8,9,2,1,1,0],[9,8,9,2,0,1,1],[8,8,8,2,1,1,1],[9,9,9,2,1,1,1],[8,9,9,2,1,1,0]],"output":[[6,6,0],[6,6,6],[6,6,0],[6,6,6],[0,0,0],[6,0,6]]}],"metadata":{"task_id":"xor_hstack_differentpalette_wall1","dataset_id":"solve_bool","transformation_id":"xor"}}