{"train":[{"input":[[6,4,0,0],[4,6,1,1],[4,4,0,0],[4,6,0,0],[6,6,0,1],[4,6,0,1]],"output":[[0,4],[0,4],[4,4],[4,0],[0,4],[4,4]]},{"input":[[4,6,6,6,0,0,0,0],[4,4,6,6,1,0,0,1]],"output":[[4,0,0,0],[0,4,0,4]]},{"input":[[6,6,0,1],[6,4,0,1],[6,6,0,0],[6,6,0,0]],"output":[[0,4],[0,0],[0,0],[0,0]]}],"test":[{"input":[[4,6,6,6,6,1,0,1,0,0],[6,6,6,6,6,0,0,0,0,0],[6,4,6,6,6,0,0,0,1,0],[6,6,6,6,6,0,0,0,1,0],[6,6,6,6,6,0,0,0,0,1]],"output":[[0,0,4,0,0],[0,0,0,0,0],[0,4,0,4,0],[0,0,0,4,0],[0,0,0,0,4]]}],"metadata":{"task_id":"xor_hstack_differentpalette","dataset_id":"solve_bool","transformation_id":"xor"}}