{"train":[{"input":[[0,0,3,3,0,0],[0,0,3,2,2,0],[0,1,1,2,2,1],[0,1,1,1,1,1],[0,1,1,1,1,1],[0,0,3,3,0,0]],"output":[[3,3],[3,3],[3,3],[3,3],[3,3],[3,3]]},{"input":[[0,0,4,4,4,0],[0,6,4,4,4,6],[0,6,4,4,4,6],[0,6,4,7,7,7],[0,0,4,7,7,7],[0,0,0,7,7,7]],"output":[[6,6,6,6,6],[6,6,6,6,6],[6,6,6,6,6]]},{"input":[[0,0,0,0,0,0],[0,7,7,7,7,7],[0,7,8,8,8,7],[2,2,2,8,8,7],[2,2,2,8,8,0],[2,2,2,0,0,0]],"output":[[7,7,7,7,7],[7,7,7,7,7],[7,7,7,7,7]]}],"test":[{"input":[[0,0,0,0],[0,0,4,4],[0,8,8,4],[0,8,8,4],[0,8,8,4],[0,8,8,4]],"output":[[4,4],[4,4],[4,4],[4,4],[4,4]]},{"input":[[0,0,0,0,0,0],[0,0,0,5,0,0],[0,3,3,5,3,0],[0,3,4,5,4,4],[0,0,4,5,4,4],[0,0,0,5,0,0]],"output":[[3,3,3,3],[3,3,3,3]]},{"input":[[0,0,2,0,0,0],[0,5,2,5,0,0],[1,1,1,1,1,1],[0,5,2,5,0,0],[0,0,2,0,0,0],[0,0,2,0,0,0]],"output":[[5,5,5],[5,5,5],[5,5,5]]}]}