{"train":[{"input":[[3,3,3,3,3,3,3,3,3],[2,3,3,3,3,3,3,3,3],[3,3,3,3,3,3,3,3,3],[3,3,3,3,3,3,3,3,3],[2,3,3,3,3,3,3,3,3],[3,3,3,3,3,3,3,3,3],[3,3,3,3,2,3,3,2,3]],"output":[[9,5,5,5,4,5,5,4,5],[4,4,4,4,4,4,4,4,4],[9,5,5,5,4,5,5,4,5],[9,5,5,5,4,5,5,4,5],[4,4,4,4,4,4,4,4,4],[9,5,5,5,4,5,5,4,5],[9,9,9,9,4,9,9,4,9]]},{"input":[[3,2,3,2,3],[2,3,3,3,3],[2,3,3,3,3],[3,3,3,3,3],[3,3,3,3,3],[2,3,3,3,3],[2,3,3,3,3],[3,3,3,3,3],[3,3,3,3,3]],"output":[[9,4,9,4,9],[4,4,4,4,4],[4,4,4,4,4],[9,4,5,4,5],[9,4,5,4,5],[4,4,4,4,4],[4,4,4,4,4],[9,4,5,4,5],[9,4,5,4,5]]}],"test":[{"input":[[3,3,2,3,3,2],[2,3,3,3,3,3],[3,3,3,3,3,3],[2,3,3,3,3,3],[3,3,3,3,3,3],[2,3,3,3,3,3]],"output":[[9,9,4,9,9,4],[4,4,4,4,4,4],[9,5,4,5,5,4],[4,4,4,4,4,4],[9,5,4,5,5,4],[4,4,4,4,4,4]]},{"input":[[3,3,3,3,3,3,3],[3,3,3,3,3,3,2],[3,3,3,3,3,3,3],[3,3,3,3,3,3,2],[3,2,2,3,2,3,3]],"output":[[5,4,4,5,4,5,9],[4,4,4,4,4,4,4],[5,4,4,5,4,5,9],[4,4,4,4,4,4,4],[9,4,4,9,4,9,9]]}],"metadata":{"dataset_id":"solve_span","transformation_id":"alternating_intersection or outputborder=True"}}