{"train":[{"input":[[6,8,8,8,8,8],[8,8,8,8,8,8],[6,8,8,8,8,8],[8,8,8,8,8,8],[6,8,8,8,8,8],[8,8,6,8,8,6]],"output":[[9,9,9,9,9],[0,9,0,0,9],[9,9,9,9,9],[0,9,0,0,9],[9,9,9,9,9]]},{"input":[[8,8,8,8,8],[8,8,8,8,6],[8,8,8,8,8],[8,8,8,8,6],[8,8,8,8,6],[8,8,8,8,6],[8,8,8,8,8],[6,8,6,8,8]],"output":[[9,0,9,0],[9,9,9,9],[9,0,9,0],[9,9,9,9],[9,9,9,9],[9,9,9,9],[9,0,9,0]]}],"test":[{"input":[[6,8,8,6,8,8,6,8],[8,8,8,8,8,8,8,6],[8,8,8,8,8,8,8,8],[8,8,8,8,8,8,8,6],[8,8,8,8,8,8,8,8],[8,8,8,8,8,8,8,8],[8,8,8,8,8,8,8,6]],"output":[[9,9,9,9,9,9,9],[9,0,0,9,0,0,9],[9,9,9,9,9,9,9],[9,0,0,9,0,0,9],[9,0,0,9,0,0,9],[9,9,9,9,9,9,9]]}],"metadata":{"dataset_id":"solve_span","transformation_id":"alternating_intersection or outputborder=False"}}