{"train":[{"input":[[6,9,6,9,6,6],[6,6,6,6,6,6],[6,6,6,6,6,9],[6,6,6,6,6,6],[6,6,6,6,6,9],[6,6,6,6,6,6]],"output":[[3,2,3,2,3],[2,2,2,2,2],[3,2,3,2,3],[2,2,2,2,2],[3,2,3,2,3]]},{"input":[[9,6,6,6,6,6],[6,6,6,6,6,6],[9,6,6,6,6,6],[9,6,6,6,6,6],[6,6,6,6,6,6],[6,6,6,6,6,6],[6,6,6,6,6,6],[9,6,6,6,6,6],[6,6,9,6,9,9]],"output":[[2,2,2,2,2],[3,2,3,2,2],[2,2,2,2,2],[2,2,2,2,2],[3,2,3,2,2],[3,2,3,2,2],[3,2,3,2,2],[2,2,2,2,2]]}],"test":[{"input":[[6,9,6,6,6,9,6],[6,6,6,6,6,6,6],[6,6,6,6,6,6,6],[9,6,6,6,6,6,6],[6,6,6,6,6,6,6],[9,6,6,6,6,6,6],[6,6,6,6,6,6,6]],"output":[[2,3,3,3,2,3],[2,3,3,3,2,3],[2,2,2,2,2,2],[2,3,3,3,2,3],[2,2,2,2,2,2],[2,3,3,3,2,3]]}],"metadata":{"dataset_id":"solve_span","transformation_id":"alternating_intersection or outputborder=False"}}