{"train":[{"input":[[1,1,1,1,1,3],[1,1,1,1,1,1],[1,1,1,1,1,3],[1,1,1,1,1,1],[3,1,3,1,3,1]],"output":[[1,1,1,1,1],[1,9,1,9,1],[1,1,1,1,1],[1,9,1,9,1]]},{"input":[[1,1,1,1,1,3],[1,1,1,1,1,1],[1,1,1,1,1,3],[1,1,1,1,1,1],[1,1,1,1,1,3],[1,1,3,1,3,1]],"output":[[1,1,1,1,1],[9,9,1,9,1],[1,1,1,1,1],[9,9,1,9,1],[1,1,1,1,1]]},{"input":[[1,1,1,1,1,1,1,1],[3,1,1,1,1,1,1,1],[1,1,1,1,1,1,1,1],[3,1,1,1,1,1,1,1],[1,1,1,3,1,1,3,1]],"output":[[9,9,1,9,9,1,9],[1,1,1,1,1,1,1],[9,9,1,9,9,1,9],[1,1,1,1,1,1,1]]}],"test":[{"input":[[1,1,1,1,1,1,3],[1,1,1,1,1,1,1],[1,1,1,1,1,1,3],[1,1,1,1,1,1,1],[1,1,1,1,1,1,3],[1,1,3,1,3,3,1]],"output":[[1,1,1,1,1,1],[9,9,1,9,1,1],[1,1,1,1,1,1],[9,9,1,9,1,1],[1,1,1,1,1,1]]}],"metadata":{"dataset_id":"solve_span","transformation_id":"alternating_intersection or outputborder=False"}}