{"train":[{"input":[[1,1,1,1,1,1],[1,1,1,1,1,1],[1,1,1,1,1,9],[1,1,1,1,1,1],[1,1,1,1,1,1],[1,1,1,1,1,9],[1,1,1,1,1,1],[1,9,1,9,1,1]],"output":[[9,8,9,8,9,3],[9,8,9,8,9,3],[8,8,8,8,8,6],[9,8,9,8,9,3],[9,8,9,8,9,3],[8,8,8,8,8,6],[9,8,9,8,9,3],[3,6,3,6,3,3]]},{"input":[[1,1,1,1,1,1,1,1,1],[9,1,1,1,1,1,1,1,1],[9,1,1,1,1,1,1,1,1],[1,1,1,1,1,1,1,1,1],[9,1,1,1,1,1,1,1,1],[9,1,1,1,1,1,1,1,1],[1,1,9,9,1,9,9,9,9]],"output":[[3,9,8,8,9,8,8,8,8],[6,8,8,8,8,8,8,8,8],[6,8,8,8,8,8,8,8,8],[3,9,8,8,9,8,8,8,8],[6,8,8,8,8,8,8,8,8],[6,8,8,8,8,8,8,8,8],[3,3,6,6,3,6,6,6,6]]}],"test":[{"input":[[9,1,1,1,1,1,1],[9,1,1,1,1,1,1],[9,1,1,1,1,1,1],[1,1,1,1,1,1,1],[9,1,1,1,1,1,1],[1,1,1,1,1,1,1],[1,1,1,1,1,1,1],[1,1,1,9,1,9,9]],"output":[[6,8,8,8,8,8,8],[6,8,8,8,8,8,8],[6,8,8,8,8,8,8],[3,9,9,8,9,8,8],[6,8,8,8,8,8,8],[3,9,9,8,9,8,8],[3,9,9,8,9,8,8],[3,3,3,6,3,6,6]]}],"metadata":{"dataset_id":"solve_span","transformation_id":"alternating_intersection or outputborder=True"}}