{"train":[{"input":[[6,6,6,6,6,7],[6,6,6,6,6,6],[6,6,6,6,6,7],[6,6,6,6,6,6],[6,6,6,6,6,7],[7,6,6,7,6,6]],"output":[[8,8,8,8,8,7],[8,1,1,8,1,1],[8,8,8,8,8,7],[8,1,1,8,1,1],[8,8,8,8,8,7],[7,1,1,7,1,1]]},{"input":[[6,6,6,6,6,6,6],[6,6,6,6,6,6,6],[6,6,6,6,6,6,7],[6,6,6,6,6,6,7],[6,6,6,6,6,6,6],[6,6,6,6,6,6,7],[6,6,6,6,6,6,7],[7,6,7,6,6,7,6]],"output":[[8,1,8,1,1,8,1],[8,1,8,1,1,8,1],[8,8,8,8,8,8,7],[8,8,8,8,8,8,7],[8,1,8,1,1,8,1],[8,8,8,8,8,8,7],[8,8,8,8,8,8,7],[7,1,7,1,1,7,1]]}],"test":[{"input":[[6,6,7,7,7,7,6,7],[7,6,6,6,6,6,6,6],[6,6,6,6,6,6,6,6],[7,6,6,6,6,6,6,6],[6,6,6,6,6,6,6,6],[6,6,6,6,6,6,6,6],[7,6,6,6,6,6,6,6],[7,6,6,6,6,6,6,6]],"output":[[1,1,7,7,7,7,1,7],[7,8,8,8,8,8,8,8],[1,1,8,8,8,8,1,8],[7,8,8,8,8,8,8,8],[1,1,8,8,8,8,1,8],[1,1,8,8,8,8,1,8],[7,8,8,8,8,8,8,8],[7,8,8,8,8,8,8,8]]}],"metadata":{"dataset_id":"solve_span","transformation_id":"alternating_intersection or outputborder=True"}}