{"train":[{"input":[[3,3,3,3,3,3,3,2],[3,3,3,3,3,3,3,3],[3,3,3,3,3,3,3,2],[3,3,3,3,3,3,3,2],[3,3,3,3,3,3,3,2],[3,3,3,3,3,3,3,3],[2,3,2,2,3,2,2,3]],"output":[[9,9,9,9,9,9,9,9],[9,6,9,9,6,9,9,1],[9,9,9,9,9,9,9,9],[9,9,9,9,9,9,9,9],[9,9,9,9,9,9,9,9],[9,6,9,9,6,9,9,1],[9,1,9,9,1,9,9,1]]},{"input":[[3,2,3,2,3,2],[2,3,3,3,3,3],[3,3,3,3,3,3],[2,3,3,3,3,3],[3,3,3,3,3,3]],"output":[[1,9,1,9,1,9],[9,9,9,9,9,9],[1,9,6,9,6,9],[9,9,9,9,9,9],[1,9,6,9,6,9]]}],"test":[{"input":[[3,3,3,3,3,3,3],[3,3,3,3,3,3,2],[3,3,3,3,3,3,2],[3,3,3,3,3,3,2],[3,3,3,3,3,3,2],[3,3,3,3,3,3,3],[3,3,3,3,3,3,2],[2,3,3,2,3,2,3]],"output":[[9,6,6,9,6,9,1],[9,9,9,9,9,9,9],[9,9,9,9,9,9,9],[9,9,9,9,9,9,9],[9,9,9,9,9,9,9],[9,6,6,9,6,9,1],[9,9,9,9,9,9,9],[9,1,1,9,1,9,1]]}],"metadata":{"dataset_id":"solve_span","transformation_id":"alternating_intersection or outputborder=True"}}