{"train":[{"input":[[8,4,4,8,4,8],[8,8,8,8,8,4],[8,8,8,8,8,8],[8,8,8,8,8,4],[8,8,8,8,8,8],[8,8,8,8,8,4]],"output":[[1,1,1,1,1],[9,1,1,9,1],[1,1,1,1,1],[9,1,1,9,1],[1,1,1,1,1]]},{"input":[[8,8,8,8,8,8],[4,8,8,8,8,8],[4,8,8,8,8,8],[4,8,8,8,8,8],[8,8,8,8,8,8],[8,8,8,8,8,8],[4,8,8,8,8,8],[8,4,8,4,4,8]],"output":[[1,9,1,1,9],[1,1,1,1,1],[1,1,1,1,1],[1,1,1,1,1],[1,9,1,1,9],[1,9,1,1,9],[1,1,1,1,1]]}],"test":[{"input":[[8,4,8,8,4,4,8,8],[8,8,8,8,8,8,8,4],[8,8,8,8,8,8,8,8],[8,8,8,8,8,8,8,8],[8,8,8,8,8,8,8,4],[8,8,8,8,8,8,8,4],[8,8,8,8,8,8,8,4],[8,8,8,8,8,8,8,8]],"output":[[1,1,1,1,1,1,1],[9,1,9,9,1,1,9],[9,1,9,9,1,1,9],[1,1,1,1,1,1,1],[1,1,1,1,1,1,1],[1,1,1,1,1,1,1],[9,1,9,9,1,1,9]]},{"input":[[8,8,8,8,8,8,4],[8,8,8,8,8,8,8],[8,8,8,8,8,8,4],[8,8,8,8,8,8,8],[8,8,8,8,8,8,4],[8,8,8,8,8,8,4],[8,8,8,8,8,8,4],[8,4,8,4,4,8,8]],"output":[[1,1,1,1,1,1],[9,1,9,1,1,9],[1,1,1,1,1,1],[9,1,9,1,1,9],[1,1,1,1,1,1],[1,1,1,1,1,1],[1,1,1,1,1,1]]}],"metadata":{"dataset_id":"solve_span","transformation_id":"alternating_intersection or outputborder=False"}}