{"train":[{"input":[[1,2,1,2,1,2],[2,2,2,2,2,2],[2,2,2,2,2,1],[2,2,2,2,2,1],[2,2,2,2,2,2],[2,2,2,2,2,1],[2,2,2,2,2,2],[2,2,2,2,2,2],[2,2,2,2,2,2]],"output":[[3,8,3,8,3],[3,3,3,3,3],[3,3,3,3,3],[3,8,3,8,3],[3,3,3,3,3],[3,8,3,8,3],[3,8,3,8,3],[3,8,3,8,3]]},{"input":[[2,1,2,1,2,1,1,1],[2,2,2,2,2,2,2,2],[1,2,2,2,2,2,2,2],[2,2,2,2,2,2,2,2],[2,2,2,2,2,2,2,2],[1,2,2,2,2,2,2,2]],"output":[[3,8,3,8,3,3,3],[3,3,3,3,3,3,3],[3,8,3,8,3,3,3],[3,8,3,8,3,3,3],[3,3,3,3,3,3,3]]},{"input":[[2,1,1,2,2,1,2],[2,2,2,2,2,2,2],[1,2,2,2,2,2,2],[2,2,2,2,2,2,2],[2,2,2,2,2,2,2],[1,2,2,2,2,2,2],[1,2,2,2,2,2,2],[2,2,2,2,2,2,2],[2,2,2,2,2,2,2]],"output":[[3,3,8,8,3,8],[3,3,3,3,3,3],[3,3,8,8,3,8],[3,3,8,8,3,8],[3,3,3,3,3,3],[3,3,3,3,3,3],[3,3,8,8,3,8],[3,3,8,8,3,8]]}],"test":[{"input":[[2,2,2,2,2,2,2,1],[2,2,2,2,2,2,2,2],[2,2,2,2,2,2,2,1],[2,2,2,2,2,2,2,2],[1,1,2,1,1,1,2,2]],"output":[[3,3,3,3,3,3,3],[3,3,8,3,3,3,8],[3,3,3,3,3,3,3],[3,3,8,3,3,3,8]]}],"metadata":{"dataset_id":"solve_span","transformation_id":"alternating_intersection or outputborder=False"}}