{"train":[{"input":[[3,3,3,3,3,3],[3,3,3,3,3,7],[3,3,3,3,3,3],[3,3,3,3,3,7],[3,7,3,7,3,3]],"output":[[2,9,2,9,2,6],[9,9,9,9,9,9],[2,9,2,9,2,6],[9,9,9,9,9,9],[6,9,6,9,6,6]]},{"input":[[3,3,3,3,3,3,7],[3,3,3,3,3,3,3],[3,3,3,3,3,3,7],[3,3,3,3,3,3,3],[3,3,3,3,3,3,7],[3,3,7,3,3,7,3]],"output":[[9,9,9,9,9,9,9],[2,2,9,2,2,9,6],[9,9,9,9,9,9,9],[2,2,9,2,2,9,6],[9,9,9,9,9,9,9],[6,6,9,6,6,9,6]]}],"test":[{"input":[[3,3,3,3,3,3],[3,3,3,3,3,3],[7,3,3,3,3,3],[3,3,3,3,3,3],[7,3,3,3,3,3],[7,3,3,3,3,3],[7,3,3,3,3,3],[7,3,3,3,3,3],[3,3,7,3,7,3]],"output":[[6,2,9,2,9,2],[6,2,9,2,9,2],[9,9,9,9,9,9],[6,2,9,2,9,2],[9,9,9,9,9,9],[9,9,9,9,9,9],[9,9,9,9,9,9],[9,9,9,9,9,9],[6,6,9,6,9,6]]}],"metadata":{"dataset_id":"solve_span","transformation_id":"alternating_intersection or outputborder=True"}}