{"train":[{"input":[[7,7,0,0,7,7,0,0,7],[7,7,7,7,7,7,7,7,7],[7,7,7,7,7,7,7,7,0],[7,7,7,7,7,7,7,7,7],[7,7,7,7,7,7,7,7,0],[7,7,7,7,7,7,7,7,7]],"output":[[2,2,1,1,2,2,1,1,2],[2,2,3,3,2,2,3,3,2],[3,3,3,3,3,3,3,3,1],[2,2,3,3,2,2,3,3,2],[3,3,3,3,3,3,3,3,1],[2,2,3,3,2,2,3,3,2]]},{"input":[[7,7,7,7,7,0],[7,7,7,7,7,7],[7,7,7,7,7,0],[7,7,7,7,7,7],[7,7,7,7,7,0],[0,7,0,7,0,7]],"output":[[3,3,3,3,3,1],[3,2,3,2,3,2],[3,3,3,3,3,1],[3,2,3,2,3,2],[3,3,3,3,3,1],[1,2,1,2,1,2]]}],"test":[{"input":[[7,0,7,0,7,0],[7,7,7,7,7,7],[0,7,7,7,7,7],[7,7,7,7,7,7],[0,7,7,7,7,7],[0,7,7,7,7,7]],"output":[[2,1,2,1,2,1],[2,3,2,3,2,3],[1,3,3,3,3,3],[2,3,2,3,2,3],[1,3,3,3,3,3],[1,3,3,3,3,3]]},{"input":[[7,7,0,0,7,0,7,7],[0,7,7,7,7,7,7,7],[7,7,7,7,7,7,7,7],[0,7,7,7,7,7,7,7],[7,7,7,7,7,7,7,7],[7,7,7,7,7,7,7,7],[0,7,7,7,7,7,7,7]],"output":[[2,2,1,1,2,1,2,2],[1,3,3,3,3,3,3,3],[2,2,3,3,2,3,2,2],[1,3,3,3,3,3,3,3],[2,2,3,3,2,3,2,2],[2,2,3,3,2,3,2,2],[1,3,3,3,3,3,3,3]]}],"metadata":{"dataset_id":"solve_span","transformation_id":"alternating_intersection or outputborder=True"}}