{"train":[{"input":[[0,0,0],[0,0,0],[0,0,0],[3,3,3],[0,0,0],[3,3,3],[3,3,3],[3,3,3],[3,3,3],[0,0,0],[3,3,3],[3,3,3],[0,0,0],[3,3,3],[3,3,3],[3,3,3],[3,3,3],[3,3,3]],"output":[[0,0,0],[0,0,0],[0,0,0],[3,3,3],[3,3,3],[3,3,3],[3,3,3],[3,3,3],[0,0,0],[3,3,3],[3,3,3],[3,3,3],[3,3,3],[0,0,0],[3,3,3],[3,3,3],[0,0,0],[3,3,3]]},{"input":[[0,0,0],[0,0,0],[3,3,3],[3,3,3],[3,3,3],[0,0,0],[3,3,3],[3,3,3],[3,3,3],[3,3,3],[3,3,3],[0,0,0],[3,3,3],[0,0,0],[3,3,3],[3,3,3],[3,3,3],[3,3,3]],"output":[[0,0,0],[0,0,0],[3,3,3],[3,3,3],[3,3,3],[3,3,3],[3,3,3],[0,0,0],[3,3,3],[3,3,3],[3,3,3],[3,3,3],[0,0,0],[3,3,3],[3,3,3],[3,3,3],[0,0,0],[3,3,3]]}],"test":[{"input":[[0,0,0],[0,0,0],[0,0,0],[0,0,0],[0,0,0],[3,3,3],[3,3,3],[3,3,3],[3,3,3],[0,0,0],[3,3,3],[3,3,3],[0,0,0],[3,3,3],[0,0,0],[3,3,3],[3,3,3],[3,3,3]],"output":[[0,0,0],[0,0,0],[0,0,0],[0,0,0],[0,0,0],[3,3,3],[3,3,3],[3,3,3],[3,3,3],[0,0,0],[3,3,3],[3,3,3],[3,3,3],[0,0,0],[3,3,3],[3,3,3],[0,0,0],[3,3,3]]},{"input":[[0,0,0],[0,0,0],[0,0,0],[0,0,0],[0,0,0],[0,0,0],[0,0,0],[3,3,3],[3,3,3],[3,3,3],[3,3,3],[3,3,3],[0,0,0],[3,3,3],[3,3,3],[3,3,3],[0,0,0],[3,3,3]],"output":[[0,0,0],[0,0,0],[0,0,0],[0,0,0],[0,0,0],[0,0,0],[0,0,0],[3,3,3],[3,3,3],[3,3,3],[3,3,3],[3,3,3],[0,0,0],[3,3,3],[3,3,3],[3,3,3],[0,0,0],[3,3,3]]},{"input":[[0,0,0],[0,0,0],[3,3,3],[3,3,3],[3,3,3],[0,0,0],[3,3,3],[0,0,0],[3,3,3],[3,3,3],[3,3,3],[3,3,3],[0,0,0],[3,3,3],[3,3,3],[3,3,3],[3,3,3],[3,3,3]],"output":[[0,0,0],[0,0,0],[3,3,3],[3,3,3],[3,3,3],[3,3,3],[3,3,3],[0,0,0],[3,3,3],[3,3,3],[3,3,3],[3,3,3],[0,0,0],[3,3,3],[3,3,3],[3,3,3],[0,0,0],[3,3,3]]}]}