{"train":[{"input":[[9,8,9,9,8,8,9,9,9],[9,9,9,9,9,9,9,9,8],[9,9,9,9,9,9,9,9,9],[9,9,9,9,9,9,9,9,8],[9,9,9,9,9,9,9,9,9]],"output":[[2,6,2,2,6,6,2,2],[2,2,2,2,2,2,2,2],[2,6,2,2,6,6,2,2],[2,2,2,2,2,2,2,2]]},{"input":[[9,9,8,9,9,8,9],[8,9,9,9,9,9,9],[9,9,9,9,9,9,9],[8,9,9,9,9,9,9],[9,9,9,9,9,9,9]],"output":[[2,6,2,2,6,2],[2,2,2,2,2,2],[2,6,2,2,6,2],[2,2,2,2,2,2]]},{"input":[[8,9,9,9,9,9],[9,9,9,9,9,9],[9,9,9,9,9,9],[8,9,9,9,9,9],[8,9,9,9,9,9],[9,9,9,9,9,9],[9,9,9,9,9,9],[9,9,9,9,9,9],[9,9,8,9,8,8]],"output":[[2,6,2,6,6],[2,2,2,2,2],[2,2,2,2,2],[2,6,2,6,6],[2,6,2,6,6],[2,2,2,2,2],[2,2,2,2,2],[2,2,2,2,2]]}],"test":[{"input":[[8,9,9,9,9,9,9],[9,9,9,9,9,9,9],[8,9,9,9,9,9,9],[8,9,9,9,9,9,9],[9,9,9,9,9,9,9],[9,8,9,8,9,8,8]],"output":[[6,2,6,2,6,6],[2,2,2,2,2,2],[6,2,6,2,6,6],[6,2,6,2,6,6],[2,2,2,2,2,2]]},{"input":[[9,8,9,8,9],[9,9,9,9,8],[9,9,9,9,9],[9,9,9,9,8],[9,9,9,9,9],[9,9,9,9,9],[9,9,9,9,8],[9,9,9,9,8]],"output":[[2,6,2,6],[2,2,2,2],[2,6,2,6],[2,2,2,2],[2,2,2,2],[2,6,2,6],[2,6,2,6]]}],"metadata":{"dataset_id":"solve_span","transformation_id":"alternating_intersection and outputborder=False"}}