{"train":[{"input":[[8,5,8,5,8,8,5,5,5],[5,8,8,8,8,8,8,8,8],[5,8,8,8,8,8,8,8,8],[8,8,8,8,8,8,8,8,8],[5,8,8,8,8,8,8,8,8],[5,8,8,8,8,8,8,8,8],[8,8,8,8,8,8,8,8,8],[5,8,8,8,8,8,8,8,8]],"output":[[4,9,4,9,9,4,4,4],[4,9,4,9,9,4,4,4],[9,9,9,9,9,9,9,9],[4,9,4,9,9,4,4,4],[4,9,4,9,9,4,4,4],[9,9,9,9,9,9,9,9],[4,9,4,9,9,4,4,4]]},{"input":[[8,8,8,8,8,8,8],[5,8,8,8,8,8,8],[8,8,8,8,8,8,8],[5,8,8,8,8,8,8],[8,8,5,5,8,5,5]],"output":[[9,9,9,9,9,9],[9,4,4,9,4,4],[9,9,9,9,9,9],[9,4,4,9,4,4]]}],"test":[{"input":[[5,8,8,5,5,5,8,8,8],[8,8,8,8,8,8,8,8,5],[8,8,8,8,8,8,8,8,5],[8,8,8,8,8,8,8,8,8],[8,8,8,8,8,8,8,8,5],[8,8,8,8,8,8,8,8,8],[8,8,8,8,8,8,8,8,8]],"output":[[4,9,9,4,4,4,9,9],[4,9,9,4,4,4,9,9],[9,9,9,9,9,9,9,9],[4,9,9,4,4,4,9,9],[9,9,9,9,9,9,9,9],[9,9,9,9,9,9,9,9]]}],"metadata":{"dataset_id":"solve_span","transformation_id":"alternating_intersection and outputborder=False"}}