{"train":[{"input":[[7,7,7,7,7,7],[7,7,7,7,7,8],[7,7,7,7,7,7],[7,7,7,7,7,8],[7,7,7,7,7,7],[8,7,8,7,8,7]],"output":[[8,8,8,8,8,8],[3,8,3,8,3,6],[8,8,8,8,8,8],[3,8,3,8,3,6],[8,8,8,8,8,8],[6,8,6,8,6,8]]},{"input":[[7,8,7,8,7,8],[8,7,7,7,7,7],[8,7,7,7,7,7],[7,7,7,7,7,7],[7,7,7,7,7,7],[8,7,7,7,7,7],[8,7,7,7,7,7],[7,7,7,7,7,7],[8,7,7,7,7,7]],"output":[[8,6,8,6,8,6],[6,3,8,3,8,3],[6,3,8,3,8,3],[8,8,8,8,8,8],[8,8,8,8,8,8],[6,3,8,3,8,3],[6,3,8,3,8,3],[8,8,8,8,8,8],[6,3,8,3,8,3]]}],"test":[{"input":[[7,7,7,7,7,7,7,8],[7,7,7,7,7,7,7,7],[7,7,7,7,7,7,7,8],[7,7,7,7,7,7,7,7],[7,7,7,8,7,7,8,7]],"output":[[8,8,8,3,8,8,3,6],[8,8,8,8,8,8,8,8],[8,8,8,3,8,8,3,6],[8,8,8,8,8,8,8,8],[8,8,8,6,8,8,6,8]]},{"input":[[7,7,7,7,7,7,7],[8,7,7,7,7,7,7],[7,7,7,7,7,7,7],[8,7,7,7,7,7,7],[8,7,7,7,7,7,7],[7,7,7,7,7,7,7],[7,8,7,8,7,7,8]],"output":[[8,8,8,8,8,8,8],[6,3,8,3,8,8,3],[8,8,8,8,8,8,8],[6,3,8,3,8,8,3],[6,3,8,3,8,8,3],[8,8,8,8,8,8,8],[8,6,8,6,8,8,6]]}],"metadata":{"dataset_id":"solve_span","transformation_id":"alternating_intersection and outputborder=True"}}