{"train":[{"input":[[3,6,3,6,3,3,3,6],[3,3,3,3,3,3,3,3],[6,3,3,3,3,3,3,3],[6,3,3,3,3,3,3,3],[6,3,3,3,3,3,3,3],[3,3,3,3,3,3,3,3],[6,3,3,3,3,3,3,3]],"output":[[2,2,2,2,2,2,2],[3,2,3,2,2,2,3],[3,2,3,2,2,2,3],[3,2,3,2,2,2,3],[2,2,2,2,2,2,2],[3,2,3,2,2,2,3]]},{"input":[[3,3,3,3,3,3,3,3,3],[6,3,3,3,3,3,3,3,3],[3,3,3,3,3,3,3,3,3],[3,3,3,3,3,3,3,3,3],[3,3,3,3,3,3,3,3,3],[6,3,3,3,3,3,3,3,3],[6,3,3,3,3,3,3,3,3],[3,3,3,3,6,3,3,6,6]],"output":[[2,2,2,2,2,2,2,2],[2,2,2,3,2,2,3,3],[2,2,2,2,2,2,2,2],[2,2,2,2,2,2,2,2],[2,2,2,2,2,2,2,2],[2,2,2,3,2,2,3,3],[2,2,2,3,2,2,3,3]]}],"test":[{"input":[[3,6,3,6,3],[3,3,3,3,3],[3,3,3,3,6],[3,3,3,3,3],[3,3,3,3,6],[3,3,3,3,3]],"output":[[2,2,2,2],[2,3,2,3],[2,2,2,2],[2,3,2,3],[2,2,2,2]]},{"input":[[3,3,3,3,3],[3,3,3,3,6],[3,3,3,3,3],[3,3,3,3,3],[3,3,3,3,6],[6,3,6,3,3]],"output":[[2,2,2,2],[3,2,3,2],[2,2,2,2],[2,2,2,2],[3,2,3,2]]}],"metadata":{"dataset_id":"solve_span","transformation_id":"alternating_intersection and outputborder=False"}}