{"train":[{"input":[[1,6,6,6,6,6,6,6],[1,6,6,6,6,6,6,6],[6,6,6,6,6,6,6,6],[1,6,6,6,6,6,6,6],[6,6,6,6,6,6,6,6],[1,6,6,6,6,6,6,6],[1,6,6,6,6,6,6,6],[1,6,6,6,6,6,6,6],[6,6,1,1,6,6,6,1]],"output":[[4,7,7,4,4,4,7],[4,7,7,4,4,4,7],[4,4,4,4,4,4,4],[4,7,7,4,4,4,7],[4,4,4,4,4,4,4],[4,7,7,4,4,4,7],[4,7,7,4,4,4,7],[4,7,7,4,4,4,7]]},{"input":[[6,6,1,6,1],[1,6,6,6,6],[6,6,6,6,6],[1,6,6,6,6],[6,6,6,6,6],[1,6,6,6,6]],"output":[[4,7,4,7],[4,4,4,4],[4,7,4,7],[4,4,4,4],[4,7,4,7]]}],"test":[{"input":[[6,6,6,6,6,1],[6,6,6,6,6,6],[6,6,6,6,6,1],[6,6,6,6,6,6],[6,6,6,6,6,1],[6,1,6,1,1,6]],"output":[[4,7,4,7,7],[4,4,4,4,4],[4,7,4,7,7],[4,4,4,4,4],[4,7,4,7,7]]}],"metadata":{"dataset_id":"solve_span","transformation_id":"alternating_intersection and outputborder=False"}}