{"train":[{"input":[[1,1,9,9,1,1,9,9],[9,9,9,9,9,9,9,9],[9,9,9,9,9,9,9,1],[9,9,9,9,9,9,9,9],[9,9,9,9,9,9,9,1]],"output":[[0,0,0,0,0,0,0],[4,4,0,0,4,4,0],[0,0,0,0,0,0,0],[4,4,0,0,4,4,0]]},{"input":[[1,9,9,9,9,9,9],[9,9,9,9,9,9,9],[1,9,9,9,9,9,9],[1,9,9,9,9,9,9],[9,9,9,9,9,9,9],[1,9,9,9,9,9,9],[9,9,1,1,9,1,9]],"output":[[0,4,4,0,4,0],[0,0,0,0,0,0],[0,4,4,0,4,0],[0,4,4,0,4,0],[0,0,0,0,0,0],[0,4,4,0,4,0]]},{"input":[[1,9,9,9,9],[1,9,9,9,9],[9,9,9,9,9],[1,9,9,9,9],[1,9,9,9,9],[9,9,9,9,9],[9,9,1,9,1]],"output":[[0,4,0,4],[0,4,0,4],[0,0,0,0],[0,4,0,4],[0,4,0,4],[0,0,0,0]]}],"test":[{"input":[[9,9,9,9,9,9,9],[1,9,9,9,9,9,9],[9,9,9,9,9,9,9],[1,9,9,9,9,9,9],[1,9,9,9,9,9,9],[1,9,9,9,9,9,9],[1,9,9,9,9,9,9],[9,1,9,1,1,9,1]],"output":[[0,0,0,0,0,0],[4,0,4,4,0,4],[0,0,0,0,0,0],[4,0,4,4,0,4],[4,0,4,4,0,4],[4,0,4,4,0,4],[4,0,4,4,0,4]]}],"metadata":{"dataset_id":"solve_span","transformation_id":"alternating_intersection and outputborder=False"}}