{"train":[{"input":[[8,8,8,8,4],[8,8,8,8,8],[8,8,8,8,4],[8,8,8,8,8],[8,8,8,8,4],[8,4,8,4,8]],"output":[[9,4,9,4,4],[9,9,9,9,9],[9,4,9,4,4],[9,9,9,9,9],[9,4,9,4,4],[9,4,9,4,9]]},{"input":[[8,8,8,8,8,8],[4,8,8,8,8,8],[8,8,8,8,8,8],[4,8,8,8,8,8],[8,8,8,8,8,8],[8,8,8,8,8,8],[8,8,4,8,4,8]],"output":[[9,9,9,9,9,9],[4,9,4,9,4,9],[9,9,9,9,9,9],[4,9,4,9,4,9],[9,9,9,9,9,9],[9,9,9,9,9,9],[9,9,4,9,4,9]]},{"input":[[8,4,8,4,8,4],[4,8,8,8,8,8],[8,8,8,8,8,8],[4,8,8,8,8,8],[8,8,8,8,8,8],[4,8,8,8,8,8],[4,8,8,8,8,8]],"output":[[9,4,9,4,9,4],[4,4,9,4,9,4],[9,9,9,9,9,9],[4,4,9,4,9,4],[9,9,9,9,9,9],[4,4,9,4,9,4],[4,4,9,4,9,4]]}],"test":[{"input":[[8,4,4,8,8,4,8,4,4],[8,8,8,8,8,8,8,8,8],[4,8,8,8,8,8,8,8,8],[8,8,8,8,8,8,8,8,8],[4,8,8,8,8,8,8,8,8],[8,8,8,8,8,8,8,8,8]],"output":[[9,4,4,9,9,4,9,4,4],[9,9,9,9,9,9,9,9,9],[4,4,4,9,9,4,9,4,4],[9,9,9,9,9,9,9,9,9],[4,4,4,9,9,4,9,4,4],[9,9,9,9,9,9,9,9,9]]},{"input":[[8,8,4,8,8,8,4,4],[8,8,8,8,8,8,8,8],[8,8,8,8,8,8,8,8],[4,8,8,8,8,8,8,8],[8,8,8,8,8,8,8,8],[4,8,8,8,8,8,8,8]],"output":[[9,9,4,9,9,9,4,4],[9,9,9,9,9,9,9,9],[9,9,9,9,9,9,9,9],[4,9,4,9,9,9,4,4],[9,9,9,9,9,9,9,9],[4,9,4,9,9,9,4,4]]}],"metadata":{"dataset_id":"solve_span","transformation_id":"alternating_intersection and outputborder=True"}}