{"train":[{"input":[[1,4,1,4,1,4],[4,4,4,4,4,4],[4,4,4,4,4,1],[4,4,4,4,4,4],[4,4,4,4,4,1],[4,4,4,4,4,1]],"output":[[4,3,4,3,4,3],[3,3,3,3,3,3],[4,3,4,3,4,4],[3,3,3,3,3,3],[4,3,4,3,4,4],[4,3,4,3,4,4]]},{"input":[[1,4,1,1,4,4,4],[4,4,4,4,4,4,4],[4,4,4,4,4,4,1],[4,4,4,4,4,4,4],[4,4,4,4,4,4,4],[4,4,4,4,4,4,1],[4,4,4,4,4,4,1]],"output":[[4,3,4,4,3,3,3],[3,3,3,3,3,3,3],[4,3,4,4,3,3,4],[3,3,3,3,3,3,3],[3,3,3,3,3,3,3],[4,3,4,4,3,3,4],[4,3,4,4,3,3,4]]},{"input":[[4,1,1,4,1,4,4,1],[1,4,4,4,4,4,4,4],[4,4,4,4,4,4,4,4],[4,4,4,4,4,4,4,4],[1,4,4,4,4,4,4,4],[4,4,4,4,4,4,4,4],[1,4,4,4,4,4,4,4]],"output":[[3,4,4,3,4,3,3,4],[4,4,4,3,4,3,3,4],[3,3,3,3,3,3,3,3],[3,3,3,3,3,3,3,3],[4,4,4,3,4,3,3,4],[3,3,3,3,3,3,3,3],[4,4,4,3,4,3,3,4]]}],"test":[{"input":[[4,4,4,4,4,4],[1,4,4,4,4,4],[1,4,4,4,4,4],[4,4,4,4,4,4],[4,4,4,4,4,4],[1,4,4,4,4,4],[4,4,1,4,1,4]],"output":[[3,3,3,3,3,3],[4,3,4,3,4,3],[4,3,4,3,4,3],[3,3,3,3,3,3],[3,3,3,3,3,3],[4,3,4,3,4,3],[3,3,4,3,4,3]]},{"input":[[1,4,4,4,4],[4,4,4,4,4],[1,4,4,4,4],[4,4,4,4,4],[4,4,4,4,4],[4,4,4,4,4],[4,1,4,1,4]],"output":[[4,4,3,4,3],[3,3,3,3,3],[4,4,3,4,3],[3,3,3,3,3],[3,3,3,3,3],[3,3,3,3,3],[3,4,3,4,3]]}],"metadata":{"dataset_id":"solve_span","transformation_id":"alternating_intersection and outputborder=True"}}