{"train":[{"input":[[7,2,2,2,2],[2,2,2,2,2],[7,2,2,2,2],[2,2,2,2,2],[7,2,2,2,2],[2,2,7,2,7]],"output":[[1,6,1,6],[1,1,1,1],[1,6,1,6],[1,1,1,1],[1,6,1,6]]},{"input":[[2,2,2,2,2],[7,2,2,2,2],[7,2,2,2,2],[7,2,2,2,2],[2,2,2,2,2],[2,2,2,2,2],[7,2,2,2,2],[7,2,2,2,2],[2,7,2,7,2]],"output":[[1,1,1,1],[6,1,6,1],[6,1,6,1],[6,1,6,1],[1,1,1,1],[1,1,1,1],[6,1,6,1],[6,1,6,1]]},{"input":[[2,7,2,7,2,7],[2,2,2,2,2,2],[7,2,2,2,2,2],[7,2,2,2,2,2],[7,2,2,2,2,2],[7,2,2,2,2,2],[2,2,2,2,2,2],[7,2,2,2,2,2],[7,2,2,2,2,2]],"output":[[1,1,1,1,1],[6,1,6,1,6],[6,1,6,1,6],[6,1,6,1,6],[6,1,6,1,6],[1,1,1,1,1],[6,1,6,1,6],[6,1,6,1,6]]}],"test":[{"input":[[2,2,2,2,2,2],[2,2,2,2,2,2],[2,2,2,2,2,2],[2,2,2,2,2,2],[7,2,2,2,2,2],[7,2,2,2,2,2],[2,2,2,2,2,2],[7,2,2,2,2,2],[2,2,7,2,2,7]],"output":[[1,1,1,1,1],[1,1,1,1,1],[1,1,1,1,1],[1,1,1,1,1],[1,6,1,1,6],[1,6,1,1,6],[1,1,1,1,1],[1,6,1,1,6]]}],"metadata":{"dataset_id":"solve_span","transformation_id":"alternating_intersection and outputborder=False"}}