{"train":[{"input":[[4,4,4,4,4,4],[4,4,4,4,4,0],[4,4,4,4,4,4],[4,4,4,4,4,0],[4,4,4,4,4,4],[4,0,4,0,4,4]],"output":[[4,4,4,4,4],[4,8,4,8,4],[4,4,4,4,4],[4,8,4,8,4],[4,4,4,4,4]]},{"input":[[0,4,0,4,0,4],[4,4,4,4,4,0],[4,4,4,4,4,4],[4,4,4,4,4,0],[4,4,4,4,4,4],[4,4,4,4,4,0]],"output":[[8,4,8,4,8],[4,4,4,4,4],[8,4,8,4,8],[4,4,4,4,4],[8,4,8,4,8]]},{"input":[[4,0,4,4,0,4,0],[0,4,4,4,4,4,4],[4,4,4,4,4,4,4],[0,4,4,4,4,4,4],[4,4,4,4,4,4,4]],"output":[[8,4,4,8,4,8],[4,4,4,4,4,4],[8,4,4,8,4,8],[4,4,4,4,4,4]]}],"test":[{"input":[[0,4,4,4,4,4,4,4,4],[4,4,4,4,4,4,4,4,4],[0,4,4,4,4,4,4,4,4],[0,4,4,4,4,4,4,4,4],[4,4,4,4,4,4,4,4,4],[0,4,4,4,4,4,4,4,4],[4,0,4,4,0,0,4,4,0]],"output":[[8,4,4,8,8,4,4,8],[4,4,4,4,4,4,4,4],[8,4,4,8,8,4,4,8],[8,4,4,8,8,4,4,8],[4,4,4,4,4,4,4,4],[8,4,4,8,8,4,4,8]]},{"input":[[4,4,0,4,0,4,4],[4,4,4,4,4,4,0],[4,4,4,4,4,4,0],[4,4,4,4,4,4,4],[4,4,4,4,4,4,4],[4,4,4,4,4,4,0],[4,4,4,4,4,4,4],[4,4,4,4,4,4,0],[4,4,4,4,4,4,0]],"output":[[4,4,8,4,8,4],[4,4,8,4,8,4],[4,4,4,4,4,4],[4,4,4,4,4,4],[4,4,8,4,8,4],[4,4,4,4,4,4],[4,4,8,4,8,4],[4,4,8,4,8,4]]}],"metadata":{"dataset_id":"solve_span","transformation_id":"alternating_intersection and outputborder=False"}}