{"train":[{"input":[[4,4,4,4,5],[4,4,4,4,4],[4,4,4,4,5],[4,4,4,4,4],[5,4,5,4,4]],"output":[[2,1,2,1],[1,1,1,1],[2,1,2,1],[1,1,1,1]]},{"input":[[4,4,5,4,5,5,4],[5,4,4,4,4,4,4],[4,4,4,4,4,4,4],[4,4,4,4,4,4,4],[5,4,4,4,4,4,4],[4,4,4,4,4,4,4],[4,4,4,4,4,4,4]],"output":[[1,2,1,2,2,1],[1,1,1,1,1,1],[1,1,1,1,1,1],[1,2,1,2,2,1],[1,1,1,1,1,1],[1,1,1,1,1,1]]},{"input":[[5,5,4,5,5,4,5,4],[4,4,4,4,4,4,4,5],[4,4,4,4,4,4,4,4],[4,4,4,4,4,4,4,5],[4,4,4,4,4,4,4,4]],"output":[[2,2,1,2,2,1,2],[1,1,1,1,1,1,1],[2,2,1,2,2,1,2],[1,1,1,1,1,1,1]]}],"test":[{"input":[[4,4,4,4,4,4,5],[4,4,4,4,4,4,4],[4,4,4,4,4,4,4],[4,4,4,4,4,4,4],[4,4,4,4,4,4,5],[4,4,4,4,4,4,4],[4,4,4,4,4,4,5],[4,4,4,4,4,4,5],[4,4,5,4,5,5,4]],"output":[[1,1,2,1,2,2],[1,1,1,1,1,1],[1,1,1,1,1,1],[1,1,1,1,1,1],[1,1,2,1,2,2],[1,1,1,1,1,1],[1,1,2,1,2,2],[1,1,2,1,2,2]]}],"metadata":{"dataset_id":"solve_span","transformation_id":"alternating_intersection and outputborder=False"}}