{"train":[{"input":[[6,7,7,7,7,7,7],[7,7,7,7,7,7,7],[6,7,7,7,7,7,7],[6,7,7,7,7,7,7],[6,7,7,7,7,7,7],[7,7,7,7,7,7,7],[6,7,7,7,7,7,7],[7,6,7,7,6,7,6]],"output":[[2,6,6,2,6,2],[6,6,6,6,6,6],[2,6,6,2,6,2],[2,6,6,2,6,2],[2,6,6,2,6,2],[6,6,6,6,6,6],[2,6,6,2,6,2]]},{"input":[[6,7,6,7,7],[7,7,7,7,6],[7,7,7,7,7],[7,7,7,7,7],[7,7,7,7,6],[7,7,7,7,6],[7,7,7,7,7],[7,7,7,7,7],[7,7,7,7,6]],"output":[[2,6,2,6],[6,6,6,6],[6,6,6,6],[2,6,2,6],[2,6,2,6],[6,6,6,6],[6,6,6,6],[2,6,2,6]]}],"test":[{"input":[[7,7,7,7,7,7,7,7,6],[7,7,7,7,7,7,7,7,7],[7,7,7,7,7,7,7,7,6],[7,7,7,7,7,7,7,7,7],[7,6,6,6,7,6,6,7,7]],"output":[[6,2,2,2,6,2,2,6],[6,6,6,6,6,6,6,6],[6,2,2,2,6,2,2,6],[6,6,6,6,6,6,6,6]]}],"metadata":{"dataset_id":"solve_span","transformation_id":"alternating_intersection and outputborder=False"}}