{"train":[{"input":[[2,2,2,2,2,6],[2,2,2,2,2,6],[2,2,2,2,2,2],[2,2,2,2,2,2],[2,2,2,2,2,6],[2,2,2,2,2,2],[2,6,2,2,6,2]],"output":[[6,2,6,6,2],[6,2,6,6,2],[6,6,6,6,6],[6,6,6,6,6],[6,2,6,6,2],[6,6,6,6,6]]},{"input":[[6,2,2,2,2,2,2,2],[6,2,2,2,2,2,2,2],[2,2,2,2,2,2,2,2],[6,2,2,2,2,2,2,2],[6,2,2,2,2,2,2,2],[2,2,2,2,2,2,2,2],[6,2,2,2,2,2,2,2],[6,2,2,2,2,2,2,2],[2,2,6,2,6,6,2,2]],"output":[[6,2,6,2,2,6,6],[6,2,6,2,2,6,6],[6,6,6,6,6,6,6],[6,2,6,2,2,6,6],[6,2,6,2,2,6,6],[6,6,6,6,6,6,6],[6,2,6,2,2,6,6],[6,2,6,2,2,6,6]]},{"input":[[6,6,2,6,2,2,6,6,2],[2,2,2,2,2,2,2,2,2],[2,2,2,2,2,2,2,2,6],[2,2,2,2,2,2,2,2,6],[2,2,2,2,2,2,2,2,2],[2,2,2,2,2,2,2,2,6]],"output":[[6,6,6,6,6,6,6,6],[2,2,6,2,6,6,2,2],[2,2,6,2,6,6,2,2],[6,6,6,6,6,6,6,6],[2,2,6,2,6,6,2,2]]}],"test":[{"input":[[2,2,2,2,2,2],[2,2,2,2,2,6],[2,2,2,2,2,6],[2,2,2,2,2,2],[2,2,2,2,2,6],[6,2,6,2,6,2]],"output":[[6,6,6,6,6],[2,6,2,6,2],[2,6,2,6,2],[6,6,6,6,6],[2,6,2,6,2]]},{"input":[[6,6,2,6,2,2],[2,2,2,2,2,2],[2,2,2,2,2,6],[2,2,2,2,2,2],[2,2,2,2,2,6]],"output":[[6,6,6,6,6],[2,2,6,2,6],[6,6,6,6,6],[2,2,6,2,6]]}],"metadata":{"dataset_id":"solve_span","transformation_id":"alternating_intersection and outputborder=False"}}