{"train":[{"input":[[6,9,9,9,9,9,9],[9,9,9,9,9,9,9],[6,9,9,9,9,9,9],[9,9,9,9,9,9,9],[9,6,9,9,6,9,9]],"output":[[0,0,1,1,0,1,1],[6,1,1,1,1,1,1],[0,0,1,1,0,1,1],[6,1,1,1,1,1,1],[6,0,6,6,0,6,6]]},{"input":[[9,9,9,9,9,9],[9,9,9,9,9,9],[9,9,9,9,9,6],[9,9,9,9,9,9],[9,9,9,9,9,6],[9,9,9,9,9,9],[9,6,6,9,6,9]],"output":[[1,1,1,1,1,6],[1,1,1,1,1,6],[1,0,0,1,0,0],[1,1,1,1,1,6],[1,0,0,1,0,0],[1,1,1,1,1,6],[6,0,0,6,0,6]]}],"test":[{"input":[[6,6,9,9,6,6,9,9],[9,9,9,9,9,9,9,9],[9,9,9,9,9,9,9,6],[9,9,9,9,9,9,9,9],[9,9,9,9,9,9,9,6],[9,9,9,9,9,9,9,9]],"output":[[0,0,6,6,0,0,6,6],[1,1,1,1,1,1,1,6],[0,0,1,1,0,0,1,0],[1,1,1,1,1,1,1,6],[0,0,1,1,0,0,1,0],[1,1,1,1,1,1,1,6]]},{"input":[[9,9,9,9,9,9,9],[6,9,9,9,9,9,9],[9,9,9,9,9,9,9],[9,9,9,9,9,9,9],[6,9,9,9,9,9,9],[9,9,9,9,9,9,9],[9,9,6,6,9,6,9]],"output":[[6,1,1,1,1,1,1],[0,1,0,0,1,0,1],[6,1,1,1,1,1,1],[6,1,1,1,1,1,1],[0,1,0,0,1,0,1],[6,1,1,1,1,1,1],[6,6,0,0,6,0,6]]}],"metadata":{"dataset_id":"solve_span","transformation_id":"alternating_intersection and outputborder=True"}}