{"train":[{"input":[[9,9,4,4,9,4,4],[4,9,9,9,9,9,9],[9,9,9,9,9,9,9],[4,9,9,9,9,9,9],[4,9,9,9,9,9,9],[4,9,9,9,9,9,9],[9,9,9,9,9,9,9],[4,9,9,9,9,9,9]],"output":[[3,3,2,2,3,2,2],[2,3,1,1,3,1,1],[3,3,3,3,3,3,3],[2,3,1,1,3,1,1],[2,3,1,1,3,1,1],[2,3,1,1,3,1,1],[3,3,3,3,3,3,3],[2,3,1,1,3,1,1]]},{"input":[[9,4,4,9,4,4,9,4],[9,9,9,9,9,9,9,9],[4,9,9,9,9,9,9,9],[9,9,9,9,9,9,9,9],[9,9,9,9,9,9,9,9],[4,9,9,9,9,9,9,9],[4,9,9,9,9,9,9,9]],"output":[[3,2,2,3,2,2,3,2],[3,3,3,3,3,3,3,3],[2,1,1,3,1,1,3,1],[3,3,3,3,3,3,3,3],[3,3,3,3,3,3,3,3],[2,1,1,3,1,1,3,1],[2,1,1,3,1,1,3,1]]}],"test":[{"input":[[9,9,4,9,4,4,9],[9,9,9,9,9,9,9],[9,9,9,9,9,9,9],[9,9,9,9,9,9,4],[9,9,9,9,9,9,9],[9,9,9,9,9,9,4],[9,9,9,9,9,9,4]],"output":[[3,3,2,3,2,2,3],[3,3,3,3,3,3,3],[3,3,3,3,3,3,3],[3,3,1,3,1,1,2],[3,3,3,3,3,3,3],[3,3,1,3,1,1,2],[3,3,1,3,1,1,2]]}],"metadata":{"dataset_id":"solve_span","transformation_id":"alternating_intersection and outputborder=True"}}