{"train":[{"input":[[3,8,3,8,8],[8,8,8,8,3],[8,8,8,8,8],[8,8,8,8,3],[8,8,8,8,8]],"output":[[5,1,5,1,1],[5,9,5,9,5],[9,9,9,9,1],[5,9,5,9,5],[9,9,9,9,1]]},{"input":[[8,8,8,8,8,8,8,8,8],[8,8,8,8,8,8,8,8,8],[3,8,8,8,8,8,8,8,8],[8,8,8,8,8,8,8,8,8],[3,8,8,8,8,8,8,8,8],[8,3,3,3,3,8,8,3,8]],"output":[[1,9,9,9,9,9,9,9,9],[1,9,9,9,9,9,9,9,9],[5,5,5,5,5,9,9,5,9],[1,9,9,9,9,9,9,9,9],[5,5,5,5,5,9,9,5,9],[1,5,5,5,5,1,1,5,1]]},{"input":[[8,3,8,3,8,3],[3,8,8,8,8,8],[8,8,8,8,8,8],[8,8,8,8,8,8],[8,8,8,8,8,8],[3,8,8,8,8,8],[8,8,8,8,8,8],[8,8,8,8,8,8]],"output":[[1,5,1,5,1,5],[5,5,9,5,9,5],[1,9,9,9,9,9],[1,9,9,9,9,9],[1,9,9,9,9,9],[5,5,9,5,9,5],[1,9,9,9,9,9],[1,9,9,9,9,9]]}],"test":[{"input":[[8,8,8,8,8,8,8],[8,8,8,8,8,8,3],[8,8,8,8,8,8,3],[8,8,8,8,8,8,8],[8,8,8,8,8,8,8],[8,8,8,8,8,8,3],[8,3,3,8,3,8,8]],"output":[[9,9,9,9,9,9,1],[9,5,5,9,5,9,5],[9,5,5,9,5,9,5],[9,9,9,9,9,9,1],[9,9,9,9,9,9,1],[9,5,5,9,5,9,5],[1,5,5,1,5,1,1]]}],"metadata":{"dataset_id":"solve_span","transformation_id":"alternating_intersection and outputborder=True"}}