{"train":[{"input":[[2,3,2,3,2,3],[3,3,3,3,3,3],[3,3,3,3,3,2],[3,3,3,3,3,3],[3,3,3,3,3,2],[3,3,3,3,3,3]],"output":[[7,7,7,7,7],[3,7,3,7,3],[7,7,7,7,7],[3,7,3,7,3],[7,7,7,7,7]]},{"input":[[2,3,3,3,3,3,3,3],[2,3,3,3,3,3,3,3],[3,3,3,3,3,3,3,3],[2,3,3,3,3,3,3,3],[2,3,3,3,3,3,3,3],[3,3,3,3,3,3,3,3],[3,3,3,3,3,3,3,3],[3,3,3,3,3,3,3,3],[3,3,2,2,2,3,2,2]],"output":[[7,3,3,3,7,3,3],[7,3,3,3,7,3,3],[7,7,7,7,7,7,7],[7,3,3,3,7,3,3],[7,3,3,3,7,3,3],[7,7,7,7,7,7,7],[7,7,7,7,7,7,7],[7,7,7,7,7,7,7]]}],"test":[{"input":[[2,3,2,2,2,3,2,2,3],[3,3,3,3,3,3,3,3,2],[3,3,3,3,3,3,3,3,3],[3,3,3,3,3,3,3,3,3],[3,3,3,3,3,3,3,3,2],[3,3,3,3,3,3,3,3,3],[3,3,3,3,3,3,3,3,2]],"output":[[3,7,3,3,3,7,3,3],[7,7,7,7,7,7,7,7],[7,7,7,7,7,7,7,7],[3,7,3,3,3,7,3,3],[7,7,7,7,7,7,7,7],[3,7,3,3,3,7,3,3]]}],"metadata":{"dataset_id":"solve_span","transformation_id":"alternating_intersection and outputborder=False"}}