{"train":[{"input":[[7,7,7,7,7,6],[7,7,7,7,7,7],[7,7,7,7,7,6],[7,7,7,7,7,6],[7,7,7,7,7,7],[7,7,7,7,7,6],[7,6,7,6,7,7]],"output":[[0,6,0,6,0],[0,0,0,0,0],[0,6,0,6,0],[0,6,0,6,0],[0,0,0,0,0],[0,6,0,6,0]]},{"input":[[7,7,6,6,7,7,6,7],[7,7,7,7,7,7,7,7],[6,7,7,7,7,7,7,7],[7,7,7,7,7,7,7,7],[6,7,7,7,7,7,7,7],[6,7,7,7,7,7,7,7],[6,7,7,7,7,7,7,7],[7,7,7,7,7,7,7,7]],"output":[[0,0,0,0,0,0,0],[0,6,6,0,0,6,0],[0,0,0,0,0,0,0],[0,6,6,0,0,6,0],[0,6,6,0,0,6,0],[0,6,6,0,0,6,0],[0,0,0,0,0,0,0]]}],"test":[{"input":[[7,7,7,7,7,7,7,7,6],[7,7,7,7,7,7,7,7,7],[7,7,7,7,7,7,7,7,6],[7,7,7,7,7,7,7,7,7],[6,6,6,7,7,6,7,7,7]],"output":[[6,6,6,0,0,6,0,0],[0,0,0,0,0,0,0,0],[6,6,6,0,0,6,0,0],[0,0,0,0,0,0,0,0]]}],"metadata":{"dataset_id":"solve_span","transformation_id":"alternating_intersection and outputborder=False"}}