{"train":[{"input":[[9,9,7,7,9,7,9,7],[7,7,7,7,7,7,7,7],[7,7,7,7,7,7,7,9],[7,7,7,7,7,7,7,9],[7,7,7,7,7,7,7,7],[7,7,7,7,7,7,7,9],[7,7,7,7,7,7,7,9]],"output":[[5,5,5,5,5,5,5],[1,1,5,5,1,5,1],[1,1,5,5,1,5,1],[5,5,5,5,5,5,5],[1,1,5,5,1,5,1],[1,1,5,5,1,5,1]]},{"input":[[7,7,9,9,7,7,9,9,7],[7,7,7,7,7,7,7,7,9],[7,7,7,7,7,7,7,7,7],[7,7,7,7,7,7,7,7,7],[7,7,7,7,7,7,7,7,7],[7,7,7,7,7,7,7,7,9],[7,7,7,7,7,7,7,7,7]],"output":[[5,5,1,1,5,5,1,1],[5,5,5,5,5,5,5,5],[5,5,5,5,5,5,5,5],[5,5,5,5,5,5,5,5],[5,5,1,1,5,5,1,1],[5,5,5,5,5,5,5,5]]},{"input":[[7,7,7,7,7,7,9],[7,7,7,7,7,7,7],[7,7,7,7,7,7,9],[7,7,7,7,7,7,7],[7,7,9,9,7,9,7]],"output":[[5,5,1,1,5,1],[5,5,5,5,5,5],[5,5,1,1,5,1],[5,5,5,5,5,5]]}],"test":[{"input":[[7,7,7,7,7],[7,7,7,7,7],[7,7,7,7,9],[7,7,7,7,9],[7,7,7,7,7],[7,7,7,7,7],[7,7,7,7,9],[7,7,7,7,9],[7,9,7,9,7]],"output":[[5,5,5,5],[5,5,5,5],[5,1,5,1],[5,1,5,1],[5,5,5,5],[5,5,5,5],[5,1,5,1],[5,1,5,1]]},{"input":[[7,7,7,7,7],[7,7,7,7,7],[7,7,7,7,9],[7,7,7,7,7],[7,7,7,7,9],[7,7,7,7,9],[7,7,7,7,7],[7,9,7,9,7]],"output":[[5,5,5,5],[5,5,5,5],[5,1,5,1],[5,5,5,5],[5,1,5,1],[5,1,5,1],[5,5,5,5]]}],"metadata":{"dataset_id":"solve_span","transformation_id":"alternating_intersection and outputborder=False"}}