{"train":[{"input":[[4,4,4,4,1],[4,4,4,4,0],[4,4,4,4,0],[4,4,4,4,0]],"output":[[4,4,4,4,0,4,4,4,4],[4,4,4,4,0,4,4,4,4],[4,4,4,4,0,4,4,4,4],[4,4,4,4,0,4,4,4,4]]},{"input":[[3,3,3,1,1],[3,3,3,0,0],[3,3,3,0,0]],"output":[[3,3,3,0,3,3,3,0,3,3,3],[3,3,3,0,3,3,3,0,3,3,3],[3,3,3,0,3,3,3,0,3,3,3]]},{"input":[[6,6,6,6],[6,4,4,6],[6,6,6,6],[1,0,0,0],[1,0,0,0],[1,0,0,0]],"output":[[6,6,6,6],[6,4,4,6],[6,6,6,6],[0,0,0,0],[6,6,6,6],[6,4,4,6],[6,6,6,6],[0,0,0,0],[6,6,6,6],[6,4,4,6],[6,6,6,6],[0,0,0,0],[6,6,6,6],[6,4,4,6],[6,6,6,6]]}],"test":[{"input":[[7,7,7],[7,3,7],[7,7,7],[1,0,0],[1,0,0]],"output":[[7,7,7],[7,3,7],[7,7,7],[0,0,0],[7,7,7],[7,3,7],[7,7,7],[0,0,0],[7,7,7],[7,3,7],[7,7,7]]},{"input":[[9,9,9,9,1],[9,9,9,9,0],[9,2,2,9,0],[9,9,9,9,0],[9,9,9,9,0]],"output":[[9,9,9,9,0,9,9,9,9],[9,9,9,9,0,9,9,9,9],[9,2,2,9,0,9,2,2,9],[9,9,9,9,0,9,9,9,9],[9,9,9,9,0,9,9,9,9]]},{"input":[[1,1,1],[1,6,1],[1,1,1],[1,0,0]],"output":[[1,1,1],[1,6,1],[1,1,1],[0,0,0],[1,1,1],[1,6,1],[1,1,1]]}]}