{"train":[{"input":[[0,7,0,0,7,7,0,0],[7,0,0,0,0,0,0,0],[0,0,0,0,0,0,0,0],[7,0,0,0,0,0,0,0],[7,0,0,0,0,0,0,0],[7,0,0,0,0,0,0,0],[0,0,0,0,0,0,0,0],[0,0,0,0,0,0,0,0]],"output":[[7,2,7,7,2,2,7,7],[2,0,8,8,0,0,8,8],[7,8,0,0,8,8,0,0],[2,0,8,8,0,0,8,8],[2,0,8,8,0,0,8,8],[2,0,8,8,0,0,8,8],[7,8,0,0,8,8,0,0],[7,8,0,0,8,8,0,0]]},{"input":[[0,7,0,7,7,0],[0,0,0,0,0,7],[0,0,0,0,0,0],[0,0,0,0,0,7],[0,0,0,0,0,0],[0,0,0,0,0,7]],"output":[[7,2,7,2,2,7],[8,0,8,0,0,2],[0,8,0,8,8,7],[8,0,8,0,0,2],[0,8,0,8,8,7],[8,0,8,0,0,2]]}],"test":[{"input":[[0,7,7,0,7,0,7],[0,0,0,0,0,0,0],[7,0,0,0,0,0,0],[0,0,0,0,0,0,0],[0,0,0,0,0,0,0],[7,0,0,0,0,0,0],[7,0,0,0,0,0,0]],"output":[[7,2,2,7,2,7,2],[7,8,8,0,8,0,8],[2,0,0,8,0,8,0],[7,8,8,0,8,0,8],[7,8,8,0,8,0,8],[2,0,0,8,0,8,0],[2,0,0,8,0,8,0]]}],"metadata":{"dataset_id":"solve_span","transformation_id":"alternating_intersection xor outputborder=True"}}