{"train":[{"input":[[7,7,2,7,2],[7,7,7,7,7],[2,7,7,7,7],[2,7,7,7,7],[2,7,7,7,7],[7,7,7,7,7],[7,7,7,7,7],[2,7,7,7,7]],"output":[[9,9,2,9,2],[9,3,2,3,2],[2,2,0,2,0],[2,2,0,2,0],[2,2,0,2,0],[9,3,2,3,2],[9,3,2,3,2],[2,2,0,2,0]]},{"input":[[7,7,7,7,7,7],[2,7,7,7,7,7],[7,7,7,7,7,7],[2,7,7,7,7,7],[7,7,7,7,7,7],[7,7,7,7,7,7],[7,7,2,7,7,2]],"output":[[9,3,2,3,3,2],[2,2,0,2,2,0],[9,3,2,3,3,2],[2,2,0,2,2,0],[9,3,2,3,3,2],[9,3,2,3,3,2],[9,9,2,9,9,2]]}],"test":[{"input":[[2,7,7,7,7,7],[7,7,7,7,7,7],[2,7,7,7,7,7],[7,7,7,7,7,7],[7,7,2,2,7,2]],"output":[[2,2,0,0,2,0],[9,3,2,2,3,2],[2,2,0,0,2,0],[9,3,2,2,3,2],[9,9,2,2,9,2]]}],"metadata":{"dataset_id":"solve_span","transformation_id":"alternating_intersection sum outputborder=True"}}