{"train":[{"input":[[7,7,7,7,7,6],[7,7,7,7,7,7],[7,7,7,7,7,6],[7,7,7,7,7,6],[7,7,7,7,7,7],[7,7,7,7,7,6],[7,6,7,6,7,7]],"output":[[6,5,6,5,6],[0,6,0,6,0],[6,5,6,5,6],[6,5,6,5,6],[0,6,0,6,0],[6,5,6,5,6]]},{"input":[[7,7,6,6,7,7,6,7],[7,7,7,7,7,7,7,7],[6,7,7,7,7,7,7,7],[7,7,7,7,7,7,7,7],[6,7,7,7,7,7,7,7],[6,7,7,7,7,7,7,7],[6,7,7,7,7,7,7,7],[7,7,7,7,7,7,7,7]],"output":[[0,6,6,0,0,6,0],[6,5,5,6,6,5,6],[0,6,6,0,0,6,0],[6,5,5,6,6,5,6],[6,5,5,6,6,5,6],[6,5,5,6,6,5,6],[0,6,6,0,0,6,0]]}],"test":[{"input":[[7,7,7,7,7,7,7,7,6],[7,7,7,7,7,7,7,7,7],[7,7,7,7,7,7,7,7,6],[7,7,7,7,7,7,7,7,7],[6,6,6,7,7,6,7,7,7]],"output":[[5,5,5,6,6,5,6,6],[6,6,6,0,0,6,0,0],[5,5,5,6,6,5,6,6],[6,6,6,0,0,6,0,0]]}],"metadata":{"dataset_id":"solve_span","transformation_id":"alternating_intersection sum outputborder=False"}}