{"train":[{"input":[[1,6,6,6,6,6,6,6],[1,6,6,6,6,6,6,6],[6,6,6,6,6,6,6,6],[1,6,6,6,6,6,6,6],[6,6,6,6,6,6,6,6],[1,6,6,6,6,6,6,6],[1,6,6,6,6,6,6,6],[1,6,6,6,6,6,6,6],[6,6,1,1,6,6,6,1]],"output":[[7,0,0,7,7,7,0],[7,0,0,7,7,7,0],[4,7,7,4,4,4,7],[7,0,0,7,7,7,0],[4,7,7,4,4,4,7],[7,0,0,7,7,7,0],[7,0,0,7,7,7,0],[7,0,0,7,7,7,0]]},{"input":[[6,6,1,6,1],[1,6,6,6,6],[6,6,6,6,6],[1,6,6,6,6],[6,6,6,6,6],[1,6,6,6,6]],"output":[[7,0,7,0],[4,7,4,7],[7,0,7,0],[4,7,4,7],[7,0,7,0]]}],"test":[{"input":[[6,6,6,6,6,1],[6,6,6,6,6,6],[6,6,6,6,6,1],[6,6,6,6,6,6],[6,6,6,6,6,1],[6,1,6,1,1,6]],"output":[[7,0,7,0,0],[4,7,4,7,7],[7,0,7,0,0],[4,7,4,7,7],[7,0,7,0,0]]}],"metadata":{"dataset_id":"solve_span","transformation_id":"alternating_intersection sum outputborder=False"}}