{"train":[{"input":[[5,5,5,5,5,5],[4,5,5,5,5,5],[4,5,5,5,5,5],[4,5,5,5,5,5],[5,5,5,5,5,5],[5,5,5,5,5,5],[4,5,5,5,5,5],[5,5,5,4,5,4]],"output":[[7,4,4,9,4,9],[3,9,9,1,9,1],[3,9,9,1,9,1],[3,9,9,1,9,1],[7,4,4,9,4,9],[7,4,4,9,4,9],[3,9,9,1,9,1],[7,7,7,3,7,3]]},{"input":[[5,4,5,4,5],[4,5,5,5,5],[5,5,5,5,5],[4,5,5,5,5],[4,5,5,5,5],[5,5,5,5,5],[4,5,5,5,5]],"output":[[7,3,7,3,7],[3,1,9,1,9],[7,9,4,9,4],[3,1,9,1,9],[3,1,9,1,9],[7,9,4,9,4],[3,1,9,1,9]]}],"test":[{"input":[[4,5,4,4,5,5,4,4,5],[5,5,5,5,5,5,5,5,5],[5,5,5,5,5,5,5,5,5],[5,5,5,5,5,5,5,5,4],[5,5,5,5,5,5,5,5,4],[5,5,5,5,5,5,5,5,5],[5,5,5,5,5,5,5,5,4]],"output":[[3,7,3,3,7,7,3,3,7],[9,4,9,9,4,4,9,9,7],[9,4,9,9,4,4,9,9,7],[1,9,1,1,9,9,1,1,3],[1,9,1,1,9,9,1,1,3],[9,4,9,9,4,4,9,9,7],[1,9,1,1,9,9,1,1,3]]}],"metadata":{"dataset_id":"solve_span","transformation_id":"alternating_intersection sum outputborder=True"}}