{"train":[{"input":[[1,2,1,2,1,2],[2,2,2,2,2,2],[2,2,2,2,2,1],[2,2,2,2,2,1],[2,2,2,2,2,2],[2,2,2,2,2,1],[2,2,2,2,2,2],[2,2,2,2,2,2],[2,2,2,2,2,2]],"output":[[3,8,3,8,3],[7,3,7,3,7],[7,3,7,3,7],[3,8,3,8,3],[7,3,7,3,7],[3,8,3,8,3],[3,8,3,8,3],[3,8,3,8,3]]},{"input":[[2,1,2,1,2,1,1,1],[2,2,2,2,2,2,2,2],[1,2,2,2,2,2,2,2],[2,2,2,2,2,2,2,2],[2,2,2,2,2,2,2,2],[1,2,2,2,2,2,2,2]],"output":[[3,8,3,8,3,3,3],[7,3,7,3,7,7,7],[3,8,3,8,3,3,3],[3,8,3,8,3,3,3],[7,3,7,3,7,7,7]]},{"input":[[2,1,1,2,2,1,2],[2,2,2,2,2,2,2],[1,2,2,2,2,2,2],[2,2,2,2,2,2,2],[2,2,2,2,2,2,2],[1,2,2,2,2,2,2],[1,2,2,2,2,2,2],[2,2,2,2,2,2,2],[2,2,2,2,2,2,2]],"output":[[3,3,8,8,3,8],[7,7,3,3,7,3],[3,3,8,8,3,8],[3,3,8,8,3,8],[7,7,3,3,7,3],[7,7,3,3,7,3],[3,3,8,8,3,8],[3,3,8,8,3,8]]}],"test":[{"input":[[2,2,2,2,2,2,2,1],[2,2,2,2,2,2,2,2],[2,2,2,2,2,2,2,1],[2,2,2,2,2,2,2,2],[1,1,2,1,1,1,2,2]],"output":[[7,7,3,7,7,7,3],[3,3,8,3,3,3,8],[7,7,3,7,7,7,3],[3,3,8,3,3,3,8]]}],"metadata":{"dataset_id":"solve_span","transformation_id":"alternating_intersection sum outputborder=False"}}