{"train":[{"input":[[9,9,7,7,9,7,9,7],[7,7,7,7,7,7,7,7],[7,7,7,7,7,7,7,9],[7,7,7,7,7,7,7,9],[7,7,7,7,7,7,7,7],[7,7,7,7,7,7,7,9],[7,7,7,7,7,7,7,9]],"output":[[1,1,5,5,1,5,1],[2,2,1,1,2,1,2],[2,2,1,1,2,1,2],[1,1,5,5,1,5,1],[2,2,1,1,2,1,2],[2,2,1,1,2,1,2]]},{"input":[[7,7,9,9,7,7,9,9,7],[7,7,7,7,7,7,7,7,9],[7,7,7,7,7,7,7,7,7],[7,7,7,7,7,7,7,7,7],[7,7,7,7,7,7,7,7,7],[7,7,7,7,7,7,7,7,9],[7,7,7,7,7,7,7,7,7]],"output":[[1,1,2,2,1,1,2,2],[5,5,1,1,5,5,1,1],[5,5,1,1,5,5,1,1],[5,5,1,1,5,5,1,1],[1,1,2,2,1,1,2,2],[5,5,1,1,5,5,1,1]]},{"input":[[7,7,7,7,7,7,9],[7,7,7,7,7,7,7],[7,7,7,7,7,7,9],[7,7,7,7,7,7,7],[7,7,9,9,7,9,7]],"output":[[1,1,2,2,1,2],[5,5,1,1,5,1],[1,1,2,2,1,2],[5,5,1,1,5,1]]}],"test":[{"input":[[7,7,7,7,7],[7,7,7,7,7],[7,7,7,7,9],[7,7,7,7,9],[7,7,7,7,7],[7,7,7,7,7],[7,7,7,7,9],[7,7,7,7,9],[7,9,7,9,7]],"output":[[5,1,5,1],[5,1,5,1],[1,2,1,2],[1,2,1,2],[5,1,5,1],[5,1,5,1],[1,2,1,2],[1,2,1,2]]},{"input":[[7,7,7,7,7],[7,7,7,7,7],[7,7,7,7,9],[7,7,7,7,7],[7,7,7,7,9],[7,7,7,7,9],[7,7,7,7,7],[7,9,7,9,7]],"output":[[5,1,5,1],[5,1,5,1],[1,2,1,2],[5,1,5,1],[1,2,1,2],[1,2,1,2],[5,1,5,1]]}],"metadata":{"dataset_id":"solve_span","transformation_id":"alternating_intersection sum outputborder=False"}}