{"train":[{"input":[[6,6,6,3,6,3,6],[6,6,6,6,6,6,6],[6,6,6,6,6,6,6],[3,6,6,6,6,6,6],[6,6,6,6,6,6,6],[3,6,6,6,6,6,6]],"output":[[7,7,8,7,8,7],[7,7,8,7,8,7],[8,8,6,8,6,8],[7,7,8,7,8,7],[8,8,6,8,6,8]]},{"input":[[6,3,3,3,6,3,6],[3,6,6,6,6,6,6],[6,6,6,6,6,6,6],[6,6,6,6,6,6,6],[3,6,6,6,6,6,6],[6,6,6,6,6,6,6]],"output":[[6,6,6,8,6,8],[8,8,8,7,8,7],[8,8,8,7,8,7],[6,6,6,8,6,8],[8,8,8,7,8,7]]},{"input":[[6,6,6,3,3,6,3,3,6],[6,6,6,6,6,6,6,6,6],[6,6,6,6,6,6,6,6,3],[6,6,6,6,6,6,6,6,6],[6,6,6,6,6,6,6,6,3],[6,6,6,6,6,6,6,6,6]],"output":[[7,7,7,8,8,7,8,8],[8,8,8,6,6,8,6,6],[7,7,7,8,8,7,8,8],[8,8,8,6,6,8,6,6],[7,7,7,8,8,7,8,8]]}],"test":[{"input":[[6,3,6,6,3,6,6,6,6],[6,6,6,6,6,6,6,6,3],[6,6,6,6,6,6,6,6,6],[6,6,6,6,6,6,6,6,3],[6,6,6,6,6,6,6,6,6],[6,6,6,6,6,6,6,6,3]],"output":[[8,6,8,8,6,8,8,8],[7,8,7,7,8,7,7,7],[8,6,8,8,6,8,8,8],[7,8,7,7,8,7,7,7],[8,6,8,8,6,8,8,8]]}],"metadata":{"dataset_id":"solve_span","transformation_id":"alternating_intersection sum outputborder=False"}}