{"train":[{"input":[[8,5,8,5,8,8,5,5,5],[5,8,8,8,8,8,8,8,8],[5,8,8,8,8,8,8,8,8],[8,8,8,8,8,8,8,8,8],[5,8,8,8,8,8,8,8,8],[5,8,8,8,8,8,8,8,8],[8,8,8,8,8,8,8,8,8],[5,8,8,8,8,8,8,8,8]],"output":[[3,4,3,4,4,3,3,3],[3,4,3,4,4,3,3,3],[4,9,4,9,9,4,4,4],[3,4,3,4,4,3,3,3],[3,4,3,4,4,3,3,3],[4,9,4,9,9,4,4,4],[3,4,3,4,4,3,3,3]]},{"input":[[8,8,8,8,8,8,8],[5,8,8,8,8,8,8],[8,8,8,8,8,8,8],[5,8,8,8,8,8,8],[8,8,5,5,8,5,5]],"output":[[9,4,4,9,4,4],[4,3,3,4,3,3],[9,4,4,9,4,4],[4,3,3,4,3,3]]}],"test":[{"input":[[5,8,8,5,5,5,8,8,8],[8,8,8,8,8,8,8,8,5],[8,8,8,8,8,8,8,8,5],[8,8,8,8,8,8,8,8,8],[8,8,8,8,8,8,8,8,5],[8,8,8,8,8,8,8,8,8],[8,8,8,8,8,8,8,8,8]],"output":[[3,4,4,3,3,3,4,4],[3,4,4,3,3,3,4,4],[4,9,9,4,4,4,9,9],[3,4,4,3,3,3,4,4],[4,9,9,4,4,4,9,9],[4,9,9,4,4,4,9,9]]}],"metadata":{"dataset_id":"solve_span","transformation_id":"alternating_intersection sum outputborder=False"}}