{"train":[{"input":[[1,9,1,1,1,9,1,1,1],[1,1,1,1,1,1,1,1,1],[9,1,1,1,1,1,1,1,1],[1,1,1,1,1,1,1,1,1],[9,1,1,1,1,1,1,1,1],[1,1,1,1,1,1,1,1,1]],"output":[[2,5,2,2,2,5,2,2,2],[2,5,2,2,2,5,2,2,2],[5,7,5,5,5,7,5,5,5],[2,5,2,2,2,5,2,2,2],[5,7,5,5,5,7,5,5,5],[2,5,2,2,2,5,2,2,2]]},{"input":[[1,9,1,9,1,9],[1,1,1,1,1,1],[9,1,1,1,1,1],[1,1,1,1,1,1],[9,1,1,1,1,1],[1,1,1,1,1,1]],"output":[[2,5,2,5,2,5],[2,5,2,5,2,5],[5,7,5,7,5,7],[2,5,2,5,2,5],[5,7,5,7,5,7],[2,5,2,5,2,5]]}],"test":[{"input":[[1,1,1,1,1,1,9],[1,1,1,1,1,1,1],[1,1,1,1,1,1,9],[1,1,1,1,1,1,1],[1,1,1,1,1,1,9],[1,9,1,9,1,1,1]],"output":[[5,7,5,7,5,5,5],[2,5,2,5,2,2,2],[5,7,5,7,5,5,5],[2,5,2,5,2,2,2],[5,7,5,7,5,5,5],[2,5,2,5,2,2,2]]}],"metadata":{"dataset_id":"solve_span","transformation_id":"alternating_intersection sum outputborder=True"}}