{"train":[{"input":[[9,8,9,9,8,8,9,9,9],[9,9,9,9,9,9,9,9,8],[9,9,9,9,9,9,9,9,9],[9,9,9,9,9,9,9,9,8],[9,9,9,9,9,9,9,9,9]],"output":[[6,0,6,6,0,0,6,6],[2,6,2,2,6,6,2,2],[6,0,6,6,0,0,6,6],[2,6,2,2,6,6,2,2]]},{"input":[[9,9,8,9,9,8,9],[8,9,9,9,9,9,9],[9,9,9,9,9,9,9],[8,9,9,9,9,9,9],[9,9,9,9,9,9,9]],"output":[[6,0,6,6,0,6],[2,6,2,2,6,2],[6,0,6,6,0,6],[2,6,2,2,6,2]]},{"input":[[8,9,9,9,9,9],[9,9,9,9,9,9],[9,9,9,9,9,9],[8,9,9,9,9,9],[8,9,9,9,9,9],[9,9,9,9,9,9],[9,9,9,9,9,9],[9,9,9,9,9,9],[9,9,8,9,8,8]],"output":[[6,0,6,0,0],[2,6,2,6,6],[2,6,2,6,6],[6,0,6,0,0],[6,0,6,0,0],[2,6,2,6,6],[2,6,2,6,6],[2,6,2,6,6]]}],"test":[{"input":[[8,9,9,9,9,9,9],[9,9,9,9,9,9,9],[8,9,9,9,9,9,9],[8,9,9,9,9,9,9],[9,9,9,9,9,9,9],[9,8,9,8,9,8,8]],"output":[[0,6,0,6,0,0],[6,2,6,2,6,6],[0,6,0,6,0,0],[0,6,0,6,0,0],[6,2,6,2,6,6]]},{"input":[[9,8,9,8,9],[9,9,9,9,8],[9,9,9,9,9],[9,9,9,9,8],[9,9,9,9,9],[9,9,9,9,9],[9,9,9,9,8],[9,9,9,9,8]],"output":[[6,0,6,0],[2,6,2,6],[6,0,6,0],[2,6,2,6],[2,6,2,6],[6,0,6,0],[6,0,6,0]]}],"metadata":{"dataset_id":"solve_span","transformation_id":"alternating_intersection sum outputborder=False"}}