{"train":[{"input":[[6,9,6,9,6,6],[6,6,6,6,6,6],[6,6,6,6,6,9],[6,6,6,6,6,6],[6,6,6,6,6,9],[6,6,6,6,6,6]],"output":[[3,2,3,2,3],[2,7,2,7,2],[3,2,3,2,3],[2,7,2,7,2],[3,2,3,2,3]]},{"input":[[9,6,6,6,6,6],[6,6,6,6,6,6],[9,6,6,6,6,6],[9,6,6,6,6,6],[6,6,6,6,6,6],[6,6,6,6,6,6],[6,6,6,6,6,6],[9,6,6,6,6,6],[6,6,9,6,9,9]],"output":[[2,7,2,7,7],[3,2,3,2,2],[2,7,2,7,7],[2,7,2,7,7],[3,2,3,2,2],[3,2,3,2,2],[3,2,3,2,2],[2,7,2,7,7]]}],"test":[{"input":[[6,9,6,6,6,9,6],[6,6,6,6,6,6,6],[6,6,6,6,6,6,6],[9,6,6,6,6,6,6],[6,6,6,6,6,6,6],[9,6,6,6,6,6,6],[6,6,6,6,6,6,6]],"output":[[2,3,3,3,2,3],[2,3,3,3,2,3],[7,2,2,2,7,2],[2,3,3,3,2,3],[7,2,2,2,7,2],[2,3,3,3,2,3]]}],"metadata":{"dataset_id":"solve_span","transformation_id":"alternating_intersection sum outputborder=False"}}