{"train":[{"input":[[3,4,3,4,4],[4,4,4,4,3],[4,4,4,4,3],[4,4,4,4,4],[4,4,4,4,3],[4,4,4,4,4]],"output":[[5,9,5,9,9],[1,5,1,5,5],[1,5,1,5,5],[5,9,5,9,9],[1,5,1,5,5],[5,9,5,9,9]]},{"input":[[4,4,4,4,4,4,4,3],[4,4,4,4,4,4,4,4],[4,4,4,4,4,4,4,3],[4,4,4,4,4,4,4,4],[4,4,4,4,4,4,4,3],[4,4,4,4,4,4,4,3],[4,3,3,4,3,4,4,4]],"output":[[5,1,1,5,1,5,5,5],[9,5,5,9,5,9,9,9],[5,1,1,5,1,5,5,5],[9,5,5,9,5,9,9,9],[5,1,1,5,1,5,5,5],[5,1,1,5,1,5,5,5],[9,5,5,9,5,9,9,9]]},{"input":[[4,3,4,3,4,3],[4,4,4,4,4,4],[3,4,4,4,4,4],[4,4,4,4,4,4],[4,4,4,4,4,4],[3,4,4,4,4,4],[3,4,4,4,4,4]],"output":[[9,5,9,5,9,5],[9,5,9,5,9,5],[5,1,5,1,5,1],[9,5,9,5,9,5],[9,5,9,5,9,5],[5,1,5,1,5,1],[5,1,5,1,5,1]]}],"test":[{"input":[[3,4,4,4,4,4],[3,4,4,4,4,4],[4,4,4,4,4,4],[3,4,4,4,4,4],[3,4,4,4,4,4],[3,4,4,4,4,4],[4,4,4,4,4,4],[4,4,4,4,4,4],[4,4,3,4,3,4]],"output":[[5,5,1,5,1,5],[5,5,1,5,1,5],[9,9,5,9,5,9],[5,5,1,5,1,5],[5,5,1,5,1,5],[5,5,1,5,1,5],[9,9,5,9,5,9],[9,9,5,9,5,9],[9,9,5,9,5,9]]}],"metadata":{"dataset_id":"solve_span","transformation_id":"alternating_intersection sum outputborder=True"}}