{"train":[{"input":[[1,1,9,9,1,1,9,9],[9,9,9,9,9,9,9,9],[9,9,9,9,9,9,9,1],[9,9,9,9,9,9,9,9],[9,9,9,9,9,9,9,1]],"output":[[4,4,0,0,4,4,0],[8,8,4,4,8,8,4],[4,4,0,0,4,4,0],[8,8,4,4,8,8,4]]},{"input":[[1,9,9,9,9,9,9],[9,9,9,9,9,9,9],[1,9,9,9,9,9,9],[1,9,9,9,9,9,9],[9,9,9,9,9,9,9],[1,9,9,9,9,9,9],[9,9,1,1,9,1,9]],"output":[[4,8,8,4,8,4],[0,4,4,0,4,0],[4,8,8,4,8,4],[4,8,8,4,8,4],[0,4,4,0,4,0],[4,8,8,4,8,4]]},{"input":[[1,9,9,9,9],[1,9,9,9,9],[9,9,9,9,9],[1,9,9,9,9],[1,9,9,9,9],[9,9,9,9,9],[9,9,1,9,1]],"output":[[4,8,4,8],[4,8,4,8],[0,4,0,4],[4,8,4,8],[4,8,4,8],[0,4,0,4]]}],"test":[{"input":[[9,9,9,9,9,9,9],[1,9,9,9,9,9,9],[9,9,9,9,9,9,9],[1,9,9,9,9,9,9],[1,9,9,9,9,9,9],[1,9,9,9,9,9,9],[1,9,9,9,9,9,9],[9,1,9,1,1,9,1]],"output":[[4,0,4,4,0,4],[8,4,8,8,4,8],[4,0,4,4,0,4],[8,4,8,8,4,8],[8,4,8,8,4,8],[8,4,8,8,4,8],[8,4,8,8,4,8]]}],"metadata":{"dataset_id":"solve_span","transformation_id":"alternating_intersection sum outputborder=False"}}