{"train":[{"input":[[1,1,6,1,1,6],[6,1,1,1,1,1],[1,1,1,1,1,1],[1,1,1,1,1,1],[6,1,1,1,1,1],[1,1,1,1,1,1],[1,1,1,1,1,1]],"output":[[4,5,4,4,5],[0,4,0,0,4],[0,4,0,0,4],[4,5,4,4,5],[0,4,0,0,4],[0,4,0,0,4]]},{"input":[[1,1,1,1,1,6],[1,1,1,1,1,1],[1,1,1,1,1,6],[1,1,1,1,1,1],[1,1,1,1,1,6],[1,6,1,6,1,1]],"output":[[4,5,4,5,4],[0,4,0,4,0],[4,5,4,5,4],[0,4,0,4,0],[4,5,4,5,4]]},{"input":[[1,1,6,1,6,1,1],[1,1,1,1,1,1,6],[1,1,1,1,1,1,1],[1,1,1,1,1,1,6],[1,1,1,1,1,1,6],[1,1,1,1,1,1,6],[1,1,1,1,1,1,1],[1,1,1,1,1,1,1]],"output":[[4,4,5,4,5,4],[0,0,4,0,4,0],[4,4,5,4,5,4],[4,4,5,4,5,4],[4,4,5,4,5,4],[0,0,4,0,4,0],[0,0,4,0,4,0]]}],"test":[{"input":[[1,6,1,6,6,1,1],[6,1,1,1,1,1,1],[1,1,1,1,1,1,1],[1,1,1,1,1,1,1],[6,1,1,1,1,1,1],[1,1,1,1,1,1,1],[6,1,1,1,1,1,1]],"output":[[5,4,5,5,4,4],[4,0,4,4,0,0],[4,0,4,4,0,0],[5,4,5,5,4,4],[4,0,4,4,0,0],[5,4,5,5,4,4]]}],"metadata":{"dataset_id":"solve_span","transformation_id":"alternating_intersection sum outputborder=False"}}