{"train":[{"input":[[4,4,4,4,4,4],[4,4,4,4,4,0],[4,4,4,4,4,4],[4,4,4,4,4,0],[4,4,4,4,4,4],[4,0,4,0,4,4]],"output":[[4,8,4,8,4],[8,5,8,5,8],[4,8,4,8,4],[8,5,8,5,8],[4,8,4,8,4]]},{"input":[[0,4,0,4,0,4],[4,4,4,4,4,0],[4,4,4,4,4,4],[4,4,4,4,4,0],[4,4,4,4,4,4],[4,4,4,4,4,0]],"output":[[5,8,5,8,5],[8,4,8,4,8],[5,8,5,8,5],[8,4,8,4,8],[5,8,5,8,5]]},{"input":[[4,0,4,4,0,4,0],[0,4,4,4,4,4,4],[4,4,4,4,4,4,4],[0,4,4,4,4,4,4],[4,4,4,4,4,4,4]],"output":[[5,8,8,5,8,5],[8,4,4,8,4,8],[5,8,8,5,8,5],[8,4,4,8,4,8]]}],"test":[{"input":[[0,4,4,4,4,4,4,4,4],[4,4,4,4,4,4,4,4,4],[0,4,4,4,4,4,4,4,4],[0,4,4,4,4,4,4,4,4],[4,4,4,4,4,4,4,4,4],[0,4,4,4,4,4,4,4,4],[4,0,4,4,0,0,4,4,0]],"output":[[5,8,8,5,5,8,8,5],[8,4,4,8,8,4,4,8],[5,8,8,5,5,8,8,5],[5,8,8,5,5,8,8,5],[8,4,4,8,8,4,4,8],[5,8,8,5,5,8,8,5]]},{"input":[[4,4,0,4,0,4,4],[4,4,4,4,4,4,0],[4,4,4,4,4,4,0],[4,4,4,4,4,4,4],[4,4,4,4,4,4,4],[4,4,4,4,4,4,0],[4,4,4,4,4,4,4],[4,4,4,4,4,4,0],[4,4,4,4,4,4,0]],"output":[[8,8,5,8,5,8],[8,8,5,8,5,8],[4,4,8,4,8,4],[4,4,8,4,8,4],[8,8,5,8,5,8],[4,4,8,4,8,4],[8,8,5,8,5,8],[8,8,5,8,5,8]]}],"metadata":{"dataset_id":"solve_span","transformation_id":"alternating_intersection sum outputborder=False"}}