{"train":[{"input":[[8,7,7,7,7,7,7],[8,7,7,7,7,7,7],[7,7,7,7,7,7,7],[8,7,7,7,7,7,7],[8,7,7,7,7,7,7],[7,7,7,7,7,7,7],[7,7,8,8,8,7,8]],"output":[[1,5,5,5,1,5],[1,5,5,5,1,5],[8,1,1,1,8,1],[1,5,5,5,1,5],[1,5,5,5,1,5],[8,1,1,1,8,1]]},{"input":[[7,7,7,7,7,7,7],[8,7,7,7,7,7,7],[7,7,7,7,7,7,7],[8,7,7,7,7,7,7],[7,7,7,7,7,7,7],[7,7,7,7,7,7,7],[7,8,7,8,8,8,7]],"output":[[1,8,1,1,1,8],[5,1,5,5,5,1],[1,8,1,1,1,8],[5,1,5,5,5,1],[1,8,1,1,1,8],[1,8,1,1,1,8]]},{"input":[[7,8,7,8,7,7,7],[7,7,7,7,7,7,8],[7,7,7,7,7,7,8],[7,7,7,7,7,7,8],[7,7,7,7,7,7,7],[7,7,7,7,7,7,8],[7,7,7,7,7,7,8],[7,7,7,7,7,7,7],[7,7,7,7,7,7,7]],"output":[[1,5,1,5,1,1],[1,5,1,5,1,1],[1,5,1,5,1,1],[8,1,8,1,8,8],[1,5,1,5,1,1],[1,5,1,5,1,1],[8,1,8,1,8,8],[8,1,8,1,8,8]]}],"test":[{"input":[[7,8,8,8,7,8,7],[8,7,7,7,7,7,7],[7,7,7,7,7,7,7],[7,7,7,7,7,7,7],[8,7,7,7,7,7,7],[7,7,7,7,7,7,7],[8,7,7,7,7,7,7]],"output":[[5,5,5,1,5,1],[1,1,1,8,1,8],[1,1,1,8,1,8],[5,5,5,1,5,1],[1,1,1,8,1,8],[5,5,5,1,5,1]]}],"metadata":{"dataset_id":"solve_span","transformation_id":"alternating_intersection sum outputborder=False"}}