{"train":[{"input":[[6,7,7,7,7,7,7],[7,7,7,7,7,7,7],[6,7,7,7,7,7,7],[6,7,7,7,7,7,7],[6,7,7,7,7,7,7],[7,7,7,7,7,7,7],[6,7,7,7,7,7,7],[7,6,7,7,6,7,6]],"output":[[4,2,2,4,2,4],[2,6,6,2,6,2],[4,2,2,4,2,4],[4,2,2,4,2,4],[4,2,2,4,2,4],[2,6,6,2,6,2],[4,2,2,4,2,4]]},{"input":[[6,7,6,7,7],[7,7,7,7,6],[7,7,7,7,7],[7,7,7,7,7],[7,7,7,7,6],[7,7,7,7,6],[7,7,7,7,7],[7,7,7,7,7],[7,7,7,7,6]],"output":[[4,2,4,2],[2,6,2,6],[2,6,2,6],[4,2,4,2],[4,2,4,2],[2,6,2,6],[2,6,2,6],[4,2,4,2]]}],"test":[{"input":[[7,7,7,7,7,7,7,7,6],[7,7,7,7,7,7,7,7,7],[7,7,7,7,7,7,7,7,6],[7,7,7,7,7,7,7,7,7],[7,6,6,6,7,6,6,7,7]],"output":[[2,4,4,4,2,4,4,2],[6,2,2,2,6,2,2,6],[2,4,4,4,2,4,4,2],[6,2,2,2,6,2,2,6]]}],"metadata":{"dataset_id":"solve_span","transformation_id":"alternating_intersection sum outputborder=False"}}