{"train":[{"input":[[2,2,2,2,2,6],[2,2,2,2,2,6],[2,2,2,2,2,2],[2,2,2,2,2,2],[2,2,2,2,2,6],[2,2,2,2,2,2],[2,6,2,2,6,2]],"output":[[2,7,2,2,7],[2,7,2,2,7],[6,2,6,6,2],[6,2,6,6,2],[2,7,2,2,7],[6,2,6,6,2]]},{"input":[[6,2,2,2,2,2,2,2],[6,2,2,2,2,2,2,2],[2,2,2,2,2,2,2,2],[6,2,2,2,2,2,2,2],[6,2,2,2,2,2,2,2],[2,2,2,2,2,2,2,2],[6,2,2,2,2,2,2,2],[6,2,2,2,2,2,2,2],[2,2,6,2,6,6,2,2]],"output":[[2,7,2,7,7,2,2],[2,7,2,7,7,2,2],[6,2,6,2,2,6,6],[2,7,2,7,7,2,2],[2,7,2,7,7,2,2],[6,2,6,2,2,6,6],[2,7,2,7,7,2,2],[2,7,2,7,7,2,2]]},{"input":[[6,6,2,6,2,2,6,6,2],[2,2,2,2,2,2,2,2,2],[2,2,2,2,2,2,2,2,6],[2,2,2,2,2,2,2,2,6],[2,2,2,2,2,2,2,2,2],[2,2,2,2,2,2,2,2,6]],"output":[[2,2,6,2,6,6,2,2],[7,7,2,7,2,2,7,7],[7,7,2,7,2,2,7,7],[2,2,6,2,6,6,2,2],[7,7,2,7,2,2,7,7]]}],"test":[{"input":[[2,2,2,2,2,2],[2,2,2,2,2,6],[2,2,2,2,2,6],[2,2,2,2,2,2],[2,2,2,2,2,6],[6,2,6,2,6,2]],"output":[[2,6,2,6,2],[7,2,7,2,7],[7,2,7,2,7],[2,6,2,6,2],[7,2,7,2,7]]},{"input":[[6,6,2,6,2,2],[2,2,2,2,2,2],[2,2,2,2,2,6],[2,2,2,2,2,2],[2,2,2,2,2,6]],"output":[[2,2,6,2,6],[7,7,2,7,2],[2,2,6,2,6],[7,7,2,7,2]]}],"metadata":{"dataset_id":"solve_span","transformation_id":"alternating_intersection sum outputborder=False"}}