{"train":[{"input":[[3,6,3,6,3,3,3,6],[3,3,3,3,3,3,3,3],[6,3,3,3,3,3,3,3],[6,3,3,3,3,3,3,3],[6,3,3,3,3,3,3,3],[3,3,3,3,3,3,3,3],[6,3,3,3,3,3,3,3]],"output":[[3,2,3,2,2,2,3],[7,3,7,3,3,3,7],[7,3,7,3,3,3,7],[7,3,7,3,3,3,7],[3,2,3,2,2,2,3],[7,3,7,3,3,3,7]]},{"input":[[3,3,3,3,3,3,3,3,3],[6,3,3,3,3,3,3,3,3],[3,3,3,3,3,3,3,3,3],[3,3,3,3,3,3,3,3,3],[3,3,3,3,3,3,3,3,3],[6,3,3,3,3,3,3,3,3],[6,3,3,3,3,3,3,3,3],[3,3,3,3,6,3,3,6,6]],"output":[[2,2,2,3,2,2,3,3],[3,3,3,7,3,3,7,7],[2,2,2,3,2,2,3,3],[2,2,2,3,2,2,3,3],[2,2,2,3,2,2,3,3],[3,3,3,7,3,3,7,7],[3,3,3,7,3,3,7,7]]}],"test":[{"input":[[3,6,3,6,3],[3,3,3,3,3],[3,3,3,3,6],[3,3,3,3,3],[3,3,3,3,6],[3,3,3,3,3]],"output":[[2,3,2,3],[3,7,3,7],[2,3,2,3],[3,7,3,7],[2,3,2,3]]},{"input":[[3,3,3,3,3],[3,3,3,3,6],[3,3,3,3,3],[3,3,3,3,3],[3,3,3,3,6],[6,3,6,3,3]],"output":[[3,2,3,2],[7,3,7,3],[3,2,3,2],[3,2,3,2],[7,3,7,3]]}],"metadata":{"dataset_id":"solve_span","transformation_id":"alternating_intersection sum outputborder=False"}}