{"train":[{"input":[[7,7,7,7,7,7,7,7],[5,7,7,7,7,7,7,7],[7,7,7,7,7,7,7,7],[5,7,7,7,7,7,7,7],[7,5,5,7,5,5,7,5]],"output":[[8,8,4,8,8,4,8],[7,7,8,7,7,8,7],[8,8,4,8,8,4,8],[7,7,8,7,7,8,7]]},{"input":[[5,7,7,7,7,7,7],[7,7,7,7,7,7,7],[5,7,7,7,7,7,7],[7,7,7,7,7,7,7],[5,7,7,7,7,7,7],[7,5,7,7,5,7,7]],"output":[[7,8,8,7,8,8],[8,4,4,8,4,4],[7,8,8,7,8,8],[8,4,4,8,4,4],[7,8,8,7,8,8]]}],"test":[{"input":[[7,7,7,7,7,7,7,7,7],[7,7,7,7,7,7,7,7,5],[7,7,7,7,7,7,7,7,7],[7,7,7,7,7,7,7,7,5],[7,7,7,7,7,7,7,7,5],[7,7,7,7,7,7,7,7,7],[7,5,5,7,7,5,5,7,7]],"output":[[4,8,8,4,4,8,8,4],[8,7,7,8,8,7,7,8],[4,8,8,4,4,8,8,4],[8,7,7,8,8,7,7,8],[8,7,7,8,8,7,7,8],[4,8,8,4,4,8,8,4]]},{"input":[[7,7,7,7,7,7,5],[7,7,7,7,7,7,7],[7,7,7,7,7,7,7],[7,7,7,7,7,7,7],[7,7,7,7,7,7,5],[7,7,7,7,7,7,7],[7,7,7,7,7,7,7],[7,7,7,7,7,7,7],[5,7,7,5,7,7,7]],"output":[[7,8,8,7,8,8],[8,4,4,8,4,4],[8,4,4,8,4,4],[8,4,4,8,4,4],[7,8,8,7,8,8],[8,4,4,8,4,4],[8,4,4,8,4,4],[8,4,4,8,4,4]]}],"metadata":{"dataset_id":"solve_span","transformation_id":"alternating_intersection sum outputborder=False"}}