{"train":[{"input":[[4,4,4,4,5],[4,4,4,4,4],[4,4,4,4,5],[4,4,4,4,4],[5,4,5,4,4]],"output":[[3,2,3,2],[2,1,2,1],[3,2,3,2],[2,1,2,1]]},{"input":[[4,4,5,4,5,5,4],[5,4,4,4,4,4,4],[4,4,4,4,4,4,4],[4,4,4,4,4,4,4],[5,4,4,4,4,4,4],[4,4,4,4,4,4,4],[4,4,4,4,4,4,4]],"output":[[2,3,2,3,3,2],[1,2,1,2,2,1],[1,2,1,2,2,1],[2,3,2,3,3,2],[1,2,1,2,2,1],[1,2,1,2,2,1]]},{"input":[[5,5,4,5,5,4,5,4],[4,4,4,4,4,4,4,5],[4,4,4,4,4,4,4,4],[4,4,4,4,4,4,4,5],[4,4,4,4,4,4,4,4]],"output":[[3,3,2,3,3,2,3],[2,2,1,2,2,1,2],[3,3,2,3,3,2,3],[2,2,1,2,2,1,2]]}],"test":[{"input":[[4,4,4,4,4,4,5],[4,4,4,4,4,4,4],[4,4,4,4,4,4,4],[4,4,4,4,4,4,4],[4,4,4,4,4,4,5],[4,4,4,4,4,4,4],[4,4,4,4,4,4,5],[4,4,4,4,4,4,5],[4,4,5,4,5,5,4]],"output":[[2,2,3,2,3,3],[1,1,2,1,2,2],[1,1,2,1,2,2],[1,1,2,1,2,2],[2,2,3,2,3,3],[1,1,2,1,2,2],[2,2,3,2,3,3],[2,2,3,2,3,3]]}],"metadata":{"dataset_id":"solve_span","transformation_id":"alternating_intersection sum outputborder=False"}}