{"train": [{"input": [[7, 9], [4, 3]], "output": [[7, 9, 7, 9, 7, 9], [4, 3, 4, 3, 4, 3], [9, 7, 9, 7, 9, 7], [3, 4, 3, 4, 3, 4], [7, 9, 7, 9, 7, 9], [4, 3, 4, 3, 4, 3]]}, {"input": [[8, 6], [6, 4]], "output": [[8, 6, 8, 6, 8, 6], [6, 4, 6, 4, 6, 4], [6, 8, 6, 8, 6, 8], [4, 6, 4, 6, 4, 6], [8, 6, 8, 6, 8, 6], [6, 4, 6, 4, 6, 4]]}], "test": [{"input": [[3, 2], [7, 8]], "output": [[3, 2, 3, 2, 3, 2], [7, 8, 7, 8, 7, 8], [2, 3, 2, 3, 2, 3], [8, 7, 8, 7, 8, 7], [3, 2, 3, 2, 3, 2], [7, 8, 7, 8, 7, 8]]}]}