{"train": [{"input": [[0, 3, 0, 0, 0, 3, 3, 0, 0, 0, 0, 3, 0, 0, 0, 0, 0, 0, 0, 0, 0, 0], [0, 1, 1, 2, 3, 3, 0, 1, 1, 2, 3, 3, 1, 1, 1, 2, 3, 3, 0, 3, 0, 0], [0, 1, 1, 3, 3, 3, 0, 1, 1, 2, 3, 3, 0, 1, 1, 2, 3, 3, 3, 0, 3, 0], [0, 1, 1, 2, 3, 3, 0, 1, 1, 2, 3, 3, 0, 1, 1, 1, 3, 3, 0, 0, 0, 3], [0, 1, 3, 3, 3, 1, 0, 1, 1, 2, 3, 3, 0, 1, 1, 2, 3, 3, 0, 0, 0, 0], [0, 8, 8, 8, 8, 8, 0, 8, 8, 8, 8, 8, 0, 8, 8, 8, 8, 8, 0, 0, 0, 0], [0, 0, 0, 0, 0, 0, 0, 0, 0, 0, 0, 0, 0, 0, 0, 0, 0, 0, 0, 0, 0, 0], [0, 3, 1, 3, 3, 3, 0, 3, 1, 2, 3, 3, 0, 1, 1, 2, 3, 3, 0, 0, 3, 0], [0, 1, 1, 2, 3, 3, 0, 1, 1, 2, 3, 3, 0, 1, 1, 2, 3, 3, 0, 0, 0, 0], [0, 1, 1, 2, 3, 3, 0, 1, 3, 2, 1, 3, 0, 1, 1, 2, 3, 3, 0, 0, 0, 0], [1, 1, 1, 2, 3, 3, 0, 1, 1, 2, 3, 3, 3, 1, 3, 2, 3, 3, 0, 0, 0, 0], [0, 8, 1, 8, 8, 3, 0, 8, 8, 8, 8, 8, 0, 1, 8, 8, 8, 8, 0, 0, 0, 0], [0, 0, 0, 1, 0, 0, 0, 0, 0, 0, 0, 0, 0, 0, 0, 0, 0, 0, 0, 3, 3, 0], [0, 1, 1, 2, 3, 3, 0, 1, 1, 2, 3, 3, 0, 1, 1, 2, 3, 3, 0, 0, 3, 0], [0, 1, 1, 3, 3, 3, 0, 1, 1, 2, 3, 3, 0, 1, 1, 2, 3, 3, 0, 0, 0, 0], [0, 1, 1, 2, 3, 3, 0, 1, 1, 1, 3, 3, 0, 1, 1, 2, 3, 1, 0, 0, 0, 0], [1, 1, 1, 2, 3, 3, 0, 1, 1, 2, 3, 1, 0, 1, 1, 2, 3, 3, 0, 0, 0, 0], [3, 8, 8, 8, 3, 3, 1, 8, 8, 8, 8, 8, 0, 8, 8, 8, 8, 8, 0, 0, 1, 0], [0, 1, 0, 0, 0, 0, 0, 0, 0, 0, 0, 0, 0, 0, 0, 0, 0, 0, 0, 0, 0, 0], [0, 3, 3, 0, 3, 0, 3, 0, 1, 1, 0, 3, 0, 0, 0, 0, 0, 0, 0, 0, 0, 1], [0, 0, 3, 0, 0, 1, 0, 0, 0, 0, 0, 3, 0, 0, 0, 0, 0, 0, 0, 0, 0, 0]], "output": [[0, 0, 0, 0, 0, 0, 0, 0, 0, 0, 0, 0, 0, 0, 0, 0, 0, 0, 0, 0, 0, 0], [0, 1, 1, 2, 3, 3, 0, 1, 1, 2, 3, 3, 0, 1, 1, 2, 3, 3, 0, 0, 0, 0], [0, 1, 1, 2, 3, 3, 0, 1, 1, 2, 3, 3, 0, 1, 1, 2, 3, 3, 0, 0, 0, 0], [0, 1, 1, 2, 3, 3, 0, 1, 1, 2, 3, 3, 0, 1, 1, 2, 3, 3, 0, 0, 0, 0], [0, 1, 1, 2, 3, 3, 0, 1, 1, 2, 3, 3, 0, 1, 1, 2, 3, 3, 0, 0, 0, 0], [0, 8, 8, 8, 8, 8, 0, 8, 8, 8, 8, 8, 0, 8, 8, 8, 8, 8, 0, 0, 0, 0], [0, 0, 0, 0, 0, 0, 0, 0, 0, 0, 0, 0, 0, 0, 0, 0, 0, 0, 0, 0, 0, 0], [0, 1, 1, 2, 3, 3, 0, 1, 1, 2, 3, 3, 0, 1, 1, 2, 3, 3, 0, 0, 0, 0], [0, 1, 1, 2, 3, 3, 0, 1, 1, 2, 3, 3, 0, 1, 1, 2, 3, 3, 0, 0, 0, 0], [0, 1, 1, 2, 3, 3, 0, 1, 1, 2, 3, 3, 0, 1, 1, 2, 3, 3, 0, 0, 0, 0], [0, 1, 1, 2, 3, 3, 0, 1, 1, 2, 3, 3, 0, 1, 1, 2, 3, 3, 0, 0, 0, 0], [0, 8, 8, 8, 8, 8, 0, 8, 8, 8, 8, 8, 0, 8, 8, 8, 8, 8, 0, 0, 0, 0], [0, 0, 0, 0, 0, 0, 0, 0, 0, 0, 0, 0, 0, 0, 0, 0, 0, 0, 0, 0, 0, 0], [0, 1, 1, 2, 3, 3, 0, 1, 1, 2, 3, 3, 0, 1, 1, 2, 3, 3, 0, 0, 0, 0], [0, 1, 1, 2, 3, 3, 0, 1, 1, 2, 3, 3, 0, 1, 1, 2, 3, 3, 0, 0, 0, 0], [0, 1, 1, 2, 3, 3, 0, 1, 1, 2, 3, 3, 0, 1, 1, 2, 3, 3, 0, 0, 0, 0], [0, 1, 1, 2, 3, 3, 0, 1, 1, 2, 3, 3, 0, 1, 1, 2, 3, 3, 0, 0, 0, 0], [0, 8, 8, 8, 8, 8, 0, 8, 8, 8, 8, 8, 0, 8, 8, 8, 8, 8, 0, 0, 0, 0], [0, 0, 0, 0, 0, 0, 0, 0, 0, 0, 0, 0, 0, 0, 0, 0, 0, 0, 0, 0, 0, 0], [0, 0, 0, 0, 0, 0, 0, 0, 0, 0, 0, 0, 0, 0, 0, 0, 0, 0, 0, 0, 0, 0], [0, 0, 0, 0, 0, 0, 0, 0, 0, 0, 0, 0, 0, 0, 0, 0, 0, 0, 0, 0, 0, 0]]}, {"input": [[0, 0, 0, 0, 0, 0, 0, 0, 0, 0, 3, 0, 0, 0, 0, 3, 0, 0, 0, 0, 0, 0], [0, 0, 6, 6, 6, 6, 6, 6, 0, 0, 6, 6, 6, 6, 3, 6, 0, 0, 0, 0, 0, 0], [0, 0, 8, 8, 3, 3, 8, 8, 0, 0, 8, 3, 3, 3, 8, 8, 0, 0, 0, 0, 0, 0], [0, 0, 8, 8, 3, 3, 8, 8, 0, 0, 8, 8, 3, 3, 8, 8, 0, 0, 3, 0, 0, 0], [0, 3, 8, 8, 3, 3, 8, 8, 0, 0, 8, 8, 3, 3, 8, 3, 0, 0, 0, 3, 0, 0], [0, 3, 8, 8, 3, 3, 8, 8, 0, 0, 8, 8, 3, 3, 8, 8, 3, 0, 0, 0, 0, 0], [0, 0, 0, 0, 0, 0, 0, 0, 0, 0, 3, 0, 0, 0, 0, 0, 0, 0, 0, 0, 0, 0], [0, 3, 0, 0, 0, 3, 0, 0, 0, 0, 0, 0, 0, 0, 0, 0, 0, 0, 0, 0, 0, 0], [0, 0, 6, 6, 6, 6, 6, 6, 0, 0, 6, 6, 3, 6, 6, 6, 0, 0, 0, 0, 0, 0], [0, 0, 8, 8, 3, 3, 8, 8, 0, 0, 3, 8, 3, 3, 8, 3, 0, 3, 0, 0, 0, 3], [0, 0, 8, 8, 3, 3, 3, 8, 0, 0, 3, 8, 3, 3, 8, 8, 0, 0, 0, 0, 0, 0], [0, 0, 8, 8, 3, 3, 8, 8, 0, 0, 8, 3, 3, 3, 3, 8, 0, 0, 0, 0, 0, 0], [3, 3, 8, 8, 3, 3, 8, 8, 0, 0, 8, 8, 3, 3, 8, 8, 0, 0, 0, 0, 0, 0], [0, 0, 0, 0, 0, 0, 0, 0, 0, 0, 0, 0, 0, 3, 0, 0, 0, 0, 3, 0, 0, 0], [0, 0, 0, 0, 0, 0, 0, 0, 0, 3, 0, 0, 3, 0, 0, 0, 0, 0, 0, 0, 0, 0], [0, 0, 6, 6, 3, 6, 6, 6, 0, 3, 6, 6, 6, 3, 6, 6, 0, 0, 0, 0, 0, 0], [0, 0, 8, 8, 3, 3, 8, 8, 0, 0, 8, 8, 3, 3, 8, 8, 0, 0, 0, 0, 3, 0], [0, 0, 8, 3, 3, 3, 8, 8, 0, 0, 8, 8, 3, 3, 8, 8, 0, 0, 0, 0, 0, 0], [0, 0, 8, 8, 3, 3, 8, 8, 0, 0, 8, 8, 3, 3, 8, 8, 0, 0, 0, 0, 0, 0], [0, 0, 8, 8, 3, 3, 8, 8, 0, 0, 8, 8, 3, 3, 8, 8, 0, 0, 0, 0, 0, 0], [0, 0, 0, 0, 0, 0, 3, 3, 0, 0, 0, 0, 0, 0, 0, 0, 0, 0, 0, 0, 0, 0], [0, 0, 0, 0, 0, 0, 0, 0, 0, 3, 0, 0, 3, 0, 0, 0, 3, 0, 0, 0, 0, 0], [0, 0, 0, 0, 0, 0, 0, 3, 0, 0, 0, 0, 0, 0, 0, 0, 0, 0, 0, 0, 0, 0]], "output": [[0, 0, 0, 0, 0, 0, 0, 0, 0, 0, 0, 0, 0, 0, 0, 0, 0, 0, 0, 0, 0, 0], [0, 0, 6, 6, 6, 6, 6, 6, 0, 0, 6, 6, 6, 6, 6, 6, 0, 0, 0, 0, 0, 0], [0, 0, 8, 8, 3, 3, 8, 8, 0, 0, 8, 8, 3, 3, 8, 8, 0, 0, 0, 0, 0, 0], [0, 0, 8, 8, 3, 3, 8, 8, 0, 0, 8, 8, 3, 3, 8, 8, 0, 0, 0, 0, 0, 0], [0, 0, 8, 8, 3, 3, 8, 8, 0, 0, 8, 8, 3, 3, 8, 8, 0, 0, 0, 0, 0, 0], [0, 0, 8, 8, 3, 3, 8, 8, 0, 0, 8, 8, 3, 3, 8, 8, 0, 0, 0, 0, 0, 0], [0, 0, 0, 0, 0, 0, 0, 0, 0, 0, 0, 0, 0, 0, 0, 0, 0, 0, 0, 0, 0, 0], [0, 0, 0, 0, 0, 0, 0, 0, 0, 0, 0, 0, 0, 0, 0, 0, 0, 0, 0, 0, 0, 0], [0, 0, 6, 6, 6, 6, 6, 6, 0, 0, 6, 6, 6, 6, 6, 6, 0, 0, 0, 0, 0, 0], [0, 0, 8, 8, 3, 3, 8, 8, 0, 0, 8, 8, 3, 3, 8, 8, 0, 0, 0, 0, 0, 0], [0, 0, 8, 8, 3, 3, 8, 8, 0, 0, 8, 8, 3, 3, 8, 8, 0, 0, 0, 0, 0, 0], [0, 0, 8, 8, 3, 3, 8, 8, 0, 0, 8, 8, 3, 3, 8, 8, 0, 0, 0, 0, 0, 0], [0, 0, 8, 8, 3, 3, 8, 8, 0, 0, 8, 8, 3, 3, 8, 8, 0, 0, 0, 0, 0, 0], [0, 0, 0, 0, 0, 0, 0, 0, 0, 0, 0, 0, 0, 0, 0, 0, 0, 0, 0, 0, 0, 0], [0, 0, 0, 0, 0, 0, 0, 0, 0, 0, 0, 0, 0, 0, 0, 0, 0, 0, 0, 0, 0, 0], [0, 0, 6, 6, 6, 6, 6, 6, 0, 0, 6, 6, 6, 6, 6, 6, 0, 0, 0, 0, 0, 0], [0, 0, 8, 8, 3, 3, 8, 8, 0, 0, 8, 8, 3, 3, 8, 8, 0, 0, 0, 0, 0, 0], [0, 0, 8, 8, 3, 3, 8, 8, 0, 0, 8, 8, 3, 3, 8, 8, 0, 0, 0, 0, 0, 0], [0, 0, 8, 8, 3, 3, 8, 8, 0, 0, 8, 8, 3, 3, 8, 8, 0, 0, 0, 0, 0, 0], [0, 0, 8, 8, 3, 3, 8, 8, 0, 0, 8, 8, 3, 3, 8, 8, 0, 0, 0, 0, 0, 0], [0, 0, 0, 0, 0, 0, 0, 0, 0, 0, 0, 0, 0, 0, 0, 0, 0, 0, 0, 0, 0, 0], [0, 0, 0, 0, 0, 0, 0, 0, 0, 0, 0, 0, 0, 0, 0, 0, 0, 0, 0, 0, 0, 0], [0, 0, 0, 0, 0, 0, 0, 0, 0, 0, 0, 0, 0, 0, 0, 0, 0, 0, 0, 0, 0, 0]]}, {"input": [[0, 0, 0, 0, 0, 0, 0, 0, 0, 0, 0, 0, 0, 0, 0, 0, 0, 0, 0, 0, 0, 3], [0, 2, 2, 2, 2, 2, 0, 2, 2, 2, 2, 0, 0, 2, 2, 2, 2, 0, 0, 0, 0, 3], [0, 3, 2, 2, 3, 0, 0, 3, 2, 2, 3, 0, 3, 3, 2, 2, 3, 0, 0, 3, 0, 0], [0, 2, 3, 3, 3, 0, 0, 3, 3, 3, 3, 0, 0, 3, 3, 3, 3, 0, 0, 0, 0, 0], [0, 2, 3, 1, 3, 0, 0, 2, 2, 1, 2, 0, 0, 3, 1, 1, 3, 0, 0, 0, 0, 0], [0, 0, 0, 0, 0, 0, 0, 0, 0, 0, 0, 2, 0, 0, 0, 0, 0, 0, 2, 0, 0, 0], [0, 0, 0, 2, 0, 0, 0, 0, 0, 0, 0, 0, 0, 0, 0, 0, 0, 0, 0, 3, 0, 0], [0, 2, 2, 2, 2, 3, 0, 2, 2, 2, 2, 0, 0, 2, 2, 2, 2, 2, 0, 0, 0, 0], [0, 3, 2, 2, 3, 0, 0, 3, 2, 2, 3, 0, 3, 3, 2, 2, 3, 2, 0, 0, 0, 0], [0, 3, 3, 3, 3, 0, 0, 3, 3, 3, 3, 0, 0, 3, 3, 3, 3, 0, 0, 0, 0, 0], [0, 3, 3, 1, 3, 0, 0, 3, 1, 1, 3, 0, 0, 3, 1, 1, 3, 0, 0, 0, 0, 0], [0, 0, 0, 0, 0, 0, 0, 0, 0, 0, 0, 0, 0, 0, 0, 0, 0, 0, 0, 0, 0, 0], [0, 0, 0, 0, 0, 0, 0, 0, 0, 0, 0, 0, 0, 3, 0, 0, 0, 0, 0, 0, 0, 0], [0, 2, 2, 2, 2, 0, 0, 3, 2, 3, 2, 0, 0, 2, 3, 2, 2, 0, 0, 0, 0, 0], [0, 3, 2, 2, 3, 0, 0, 3, 2, 3, 3, 0, 0, 3, 2, 3, 3, 0, 0, 0, 0, 0], [3, 3, 3, 3, 3, 0, 0, 3, 3, 3, 3, 0, 0, 3, 2, 3, 3, 0, 0, 2, 0, 0], [0, 3, 1, 1, 3, 0, 3, 3, 1, 1, 3, 0, 0, 3, 1, 1, 3, 0, 0, 0, 0, 0], [0, 2, 0, 0, 3, 0, 0, 0, 0, 0, 0, 0, 0, 0, 0, 0, 0, 0, 0, 0, 0, 0], [0, 0, 0, 0, 0, 0, 3, 0, 2, 0, 0, 0, 0, 0, 0, 0, 0, 0, 0, 0, 0, 0], [0, 2, 0, 0, 0, 0, 2, 0, 0, 3, 0, 0, 0, 0, 0, 0, 0, 0, 0, 0, 0, 0], [0, 0, 0, 0, 0, 0, 0, 0, 0, 0, 2, 2, 0, 0, 0, 0, 0, 0, 0, 2, 0, 0], [0, 0, 0, 3, 0, 0, 2, 0, 2, 0, 0, 0, 0, 0, 0, 0, 0, 0, 0, 0, 0, 0]], "output": [[0, 0, 0, 0, 0, 0, 0, 0, 0, 0, 0, 0, 0, 0, 0, 0, 0, 0, 0, 0, 0, 0], [0, 2, 2, 2, 2, 0, 0, 2, 2, 2, 2, 0, 0, 2, 2, 2, 2, 0, 0, 0, 0, 0], [0, 3, 2, 2, 3, 0, 0, 3, 2, 2, 3, 0, 0, 3, 2, 2, 3, 0, 0, 0, 0, 0], [0, 3, 3, 3, 3, 0, 0, 3, 3, 3, 3, 0, 0, 3, 3, 3, 3, 0, 0, 0, 0, 0], [0, 3, 1, 1, 3, 0, 0, 3, 1, 1, 3, 0, 0, 3, 1, 1, 3, 0, 0, 0, 0, 0], [0, 0, 0, 0, 0, 0, 0, 0, 0, 0, 0, 0, 0, 0, 0, 0, 0, 0, 0, 0, 0, 0], [0, 0, 0, 0, 0, 0, 0, 0, 0, 0, 0, 0, 0, 0, 0, 0, 0, 0, 0, 0, 0, 0], [0, 2, 2, 2, 2, 0, 0, 2, 2, 2, 2, 0, 0, 2, 2, 2, 2, 0, 0, 0, 0, 0], [0, 3, 2, 2, 3, 0, 0, 3, 2, 2, 3, 0, 0, 3, 2, 2, 3, 0, 0, 0, 0, 0], [0, 3, 3, 3, 3, 0, 0, 3, 3, 3, 3, 0, 0, 3, 3, 3, 3, 0, 0, 0, 0, 0], [0, 3, 1, 1, 3, 0, 0, 3, 1, 1, 3, 0, 0, 3, 1, 1, 3, 0, 0, 0, 0, 0], [0, 0, 0, 0, 0, 0, 0, 0, 0, 0, 0, 0, 0, 0, 0, 0, 0, 0, 0, 0, 0, 0], [0, 0, 0, 0, 0, 0, 0, 0, 0, 0, 0, 0, 0, 0, 0, 0, 0, 0, 0, 0, 0, 0], [0, 2, 2, 2, 2, 0, 0, 2, 2, 2, 2, 0, 0, 2, 2, 2, 2, 0, 0, 0, 0, 0], [0, 3, 2, 2, 3, 0, 0, 3, 2, 2, 3, 0, 0, 3, 2, 2, 3, 0, 0, 0, 0, 0], [0, 3, 3, 3, 3, 0, 0, 3, 3, 3, 3, 0, 0, 3, 3, 3, 3, 0, 0, 0, 0, 0], [0, 3, 1, 1, 3, 0, 0, 3, 1, 1, 3, 0, 0, 3, 1, 1, 3, 0, 0, 0, 0, 0], [0, 0, 0, 0, 0, 0, 0, 0, 0, 0, 0, 0, 0, 0, 0, 0, 0, 0, 0, 0, 0, 0], [0, 0, 0, 0, 0, 0, 0, 0, 0, 0, 0, 0, 0, 0, 0, 0, 0, 0, 0, 0, 0, 0], [0, 0, 0, 0, 0, 0, 0, 0, 0, 0, 0, 0, 0, 0, 0, 0, 0, 0, 0, 0, 0, 0], [0, 0, 0, 0, 0, 0, 0, 0, 0, 0, 0, 0, 0, 0, 0, 0, 0, 0, 0, 0, 0, 0], [0, 0, 0, 0, 0, 0, 0, 0, 0, 0, 0, 0, 0, 0, 0, 0, 0, 0, 0, 0, 0, 0]]}], "test": [{"input": [[0, 0, 3, 3, 0, 0, 0, 0, 0, 0, 0, 0, 0, 0, 0, 0, 3, 0, 0, 0, 0, 0], [0, 2, 2, 8, 3, 2, 0, 2, 2, 8, 2, 2, 0, 3, 2, 8, 2, 2, 0, 0, 0, 3], [0, 3, 3, 8, 3, 3, 0, 3, 3, 8, 3, 3, 0, 3, 3, 8, 3, 3, 0, 3, 0, 0], [0, 3, 3, 8, 3, 3, 0, 3, 3, 8, 3, 3, 0, 3, 3, 8, 3, 3, 0, 0, 0, 0], [3, 8, 8, 3, 3, 8, 0, 8, 8, 8, 8, 8, 0, 8, 8, 3, 8, 8, 0, 0, 0, 0], [0, 8, 8, 8, 8, 3, 0, 8, 8, 8, 8, 8, 0, 8, 8, 8, 8, 8, 0, 0, 0, 0], [0, 0, 0, 0, 0, 0, 0, 0, 0, 0, 0, 0, 0, 0, 0, 0, 0, 0, 0, 3, 0, 0], [0, 0, 0, 0, 0, 0, 0, 0, 0, 0, 0, 3, 0, 0, 0, 0, 3, 3, 0, 0, 0, 0], [0, 2, 3, 8, 2, 2, 0, 2, 2, 3, 2, 3, 0, 2, 2, 8, 2, 2, 0, 0, 0, 3], [0, 3, 3, 8, 3, 3, 0, 3, 3, 8, 3, 3, 0, 3, 3, 8, 3, 3, 0, 3, 0, 0], [0, 3, 3, 8, 3, 3, 0, 3, 3, 8, 3, 3, 0, 3, 3, 8, 3, 3, 0, 0, 0, 0], [0, 8, 8, 8, 8, 8, 3, 8, 8, 8, 8, 3, 0, 8, 8, 8, 3, 8, 0, 0, 0, 0], [0, 8, 8, 8, 3, 8, 0, 8, 3, 8, 8, 8, 0, 8, 8, 8, 8, 8, 0, 0, 0, 0], [0, 0, 0, 0, 3, 0, 0, 0, 0, 0, 0, 0, 0, 0, 3, 3, 0, 3, 0, 0, 0, 0], [0, 0, 0, 0, 0, 0, 3, 0, 0, 0, 0, 0, 0, 0, 0, 0, 0, 0, 0, 3, 0, 3], [0, 2, 2, 8, 2, 2, 0, 2, 2, 8, 2, 2, 0, 2, 2, 8, 2, 2, 0, 0, 0, 0], [0, 3, 3, 8, 3, 3, 0, 3, 3, 8, 3, 3, 0, 3, 3, 8, 3, 3, 0, 0, 3, 0], [0, 3, 3, 3, 3, 3, 0, 3, 3, 8, 3, 3, 0, 3, 3, 8, 3, 3, 0, 0, 0, 0], [0, 3, 8, 8, 8, 8, 0, 8, 8, 3, 3, 8, 0, 8, 8, 3, 8, 8, 0, 3, 0, 0], [0, 8, 8, 8, 8, 8, 0, 8, 8, 3, 8, 8, 0, 3, 8, 8, 8, 8, 0, 0, 0, 0], [0, 0, 0, 3, 0, 0, 0, 0, 0, 0, 0, 0, 0, 0, 0, 0, 0, 0, 0, 0, 3, 0], [0, 0, 0, 0, 3, 0, 0, 0, 0, 0, 3, 0, 3, 0, 0, 3, 0, 0, 0, 0, 3, 0], [3, 0, 0, 0, 0, 0, 0, 0, 0, 0, 0, 0, 0, 3, 0, 0, 0, 0, 0, 0, 0, 0], [0, 0, 0, 0, 0, 0, 0, 0, 0, 0, 0, 0, 0, 0, 0, 0, 0, 3, 0, 0, 0, 0]], "output": [[0, 0, 0, 0, 0, 0, 0, 0, 0, 0, 0, 0, 0, 0, 0, 0, 0, 0, 0, 0, 0, 0], [0, 2, 2, 8, 2, 2, 0, 2, 2, 8, 2, 2, 0, 2, 2, 8, 2, 2, 0, 0, 0, 0], [0, 3, 3, 8, 3, 3, 0, 3, 3, 8, 3, 3, 0, 3, 3, 8, 3, 3, 0, 0, 0, 0], [0, 3, 3, 8, 3, 3, 0, 3, 3, 8, 3, 3, 0, 3, 3, 8, 3, 3, 0, 0, 0, 0], [0, 8, 8, 8, 8, 8, 0, 8, 8, 8, 8, 8, 0, 8, 8, 8, 8, 8, 0, 0, 0, 0], [0, 8, 8, 8, 8, 8, 0, 8, 8, 8, 8, 8, 0, 8, 8, 8, 8, 8, 0, 0, 0, 0], [0, 0, 0, 0, 0, 0, 0, 0, 0, 0, 0, 0, 0, 0, 0, 0, 0, 0, 0, 0, 0, 0], [0, 0, 0, 0, 0, 0, 0, 0, 0, 0, 0, 0, 0, 0, 0, 0, 0, 0, 0, 0, 0, 0], [0, 2, 2, 8, 2, 2, 0, 2, 2, 8, 2, 2, 0, 2, 2, 8, 2, 2, 0, 0, 0, 0], [0, 3, 3, 8, 3, 3, 0, 3, 3, 8, 3, 3, 0, 3, 3, 8, 3, 3, 0, 0, 0, 0], [0, 3, 3, 8, 3, 3, 0, 3, 3, 8, 3, 3, 0, 3, 3, 8, 3, 3, 0, 0, 0, 0], [0, 8, 8, 8, 8, 8, 0, 8, 8, 8, 8, 8, 0, 8, 8, 8, 8, 8, 0, 0, 0, 0], [0, 8, 8, 8, 8, 8, 0, 8, 8, 8, 8, 8, 0, 8, 8, 8, 8, 8, 0, 0, 0, 0], [0, 0, 0, 0, 0, 0, 0, 0, 0, 0, 0, 0, 0, 0, 0, 0, 0, 0, 0, 0, 0, 0], [0, 0, 0, 0, 0, 0, 0, 0, 0, 0, 0, 0, 0, 0, 0, 0, 0, 0, 0, 0, 0, 0], [0, 2, 2, 8, 2, 2, 0, 2, 2, 8, 2, 2, 0, 2, 2, 8, 2, 2, 0, 0, 0, 0], [0, 3, 3, 8, 3, 3, 0, 3, 3, 8, 3, 3, 0, 3, 3, 8, 3, 3, 0, 0, 0, 0], [0, 3, 3, 8, 3, 3, 0, 3, 3, 8, 3, 3, 0, 3, 3, 8, 3, 3, 0, 0, 0, 0], [0, 8, 8, 8, 8, 8, 0, 8, 8, 8, 8, 8, 0, 8, 8, 8, 8, 8, 0, 0, 0, 0], [0, 8, 8, 8, 8, 8, 0, 8, 8, 8, 8, 8, 0, 8, 8, 8, 8, 8, 0, 0, 0, 0], [0, 0, 0, 0, 0, 0, 0, 0, 0, 0, 0, 0, 0, 0, 0, 0, 0, 0, 0, 0, 0, 0], [0, 0, 0, 0, 0, 0, 0, 0, 0, 0, 0, 0, 0, 0, 0, 0, 0, 0, 0, 0, 0, 0], [0, 0, 0, 0, 0, 0, 0, 0, 0, 0, 0, 0, 0, 0, 0, 0, 0, 0, 0, 0, 0, 0], [0, 0, 0, 0, 0, 0, 0, 0, 0, 0, 0, 0, 0, 0, 0, 0, 0, 0, 0, 0, 0, 0]]}]}