{"train": [{"input": [[0, 3, 0, 5, 0, 6, 3, 5, 0, 6, 2], [6, 0, 4, 5, 2, 8, 0, 5, 0, 0, 8], [0, 2, 8, 5, 0, 4, 0, 5, 3, 0, 4], [5, 5, 5, 5, 5, 5, 5, 5, 5, 5, 5], [0, 2, 0, 5, 4, 0, 3, 5, 3, 4, 0], [4, 0, 8, 5, 2, 0, 6, 5, 0, 0, 2], [3, 6, 0, 5, 0, 8, 0, 5, 8, 6, 0], [5, 5, 5, 5, 5, 5, 5, 5, 5, 5, 5], [6, 3, 0, 5, 0, 3, 0, 5, 0, 0, 3], [0, 0, 2, 5, 0, 6, 4, 5, 2, 8, 0], [8, 4, 0, 5, 2, 0, 0, 5, 4, 0, 6]], "output": [[0, 0, 0, 5, 3, 3, 3, 5, 0, 0, 0], [0, 0, 0, 5, 3, 3, 3, 5, 0, 0, 0], [0, 0, 0, 5, 3, 3, 3, 5, 0, 0, 0], [5, 5, 5, 5, 5, 5, 5, 5, 5, 5, 5], [0, 0, 0, 5, 6, 6, 6, 5, 4, 4, 4], [0, 0, 0, 5, 6, 6, 6, 5, 4, 4, 4], [0, 0, 0, 5, 6, 6, 6, 5, 4, 4, 4], [5, 5, 5, 5, 5, 5, 5, 5, 5, 5, 5], [2, 2, 2, 5, 0, 0, 0, 5, 0, 0, 0], [2, 2, 2, 5, 0, 0, 0, 5, 0, 0, 0], [2, 2, 2, 5, 0, 0, 0, 5, 0, 0, 0]]}, {"input": [[2, 0, 3, 5, 4, 6, 0, 5, 0, 6, 0], [0, 0, 8, 5, 0, 0, 2, 5, 4, 0, 3], [4, 6, 0, 5, 3, 8, 0, 5, 2, 0, 8], [5, 5, 5, 5, 5, 5, 5, 5, 5, 5, 5], [4, 0, 8, 5, 0, 0, 2, 5, 0, 6, 4], [0, 0, 2, 5, 0, 3, 0, 5, 3, 0, 0], [3, 0, 6, 5, 4, 0, 6, 5, 8, 0, 2], [5, 5, 5, 5, 5, 5, 5, 5, 5, 5, 5], [3, 6, 0, 5, 0, 8, 4, 5, 2, 0, 0], [0, 8, 4, 5, 2, 0, 0, 5, 8, 0, 3], [2, 0, 0, 5, 0, 3, 6, 5, 6, 4, 0]], "output": [[0, 0, 0, 5, 0, 0, 0, 5, 2, 2, 2], [0, 0, 0, 5, 0, 0, 0, 5, 2, 2, 2], [0, 0, 0, 5, 0, 0, 0, 5, 2, 2, 2], [5, 5, 5, 5, 5, 5, 5, 5, 5, 5, 5], [0, 0, 0, 5, 3, 3, 3, 5, 0, 0, 0], [0, 0, 0, 5, 3, 3, 3, 5, 0, 0, 0], [0, 0, 0, 5, 3, 3, 3, 5, 0, 0, 0], [5, 5, 5, 5, 5, 5, 5, 5, 5, 5, 5], [4, 4, 4, 5, 0, 0, 0, 5, 6, 6, 6], [4, 4, 4, 5, 0, 0, 0, 5, 6, 6, 6], [4, 4, 4, 5, 0, 0, 0, 5, 6, 6, 6]]}, {"input": [[3, 8, 4, 5, 4, 6, 0, 5, 2, 0, 8], [0, 0, 0, 5, 8, 0, 3, 5, 6, 0, 3], [6, 2, 0, 5, 0, 2, 0, 5, 4, 0, 0], [5, 5, 5, 5, 5, 5, 5, 5, 5, 5, 5], [0, 4, 2, 5, 8, 0, 3, 5, 0, 4, 0], [0, 8, 6, 5, 0, 0, 4, 5, 0, 2, 6], [0, 3, 0, 5, 2, 6, 0, 5, 0, 3, 0], [5, 5, 5, 5, 5, 5, 5, 5, 5, 5, 5], [0, 6, 0, 5, 6, 2, 0, 5, 3, 6, 0], [3, 0, 8, 5, 0, 8, 3, 5, 0, 0, 4], [4, 2, 0, 5, 0, 0, 4, 5, 2, 0, 8]], "output": [[0, 0, 0, 5, 4, 4, 4, 5, 0, 0, 0], [0, 0, 0, 5, 4, 4, 4, 5, 0, 0, 0], [0, 0, 0, 5, 4, 4, 4, 5, 0, 0, 0], [5, 5, 5, 5, 5, 5, 5, 5, 5, 5, 5], [0, 0, 0, 5, 2, 2, 2, 5, 6, 6, 6], [0, 0, 0, 5, 2, 2, 2, 5, 6, 6, 6], [0, 0, 0, 5, 2, 2, 2, 5, 6, 6, 6], [5, 5, 5, 5, 5, 5, 5, 5, 5, 5, 5], [0, 0, 0, 5, 3, 3, 3, 5, 0, 0, 0], [0, 0, 0, 5, 3, 3, 3, 5, 0, 0, 0], [0, 0, 0, 5, 3, 3, 3, 5, 0, 0, 0]]}, {"input": [[2, 0, 0, 5, 0, 6, 2, 5, 0, 0, 4], [0, 4, 3, 5, 4, 0, 8, 5, 3, 0, 6], [6, 0, 0, 5, 3, 0, 0, 5, 8, 0, 2], [5, 5, 5, 5, 5, 5, 5, 5, 5, 5, 5], [3, 8, 0, 5, 6, 2, 0, 5, 0, 4, 8], [0, 0, 4, 5, 0, 0, 4, 5, 6, 0, 0], [6, 2, 0, 5, 3, 8, 0, 5, 0, 3, 2], [5, 5, 5, 5, 5, 5, 5, 5, 5, 5, 5], [0, 3, 6, 5, 0, 2, 0, 5, 0, 6, 0], [2, 0, 0, 5, 4, 0, 8, 5, 0, 0, 8], [8, 0, 4, 5, 6, 3, 0, 5, 2, 3, 4]], "output": [[2, 2, 2, 5, 0, 0, 0, 5, 0, 0, 0], [2, 2, 2, 5, 0, 0, 0, 5, 0, 0, 0], [2, 2, 2, 5, 0, 0, 0, 5, 0, 0, 0], [5, 5, 5, 5, 5, 5, 5, 5, 5, 5, 5], [0, 0, 0, 5, 4, 4, 4, 5, 3, 3, 3], [0, 0, 0, 5, 4, 4, 4, 5, 3, 3, 3], [0, 0, 0, 5, 4, 4, 4, 5, 3, 3, 3], [5, 5, 5, 5, 5, 5, 5, 5, 5, 5, 5], [6, 6, 6, 5, 0, 0, 0, 5, 0, 0, 0], [6, 6, 6, 5, 0, 0, 0, 5, 0, 0, 0], [6, 6, 6, 5, 0, 0, 0, 5, 0, 0, 0]]}], "test": [{"input": [[6, 4, 0, 5, 0, 3, 0, 5, 0, 4, 0], [0, 0, 3, 5, 2, 8, 6, 5, 8, 0, 2], [2, 0, 8, 5, 4, 0, 0, 5, 6, 3, 0], [5, 5, 5, 5, 5, 5, 5, 5, 5, 5, 5], [2, 0, 0, 5, 0, 3, 0, 5, 3, 6, 2], [3, 4, 6, 5, 8, 4, 2, 5, 0, 0, 4], [0, 8, 0, 5, 0, 0, 6, 5, 8, 0, 0], [5, 5, 5, 5, 5, 5, 5, 5, 5, 5, 5], [0, 2, 4, 5, 0, 6, 4, 5, 0, 2, 8], [0, 6, 3, 5, 0, 0, 3, 5, 4, 0, 6], [0, 0, 0, 5, 2, 0, 8, 5, 3, 0, 0]], "output": [[0, 0, 0, 5, 2, 2, 2, 5, 4, 4, 4], [0, 0, 0, 5, 2, 2, 2, 5, 4, 4, 4], [0, 0, 0, 5, 2, 2, 2, 5, 4, 4, 4], [5, 5, 5, 5, 5, 5, 5, 5, 5, 5, 5], [0, 0, 0, 5, 6, 6, 6, 5, 3, 3, 3], [0, 0, 0, 5, 6, 6, 6, 5, 3, 3, 3], [0, 0, 0, 5, 6, 6, 6, 5, 3, 3, 3], [5, 5, 5, 5, 5, 5, 5, 5, 5, 5, 5], [0, 0, 0, 5, 0, 0, 0, 5, 0, 0, 0], [0, 0, 0, 5, 0, 0, 0, 5, 0, 0, 0], [0, 0, 0, 5, 0, 0, 0, 5, 0, 0, 0]]}]}