{"train": [{"input": [[0, 2, 0, 0, 0, 2, 0, 8, 0, 0, 0, 2, 0, 2, 0, 2, 0, 0, 2, 8, 0, 0, 2, 0, 8, 0, 0, 0, 0, 0], [0, 0, 0, 3, 3, 3, 3, 3, 3, 0, 0, 0, 1, 1, 1, 1, 1, 1, 1, 1, 2, 8, 8, 2, 0, 0, 0, 0, 0, 0], [8, 0, 2, 3, 3, 3, 3, 3, 3, 0, 0, 2, 1, 1, 1, 1, 1, 1, 1, 1, 0, 0, 0, 9, 9, 9, 9, 9, 0, 0], [8, 0, 8, 3, 3, 3, 3, 3, 3, 2, 2, 2, 1, 1, 1, 1, 1, 1, 1, 1, 8, 0, 8, 9, 9, 9, 9, 9, 8, 8], [2, 8, 0, 3, 3, 3, 3, 3, 3, 8, 8, 0, 1, 1, 1, 1, 1, 1, 1, 1, 0, 0, 2, 9, 9, 9, 9, 9, 0, 0], [8, 0, 0, 3, 3, 3, 3, 3, 3, 0, 0, 2, 2, 2, 8, 8, 8, 8, 0, 2, 8, 2, 0, 9, 9, 9, 9, 9, 0, 0], [0, 0, 0, 8, 0, 0, 8, 0, 0, 2, 8, 2, 0, 0, 2, 0, 0, 0, 0, 0, 0, 8, 0, 9, 9, 9, 9, 9, 8, 8], [0, 8, 8, 8, 0, 0, 2, 0, 8, 0, 0, 0, 2, 8, 8, 0, 0, 0, 8, 0, 2, 0, 2, 0, 8, 0, 0, 8, 8, 0], [0, 0, 0, 0, 0, 0, 0, 0, 0, 2, 2, 2, 0, 0, 2, 8, 8, 2, 0, 0, 2, 0, 0, 2, 0, 0, 8, 2, 8, 0], [8, 0, 0, 0, 0, 0, 8, 2, 8, 2, 8, 0, 0, 0, 0, 0, 0, 2, 8, 2, 0, 0, 0, 0, 0, 8, 0, 0, 0, 0], [0, 0, 2, 6, 6, 6, 6, 0, 8, 0, 0, 4, 4, 4, 4, 4, 4, 2, 0, 0, 0, 8, 0, 0, 2, 0, 0, 0, 2, 0], [8, 0, 8, 6, 6, 6, 6, 0, 8, 0, 8, 4, 4, 4, 4, 4, 4, 2, 0, 2, 2, 2, 0, 1, 1, 1, 1, 1, 8, 0], [0, 2, 0, 6, 6, 6, 6, 8, 0, 2, 2, 4, 4, 4, 4, 4, 4, 8, 0, 8, 0, 0, 0, 1, 1, 1, 1, 1, 0, 2], [0, 2, 8, 6, 6, 6, 6, 8, 0, 8, 0, 4, 4, 4, 4, 4, 4, 0, 8, 2, 2, 0, 2, 1, 1, 1, 1, 1, 0, 8], [0, 0, 2, 6, 6, 6, 6, 0, 0, 0, 2, 4, 4, 4, 4, 4, 4, 0, 0, 8, 0, 8, 8, 1, 1, 1, 1, 1, 8, 0], [0, 0, 0, 6, 6, 6, 6, 0, 0, 2, 8, 0, 8, 8, 2, 8, 0, 8, 0, 0, 0, 0, 0, 1, 1, 1, 1, 1, 0, 2], [2, 8, 0, 6, 6, 6, 6, 0, 2, 0, 0, 0, 0, 2, 8, 0, 0, 0, 2, 8, 0, 0, 2, 0, 0, 0, 0, 0, 0, 0], [0, 0, 8, 0, 2, 0, 0, 0, 0, 0, 8, 0, 0, 0, 2, 8, 0, 0, 0, 0, 0, 0, 0, 0, 8, 2, 0, 0, 0, 2], [0, 0, 2, 0, 8, 0, 0, 0, 2, 8, 0, 8, 0, 0, 0, 8, 0, 8, 8, 8, 0, 8, 0, 0, 8, 0, 2, 2, 0, 2], [8, 0, 0, 0, 0, 0, 8, 8, 2, 2, 8, 0, 8, 2, 2, 8, 0, 0, 0, 0, 8, 0, 2, 0, 8, 0, 0, 0, 8, 2], [2, 2, 0, 0, 0, 0, 2, 8, 0, 8, 0, 0, 2, 2, 8, 0, 0, 2, 0, 0, 0, 2, 2, 2, 0, 0, 0, 2, 2, 8], [0, 8, 8, 0, 0, 8, 8, 0, 8, 0, 8, 0, 0, 0, 0, 0, 0, 0, 0, 0, 2, 2, 0, 0, 0, 0, 8, 2, 0, 0], [0, 0, 2, 8, 2, 0, 2, 0, 0, 8, 0, 0, 0, 2, 0, 8, 0, 0, 0, 2, 8, 8, 0, 8, 0, 2, 0, 0, 0, 8], [2, 0, 0, 0, 0, 0, 0, 0, 8, 8, 0, 2, 0, 8, 0, 0, 0, 0, 0, 0, 2, 2, 0, 0, 2, 0, 0, 8, 8, 0], [8, 2, 0, 0, 0, 8, 0, 8, 0, 8, 2, 0, 0, 0, 8, 0, 0, 8, 0, 2, 0, 0, 8, 0, 2, 2, 8, 0, 0, 0], [0, 8, 0, 2, 2, 8, 2, 8, 0, 2, 2, 0, 0, 0, 2, 2, 2, 2, 2, 2, 0, 0, 0, 8, 0, 8, 0, 0, 8, 2], [0, 0, 2, 8, 2, 8, 0, 0, 0, 0, 0, 0, 0, 0, 8, 0, 0, 2, 0, 2, 2, 0, 0, 8, 0, 2, 0, 0, 8, 8], [0, 0, 0, 0, 8, 0, 0, 0, 8, 0, 2, 8, 0, 0, 0, 0, 0, 0, 0, 0, 0, 0, 2, 8, 2, 8, 0, 0, 8, 0], [8, 2, 0, 2, 8, 8, 0, 0, 0, 2, 0, 0, 0, 8, 8, 0, 8, 0, 0, 0, 8, 2, 8, 8, 0, 2, 8, 2, 2, 2], [2, 0, 8, 8, 0, 0, 0, 8, 0, 0, 8, 0, 8, 0, 0, 0, 8, 0, 2, 0, 0, 8, 0, 8, 0, 0, 2, 8, 0, 0]], "output": [[3, 1, 9], [6, 4, 1]]}, {"input": [[0, 2, 0, 0, 0, 2, 5, 2, 2, 0, 5, 2, 5, 5, 0, 2, 2, 5, 2, 2, 5, 5, 0, 2, 0, 0, 2, 0, 0, 0], [5, 0, 0, 5, 2, 2, 5, 2, 5, 0, 0, 2, 2, 5, 5, 2, 2, 5, 0, 5, 2, 0, 0, 0, 5, 0, 5, 5, 0, 2], [5, 0, 2, 2, 8, 8, 8, 8, 8, 8, 8, 5, 0, 2, 4, 4, 4, 4, 5, 0, 0, 2, 3, 3, 3, 3, 3, 0, 0, 2], [0, 5, 0, 5, 8, 8, 8, 8, 8, 8, 8, 2, 0, 0, 4, 4, 4, 4, 0, 0, 2, 0, 3, 3, 3, 3, 3, 0, 2, 0], [5, 0, 5, 0, 8, 8, 8, 8, 8, 8, 8, 2, 2, 0, 4, 4, 4, 4, 2, 2, 0, 2, 3, 3, 3, 3, 3, 5, 0, 5], [0, 0, 0, 5, 8, 8, 8, 8, 8, 8, 8, 2, 0, 0, 4, 4, 4, 4, 0, 0, 2, 2, 3, 3, 3, 3, 3, 0, 0, 2], [0, 0, 0, 2, 5, 5, 5, 2, 2, 0, 0, 0, 2, 5, 0, 5, 2, 0, 2, 0, 5, 0, 5, 2, 0, 2, 0, 5, 5, 2], [0, 0, 2, 2, 5, 5, 0, 0, 2, 0, 5, 0, 5, 0, 0, 0, 2, 2, 0, 0, 2, 0, 0, 0, 2, 0, 2, 0, 0, 0], [0, 2, 0, 2, 0, 0, 0, 0, 2, 0, 2, 0, 2, 0, 5, 2, 0, 0, 0, 5, 2, 0, 5, 2, 0, 0, 5, 2, 0, 0], [0, 2, 0, 2, 0, 0, 2, 0, 0, 0, 2, 5, 2, 0, 0, 2, 0, 0, 2, 0, 2, 0, 0, 0, 2, 0, 5, 0, 5, 0], [0, 2, 2, 2, 1, 1, 1, 1, 1, 2, 2, 2, 3, 3, 3, 3, 3, 3, 3, 0, 0, 7, 7, 7, 7, 7, 0, 0, 5, 0], [0, 0, 0, 2, 1, 1, 1, 1, 1, 0, 5, 0, 3, 3, 3, 3, 3, 3, 3, 2, 0, 7, 7, 7, 7, 7, 2, 5, 5, 5], [0, 0, 5, 2, 1, 1, 1, 1, 1, 5, 2, 0, 3, 3, 3, 3, 3, 3, 3, 0, 2, 7, 7, 7, 7, 7, 0, 2, 5, 2], [2, 5, 0, 2, 1, 1, 1, 1, 1, 2, 0, 0, 3, 3, 3, 3, 3, 3, 3, 2, 5, 7, 7, 7, 7, 7, 0, 0, 0, 0], [0, 0, 0, 2, 0, 0, 5, 0, 2, 2, 2, 0, 3, 3, 3, 3, 3, 3, 3, 0, 0, 7, 7, 7, 7, 7, 2, 0, 2, 2], [0, 0, 2, 0, 0, 5, 0, 2, 0, 2, 0, 5, 5, 0, 0, 2, 0, 5, 2, 2, 2, 2, 0, 5, 2, 0, 0, 2, 2, 0], [0, 0, 5, 2, 0, 0, 2, 0, 5, 0, 0, 0, 0, 5, 0, 0, 0, 2, 2, 0, 0, 0, 0, 5, 5, 0, 2, 0, 0, 5], [0, 2, 2, 0, 8, 8, 8, 8, 8, 0, 2, 0, 5, 4, 4, 4, 4, 4, 2, 0, 0, 2, 0, 0, 5, 0, 0, 0, 2, 0], [0, 0, 2, 0, 8, 8, 8, 8, 8, 2, 2, 5, 0, 4, 4, 4, 4, 4, 0, 2, 5, 0, 1, 1, 1, 1, 1, 2, 0, 2], [2, 2, 0, 0, 8, 8, 8, 8, 8, 5, 0, 0, 0, 4, 4, 4, 4, 4, 0, 0, 5, 5, 1, 1, 1, 1, 1, 5, 0, 0], [2, 5, 5, 0, 8, 8, 8, 8, 8, 0, 5, 0, 5, 4, 4, 4, 4, 4, 0, 5, 0, 2, 1, 1, 1, 1, 1, 0, 0, 0], [2, 0, 0, 0, 8, 8, 8, 8, 8, 0, 0, 0, 5, 2, 5, 0, 0, 2, 5, 0, 2, 2, 1, 1, 1, 1, 1, 0, 0, 0], [0, 5, 2, 5, 5, 2, 2, 0, 2, 0, 0, 2, 5, 0, 5, 0, 0, 5, 0, 0, 0, 0, 1, 1, 1, 1, 1, 0, 0, 0], [2, 0, 0, 0, 2, 5, 0, 0, 5, 5, 2, 0, 2, 2, 0, 0, 5, 5, 0, 0, 0, 5, 0, 2, 0, 5, 0, 0, 2, 5], [0, 0, 5, 0, 0, 0, 0, 2, 0, 5, 5, 0, 2, 5, 0, 0, 0, 2, 0, 2, 0, 0, 5, 0, 0, 0, 0, 0, 0, 5], [0, 2, 0, 2, 0, 5, 2, 5, 0, 5, 2, 0, 0, 0, 0, 0, 0, 5, 2, 2, 5, 2, 0, 0, 0, 0, 0, 5, 5, 0], [0, 0, 0, 5, 5, 0, 2, 2, 2, 0, 0, 2, 0, 2, 0, 0, 5, 2, 0, 2, 2, 0, 0, 0, 0, 0, 0, 2, 0, 0], [0, 0, 0, 2, 0, 0, 0, 0, 0, 0, 0, 0, 0, 2, 2, 0, 2, 2, 0, 0, 0, 0, 5, 2, 2, 2, 0, 0, 0, 5], [2, 2, 2, 0, 0, 0, 0, 2, 0, 5, 5, 0, 0, 0, 5, 0, 2, 0, 5, 0, 0, 0, 5, 0, 2, 0, 2, 2, 2, 5], [5, 0, 0, 2, 2, 5, 2, 2, 0, 0, 0, 0, 2, 5, 0, 2, 0, 5, 0, 0, 5, 5, 5, 0, 0, 2, 0, 0, 0, 5]], "output": [[8, 4, 3], [1, 3, 7], [8, 4, 1]]}, {"input": [[1, 0, 0, 0, 9, 1, 1, 0, 1, 9, 1, 0, 9, 0, 0, 1, 0, 1, 0, 0, 0, 0, 1, 9, 0, 1, 1, 9, 9, 9], [0, 0, 0, 0, 9, 1, 0, 0, 0, 1, 1, 0, 1, 0, 0, 1, 1, 1, 1, 0, 9, 9, 0, 0, 1, 1, 1, 1, 9, 0], [1, 1, 1, 0, 0, 1, 1, 9, 1, 0, 1, 0, 4, 4, 4, 4, 4, 4, 1, 1, 0, 0, 1, 0, 1, 0, 0, 0, 1, 9], [0, 1, 9, 0, 0, 0, 0, 1, 0, 0, 1, 1, 4, 4, 4, 4, 4, 4, 0, 9, 0, 0, 8, 8, 8, 8, 1, 0, 1, 0], [0, 0, 1, 1, 0, 9, 0, 9, 0, 0, 0, 9, 4, 4, 4, 4, 4, 4, 9, 0, 1, 1, 8, 8, 8, 8, 0, 1, 9, 0], [1, 1, 0, 8, 8, 8, 8, 8, 8, 1, 0, 0, 4, 4, 4, 4, 4, 4, 1, 0, 0, 0, 8, 8, 8, 8, 1, 0, 9, 0], [1, 0, 9, 8, 8, 8, 8, 8, 8, 0, 0, 9, 4, 4, 4, 4, 4, 4, 0, 0, 1, 9, 8, 8, 8, 8, 1, 0, 1, 0], [9, 0, 0, 8, 8, 8, 8, 8, 8, 0, 0, 0, 0, 0, 0, 9, 9, 0, 9, 0, 0, 1, 0, 1, 9, 1, 0, 0, 9, 1], [0, 9, 1, 1, 0, 1, 9, 1, 0, 1, 0, 9, 1, 0, 0, 0, 9, 9, 1, 0, 1, 1, 0, 0, 0, 0, 0, 9, 0, 1], [1, 1, 0, 9, 9, 0, 0, 9, 0, 0, 0, 0, 7, 7, 7, 7, 1, 1, 1, 0, 1, 0, 3, 3, 3, 3, 3, 0, 1, 0], [0, 1, 0, 0, 3, 3, 3, 1, 9, 1, 0, 0, 7, 7, 7, 7, 0, 1, 0, 9, 0, 0, 3, 3, 3, 3, 3, 1, 1, 9], [1, 0, 1, 1, 3, 3, 3, 1, 0, 0, 1, 0, 7, 7, 7, 7, 0, 0, 9, 0, 0, 0, 3, 3, 3, 3, 3, 0, 1, 0], [0, 1, 1, 0, 3, 3, 3, 9, 0, 1, 0, 9, 1, 1, 0, 0, 0, 1, 9, 1, 1, 1, 3, 3, 3, 3, 3, 0, 0, 9], [0, 0, 0, 1, 0, 9, 9, 9, 0, 9, 9, 1, 9, 9, 0, 0, 1, 0, 1, 0, 0, 9, 0, 0, 0, 0, 9, 0, 9, 0], [0, 1, 0, 1, 0, 9, 1, 0, 1, 9, 1, 9, 0, 0, 1, 0, 0, 0, 0, 0, 0, 9, 9, 9, 9, 0, 9, 9, 1, 0], [1, 0, 9, 0, 1, 9, 0, 0, 0, 0, 9, 9, 1, 1, 1, 9, 0, 1, 9, 1, 4, 4, 4, 4, 4, 9, 0, 1, 0, 0], [9, 0, 0, 0, 9, 0, 9, 0, 0, 9, 0, 0, 9, 0, 0, 0, 1, 0, 0, 9, 4, 4, 4, 4, 4, 0, 1, 0, 0, 0], [9, 0, 9, 2, 2, 2, 2, 2, 9, 9, 1, 9, 8, 8, 8, 8, 0, 9, 0, 9, 4, 4, 4, 4, 4, 0, 0, 0, 0, 1], [0, 0, 1, 2, 2, 2, 2, 2, 1, 0, 1, 0, 8, 8, 8, 8, 1, 9, 9, 1, 4, 4, 4, 4, 4, 1, 0, 9, 9, 0], [0, 1, 0, 2, 2, 2, 2, 2, 0, 1, 0, 1, 8, 8, 8, 8, 0, 9, 1, 0, 4, 4, 4, 4, 4, 0, 1, 1, 1, 1], [1, 0, 0, 2, 2, 2, 2, 2, 0, 0, 1, 0, 8, 8, 8, 8, 0, 9, 0, 0, 1, 1, 0, 0, 1, 1, 1, 1, 0, 0], [9, 1, 9, 0, 9, 0, 9, 9, 1, 9, 9, 9, 1, 0, 0, 1, 0, 0, 1, 0, 1, 1, 0, 0, 0, 1, 0, 1, 1, 0], [9, 0, 9, 0, 0, 1, 0, 0, 9, 1, 1, 9, 9, 1, 0, 9, 1, 0, 0, 0, 1, 0, 0, 0, 0, 0, 0, 0, 0, 1], [1, 0, 0, 0, 1, 9, 1, 1, 1, 1, 0, 0, 9, 1, 0, 1, 1, 1, 9, 1, 9, 0, 9, 1, 1, 1, 1, 0, 0, 0], [1, 0, 0, 0, 1, 9, 9, 1, 1, 0, 1, 0, 0, 9, 0, 0, 1, 0, 0, 0, 0, 0, 0, 0, 0, 9, 0, 9, 1, 1], [0, 0, 1, 1, 1, 0, 1, 0, 0, 1, 1, 0, 0, 0, 0, 0, 0, 0, 0, 0, 9, 9, 9, 1, 1, 1, 0, 0, 0, 0], [0, 0, 9, 0, 1, 0, 1, 0, 0, 0, 0, 1, 0, 1, 1, 1, 0, 0, 1, 1, 0, 9, 9, 0, 1, 0, 1, 1, 0, 1], [0, 0, 0, 9, 0, 1, 9, 1, 1, 1, 1, 0, 9, 9, 0, 0, 0, 0, 0, 0, 9, 0, 1, 0, 0, 0, 0, 9, 0, 1], [1, 0, 1, 9, 0, 9, 0, 0, 0, 0, 9, 1, 0, 0, 0, 0, 9, 0, 1, 1, 0, 1, 1, 1, 0, 0, 0, 1, 0, 0], [1, 0, 0, 0, 0, 9, 9, 0, 1, 0, 9, 0, 9, 0, 1, 1, 1, 0, 0, 1, 0, 0, 9, 0, 1, 0, 9, 9, 9, 1]], "output": [[8, 4, 8], [3, 7, 3], [2, 8, 4]]}], "test": [{"input": [[5, 5, 0, 0, 0, 8, 5, 0, 0, 8, 8, 8, 0, 8, 0, 0, 5, 5, 0, 5, 0, 5, 8, 0, 0, 0, 0, 0, 0, 8], [8, 8, 5, 5, 0, 8, 0, 0, 5, 8, 0, 0, 5, 8, 0, 8, 0, 8, 0, 8, 0, 0, 5, 0, 8, 8, 0, 0, 0, 0], [0, 5, 5, 5, 0, 5, 8, 0, 5, 8, 0, 0, 0, 5, 0, 5, 8, 8, 5, 8, 5, 0, 5, 0, 0, 0, 0, 0, 5, 5], [0, 0, 0, 5, 5, 5, 8, 8, 0, 0, 0, 5, 8, 3, 3, 3, 3, 3, 5, 0, 8, 0, 8, 8, 0, 8, 8, 0, 0, 5], [0, 5, 0, 5, 2, 2, 2, 2, 2, 2, 0, 5, 8, 3, 3, 3, 3, 3, 8, 8, 8, 3, 3, 3, 3, 3, 3, 0, 0, 5], [8, 8, 0, 0, 2, 2, 2, 2, 2, 2, 0, 0, 0, 3, 3, 3, 3, 3, 5, 8, 0, 3, 3, 3, 3, 3, 3, 0, 8, 0], [8, 5, 0, 0, 2, 2, 2, 2, 2, 2, 0, 0, 8, 3, 3, 3, 3, 3, 0, 0, 0, 3, 3, 3, 3, 3, 3, 5, 0, 0], [5, 0, 8, 8, 2, 2, 2, 2, 2, 2, 8, 0, 0, 3, 3, 3, 3, 3, 0, 0, 0, 0, 5, 5, 0, 0, 0, 0, 0, 5], [0, 0, 0, 5, 0, 8, 0, 5, 5, 0, 0, 0, 0, 0, 0, 5, 5, 5, 0, 0, 0, 0, 0, 0, 0, 0, 0, 8, 8, 0], [0, 0, 5, 0, 5, 5, 0, 8, 0, 8, 8, 0, 0, 5, 8, 0, 0, 0, 0, 5, 0, 0, 1, 1, 1, 1, 1, 5, 5, 5], [8, 0, 8, 4, 4, 4, 4, 4, 5, 0, 5, 8, 7, 7, 7, 7, 7, 0, 0, 8, 5, 0, 1, 1, 1, 1, 1, 0, 5, 0], [8, 5, 0, 4, 4, 4, 4, 4, 0, 0, 0, 0, 7, 7, 7, 7, 7, 0, 0, 5, 0, 0, 1, 1, 1, 1, 1, 0, 5, 0], [0, 8, 0, 4, 4, 4, 4, 4, 0, 0, 0, 0, 7, 7, 7, 7, 7, 5, 0, 0, 5, 8, 1, 1, 1, 1, 1, 5, 5, 0], [0, 8, 5, 4, 4, 4, 4, 4, 0, 0, 0, 0, 7, 7, 7, 7, 7, 0, 8, 0, 8, 0, 1, 1, 1, 1, 1, 5, 5, 0], [0, 5, 8, 4, 4, 4, 4, 4, 0, 0, 8, 0, 8, 0, 0, 0, 0, 0, 5, 0, 0, 0, 5, 0, 0, 0, 5, 0, 5, 8], [8, 8, 0, 0, 0, 0, 8, 0, 8, 0, 0, 0, 0, 0, 0, 5, 0, 0, 5, 5, 8, 0, 5, 0, 5, 8, 0, 0, 0, 5], [0, 8, 0, 5, 0, 0, 0, 5, 5, 8, 5, 5, 3, 3, 3, 3, 3, 3, 3, 8, 0, 5, 0, 7, 7, 7, 7, 5, 0, 5], [0, 0, 5, 5, 0, 5, 1, 1, 1, 1, 0, 0, 3, 3, 3, 3, 3, 3, 3, 0, 8, 8, 8, 7, 7, 7, 7, 8, 0, 8], [0, 0, 0, 0, 0, 0, 1, 1, 1, 1, 5, 8, 3, 3, 3, 3, 3, 3, 3, 8, 5, 0, 8, 7, 7, 7, 7, 0, 5, 5], [0, 5, 0, 8, 0, 5, 1, 1, 1, 1, 5, 0, 3, 3, 3, 3, 3, 3, 3, 5, 0, 5, 0, 7, 7, 7, 7, 5, 0, 0], [0, 0, 5, 0, 0, 8, 1, 1, 1, 1, 0, 0, 5, 8, 0, 0, 5, 8, 8, 0, 0, 8, 0, 7, 7, 7, 7, 8, 0, 0], [5, 0, 5, 8, 0, 0, 8, 0, 5, 0, 0, 0, 0, 0, 5, 8, 0, 0, 5, 8, 0, 0, 5, 0, 8, 8, 8, 0, 0, 5], [0, 5, 0, 5, 5, 4, 4, 4, 5, 0, 5, 0, 6, 6, 6, 6, 6, 6, 0, 0, 2, 2, 2, 2, 2, 2, 0, 0, 5, 5], [0, 8, 0, 5, 5, 4, 4, 4, 0, 8, 5, 0, 6, 6, 6, 6, 6, 6, 0, 0, 2, 2, 2, 2, 2, 2, 5, 0, 8, 5], [8, 0, 0, 0, 0, 4, 4, 4, 5, 0, 8, 0, 6, 6, 6, 6, 6, 6, 0, 0, 2, 2, 2, 2, 2, 2, 0, 0, 0, 0], [0, 0, 0, 0, 0, 4, 4, 4, 5, 5, 0, 8, 6, 6, 6, 6, 6, 6, 5, 0, 2, 2, 2, 2, 2, 2, 0, 0, 8, 0], [5, 5, 0, 0, 0, 5, 5, 8, 5, 8, 0, 0, 6, 6, 6, 6, 6, 6, 8, 5, 8, 0, 0, 8, 5, 0, 8, 5, 0, 0], [0, 5, 8, 5, 0, 8, 5, 5, 5, 0, 8, 8, 0, 0, 5, 0, 8, 5, 5, 0, 0, 0, 5, 8, 0, 0, 0, 0, 8, 5], [0, 0, 0, 0, 8, 0, 0, 5, 8, 8, 8, 5, 0, 0, 0, 5, 0, 5, 0, 0, 0, 5, 0, 8, 0, 5, 5, 0, 0, 8], [8, 0, 5, 0, 0, 0, 0, 0, 5, 8, 8, 8, 0, 0, 5, 5, 5, 5, 8, 5, 0, 0, 5, 8, 5, 8, 5, 5, 0, 5]], "output": [[2, 3, 3], [4, 7, 1], [1, 3, 7], [4, 6, 2]]}]}