{"train": [{"input": [[1, 3, 0, 0, 0, 0, 0, 0, 0, 0], [2, 8, 0, 0, 0, 0, 1, 0, 0, 0], [0, 0, 0, 0, 1, 1, 1, 0, 0, 0], [0, 0, 0, 0, 1, 1, 1, 0, 0, 0], [0, 0, 3, 3, 3, 3, 1, 8, 0, 0], [0, 0, 3, 3, 2, 0, 8, 8, 0, 0], [0, 0, 0, 0, 2, 0, 8, 8, 0, 0], [0, 0, 0, 0, 2, 0, 0, 0, 0, 0], [0, 0, 0, 0, 2, 0, 0, 0, 0, 0], [0, 0, 0, 0, 0, 0, 0, 0, 0, 0]], "output": [[1, 3, 0, 0, 0, 0, 0, 0, 0, 0], [2, 8, 0, 0, 0, 0, 3, 0, 0, 0], [0, 0, 0, 0, 3, 3, 3, 0, 0, 0], [0, 0, 0, 0, 3, 3, 3, 0, 0, 0], [0, 0, 1, 1, 1, 1, 3, 2, 0, 0], [0, 0, 1, 1, 8, 0, 2, 2, 0, 0], [0, 0, 0, 0, 8, 0, 2, 2, 0, 0], [0, 0, 0, 0, 8, 0, 0, 0, 0, 0], [0, 0, 0, 0, 8, 0, 0, 0, 0, 0], [0, 0, 0, 0, 0, 0, 0, 0, 0, 0]]}, {"input": [[4, 2, 0, 0, 0, 0, 0, 0, 0, 0], [3, 7, 0, 0, 0, 0, 4, 0, 0, 0], [0, 0, 0, 0, 0, 3, 4, 4, 0, 0], [0, 0, 0, 0, 0, 3, 2, 4, 0, 0], [0, 0, 0, 7, 7, 3, 2, 4, 0, 0], [0, 0, 0, 7, 3, 3, 2, 0, 0, 0], [0, 0, 0, 7, 0, 0, 2, 2, 0, 0], [0, 0, 0, 7, 7, 0, 0, 0, 0, 0], [0, 0, 0, 0, 0, 0, 0, 0, 0, 0], [0, 0, 0, 0, 0, 0, 0, 0, 0, 0]], "output": [[4, 2, 0, 0, 0, 0, 0, 0, 0, 0], [3, 7, 0, 0, 0, 0, 2, 0, 0, 0], [0, 0, 0, 0, 0, 7, 2, 2, 0, 0], [0, 0, 0, 0, 0, 7, 4, 2, 0, 0], [0, 0, 0, 3, 3, 7, 4, 2, 0, 0], [0, 0, 0, 3, 7, 7, 4, 0, 0, 0], [0, 0, 0, 3, 0, 0, 4, 4, 0, 0], [0, 0, 0, 3, 3, 0, 0, 0, 0, 0], [0, 0, 0, 0, 0, 0, 0, 0, 0, 0], [0, 0, 0, 0, 0, 0, 0, 0, 0, 0]]}, {"input": [[9, 4, 0, 0, 0, 0, 0, 0, 0, 0], [7, 6, 0, 0, 0, 9, 9, 0, 0, 0], [0, 0, 0, 0, 0, 7, 9, 0, 0, 0], [0, 0, 0, 0, 0, 4, 0, 0, 0, 0], [0, 0, 0, 0, 7, 4, 0, 0, 0, 0], [0, 0, 0, 6, 6, 7, 0, 0, 0, 0], [0, 0, 0, 7, 6, 6, 0, 0, 0, 0], [0, 0, 0, 0, 0, 0, 0, 0, 0, 0], [0, 0, 0, 0, 0, 0, 0, 0, 0, 0], [0, 0, 0, 0, 0, 0, 0, 0, 0, 0]], "output": [[9, 4, 0, 0, 0, 0, 0, 0, 0, 0], [7, 6, 0, 0, 0, 4, 4, 0, 0, 0], [0, 0, 0, 0, 0, 6, 4, 0, 0, 0], [0, 0, 0, 0, 0, 9, 0, 0, 0, 0], [0, 0, 0, 0, 6, 9, 0, 0, 0, 0], [0, 0, 0, 7, 7, 6, 0, 0, 0, 0], [0, 0, 0, 6, 7, 7, 0, 0, 0, 0], [0, 0, 0, 0, 0, 0, 0, 0, 0, 0], [0, 0, 0, 0, 0, 0, 0, 0, 0, 0], [0, 0, 0, 0, 0, 0, 0, 0, 0, 0]]}], "test": [{"input": [[8, 9, 0, 0, 0, 0, 0, 0, 0, 0], [2, 4, 0, 0, 0, 9, 9, 0, 0, 0], [0, 0, 0, 8, 8, 8, 9, 0, 0, 0], [0, 0, 0, 2, 8, 8, 9, 0, 0, 0], [0, 0, 0, 2, 4, 2, 0, 0, 0, 0], [0, 0, 0, 2, 2, 4, 0, 0, 0, 0], [0, 0, 0, 2, 4, 4, 0, 0, 0, 0], [0, 0, 0, 9, 4, 4, 0, 0, 0, 0], [0, 0, 0, 0, 0, 4, 0, 0, 0, 0], [0, 0, 0, 0, 0, 0, 0, 0, 0, 0]], "output": [[8, 9, 0, 0, 0, 0, 0, 0, 0, 0], [2, 4, 0, 0, 0, 8, 8, 0, 0, 0], [0, 0, 0, 9, 9, 9, 8, 0, 0, 0], [0, 0, 0, 4, 9, 9, 8, 0, 0, 0], [0, 0, 0, 4, 2, 4, 0, 0, 0, 0], [0, 0, 0, 4, 4, 2, 0, 0, 0, 0], [0, 0, 0, 4, 2, 2, 0, 0, 0, 0], [0, 0, 0, 8, 2, 2, 0, 0, 0, 0], [0, 0, 0, 0, 0, 2, 0, 0, 0, 0], [0, 0, 0, 0, 0, 0, 0, 0, 0, 0]]}]}