{"train": [{"input": [[2, 2, 2, 2, 2, 2, 2, 2, 2, 2, 2, 2, 2, 2], [2, 2, 2, 2, 2, 2, 2, 2, 2, 2, 2, 2, 2, 2], [2, 2, 2, 2, 2, 2, 2, 2, 2, 2, 2, 2, 2, 2], [2, 2, 2, 2, 2, 2, 2, 4, 4, 1, 4, 4, 2, 2], [2, 2, 2, 2, 2, 2, 2, 2, 4, 4, 4, 2, 2, 2], [2, 2, 2, 2, 2, 2, 2, 2, 2, 2, 2, 2, 2, 2], [2, 2, 4, 2, 2, 2, 2, 2, 2, 2, 2, 2, 2, 2], [2, 4, 4, 2, 2, 2, 2, 2, 2, 2, 2, 2, 2, 2], [2, 4, 8, 2, 2, 2, 2, 2, 2, 2, 2, 2, 2, 2], [2, 4, 4, 2, 2, 2, 2, 2, 2, 2, 2, 2, 2, 2], [2, 2, 4, 2, 2, 2, 2, 2, 2, 2, 2, 2, 2, 2], [2, 2, 2, 2, 2, 2, 2, 2, 2, 2, 2, 2, 2, 2]], "output": [[1, 1, 1, 1, 1, 1, 1, 1, 1, 1, 1, 1, 1, 0], [2, 2, 2, 2, 2, 2, 2, 2, 2, 1, 2, 2, 2, 8], [2, 2, 2, 2, 2, 2, 2, 2, 2, 2, 2, 2, 2, 8], [2, 2, 2, 2, 2, 2, 2, 4, 4, 1, 4, 4, 2, 8], [2, 2, 2, 2, 2, 2, 2, 2, 4, 4, 4, 2, 2, 8], [2, 2, 2, 2, 2, 2, 2, 2, 2, 2, 2, 2, 2, 8], [2, 2, 4, 2, 2, 2, 2, 2, 2, 2, 2, 2, 2, 8], [2, 4, 4, 2, 2, 2, 2, 2, 2, 2, 2, 2, 2, 8], [2, 4, 8, 2, 8, 2, 8, 2, 8, 2, 8, 2, 8, 8], [2, 4, 4, 2, 2, 2, 2, 2, 2, 2, 2, 2, 2, 8], [2, 2, 4, 2, 2, 2, 2, 2, 2, 2, 2, 2, 2, 8], [2, 2, 2, 2, 2, 2, 2, 2, 2, 2, 2, 2, 2, 8]]}, {"input": [[1, 1, 1, 1, 1, 1, 1, 1, 1, 1, 1, 1, 1], [1, 1, 1, 1, 1, 1, 1, 1, 1, 1, 1, 1, 1], [1, 1, 1, 1, 1, 1, 1, 1, 1, 1, 1, 1, 1], [1, 1, 1, 8, 1, 1, 1, 8, 8, 3, 8, 8, 1], [1, 1, 1, 8, 8, 1, 1, 1, 8, 8, 8, 1, 1], [1, 1, 1, 2, 8, 1, 1, 1, 1, 1, 1, 1, 1], [1, 1, 1, 8, 8, 1, 1, 1, 1, 1, 1, 1, 1], [1, 1, 1, 8, 1, 1, 1, 1, 1, 1, 1, 1, 1], [1, 1, 1, 1, 1, 1, 1, 1, 1, 1, 1, 1, 1], [1, 1, 1, 1, 1, 1, 1, 1, 1, 1, 1, 1, 1], [1, 1, 1, 1, 1, 1, 1, 1, 1, 1, 1, 1, 1]], "output": [[0, 3, 3, 3, 3, 3, 3, 3, 3, 3, 3, 3, 3], [2, 1, 1, 1, 1, 1, 1, 1, 1, 3, 1, 1, 1], [2, 1, 1, 1, 1, 1, 1, 1, 1, 1, 1, 1, 1], [2, 1, 1, 8, 1, 1, 1, 8, 8, 3, 8, 8, 1], [2, 1, 1, 8, 8, 1, 1, 1, 8, 8, 8, 1, 1], [2, 2, 1, 2, 8, 1, 1, 1, 1, 1, 1, 1, 1], [2, 1, 1, 8, 8, 1, 1, 1, 1, 1, 1, 1, 1], [2, 1, 1, 8, 1, 1, 1, 1, 1, 1, 1, 1, 1], [2, 1, 1, 1, 1, 1, 1, 1, 1, 1, 1, 1, 1], [2, 1, 1, 1, 1, 1, 1, 1, 1, 1, 1, 1, 1], [2, 1, 1, 1, 1, 1, 1, 1, 1, 1, 1, 1, 1]]}, {"input": [[3, 3, 3, 3, 3, 3, 3, 3, 3, 3, 3, 3], [3, 3, 3, 3, 1, 1, 1, 3, 3, 3, 3, 3], [3, 3, 3, 1, 1, 6, 1, 1, 3, 3, 3, 3], [3, 3, 3, 3, 3, 3, 3, 3, 3, 3, 3, 3], [3, 3, 3, 3, 3, 3, 3, 3, 3, 3, 3, 3], [3, 3, 3, 3, 3, 3, 3, 3, 3, 3, 3, 3], [3, 3, 3, 3, 3, 3, 3, 3, 3, 3, 3, 3], [3, 3, 3, 3, 3, 3, 3, 3, 3, 3, 3, 3], [3, 3, 3, 3, 3, 3, 3, 3, 3, 3, 3, 3], [3, 3, 3, 3, 3, 3, 3, 3, 3, 3, 3, 3], [3, 3, 3, 3, 3, 3, 3, 3, 3, 3, 3, 3], [3, 3, 3, 3, 3, 3, 3, 3, 3, 3, 3, 3], [3, 3, 3, 3, 3, 3, 3, 3, 3, 3, 3, 3], [3, 3, 3, 3, 3, 3, 3, 3, 3, 3, 3, 3], [3, 3, 3, 3, 3, 3, 3, 3, 3, 3, 3, 3]], "output": [[3, 3, 3, 3, 3, 3, 3, 3, 3, 3, 3, 3], [3, 3, 3, 3, 1, 1, 1, 3, 3, 3, 3, 3], [3, 3, 3, 1, 1, 6, 1, 1, 3, 3, 3, 3], [3, 3, 3, 3, 3, 3, 3, 3, 3, 3, 3, 3], [3, 3, 3, 3, 3, 6, 3, 3, 3, 3, 3, 3], [3, 3, 3, 3, 3, 3, 3, 3, 3, 3, 3, 3], [3, 3, 3, 3, 3, 6, 3, 3, 3, 3, 3, 3], [3, 3, 3, 3, 3, 3, 3, 3, 3, 3, 3, 3], [3, 3, 3, 3, 3, 6, 3, 3, 3, 3, 3, 3], [3, 3, 3, 3, 3, 3, 3, 3, 3, 3, 3, 3], [3, 3, 3, 3, 3, 6, 3, 3, 3, 3, 3, 3], [3, 3, 3, 3, 3, 3, 3, 3, 3, 3, 3, 3], [3, 3, 3, 3, 3, 6, 3, 3, 3, 3, 3, 3], [3, 3, 3, 3, 3, 3, 3, 3, 3, 3, 3, 3], [6, 6, 6, 6, 6, 6, 6, 6, 6, 6, 6, 6]]}], "test": [{"input": [[4, 4, 4, 4, 4, 4, 4, 4, 4, 4, 4, 4, 4, 4, 4, 4, 4], [4, 4, 2, 4, 4, 4, 4, 4, 4, 4, 4, 4, 4, 4, 4, 4, 4], [4, 4, 2, 2, 4, 4, 4, 4, 4, 4, 4, 4, 4, 4, 4, 4, 4], [4, 4, 1, 2, 4, 4, 4, 4, 4, 4, 4, 4, 2, 4, 4, 4, 4], [4, 4, 2, 2, 4, 4, 4, 4, 4, 4, 4, 2, 2, 4, 4, 4, 4], [4, 4, 2, 4, 4, 4, 4, 4, 4, 4, 4, 2, 5, 4, 4, 4, 4], [4, 4, 4, 4, 4, 4, 4, 4, 4, 4, 4, 2, 2, 4, 4, 4, 4], [4, 4, 4, 4, 4, 4, 4, 4, 4, 4, 4, 4, 2, 4, 4, 4, 4], [4, 4, 4, 4, 4, 4, 4, 4, 4, 4, 4, 4, 4, 4, 4, 4, 4], [4, 4, 4, 4, 4, 4, 4, 4, 4, 4, 4, 4, 4, 4, 4, 4, 4], [4, 4, 4, 4, 4, 4, 4, 4, 4, 4, 4, 4, 4, 4, 4, 4, 4], [4, 4, 4, 4, 4, 2, 2, 8, 2, 2, 4, 4, 4, 4, 4, 4, 4], [4, 4, 4, 4, 4, 4, 2, 2, 2, 4, 4, 4, 4, 4, 4, 4, 4], [4, 4, 4, 4, 4, 4, 4, 4, 4, 4, 4, 4, 4, 4, 4, 4, 4], [4, 4, 4, 4, 4, 4, 4, 4, 4, 4, 4, 4, 4, 4, 4, 4, 4]], "output": [[0, 8, 8, 8, 8, 8, 8, 8, 8, 8, 8, 8, 8, 8, 8, 8, 0], [1, 4, 2, 4, 4, 4, 4, 8, 4, 4, 4, 4, 4, 4, 4, 4, 5], [1, 4, 2, 2, 4, 4, 4, 4, 4, 4, 4, 4, 4, 4, 4, 4, 5], [1, 4, 1, 2, 4, 4, 4, 8, 4, 4, 4, 4, 2, 4, 4, 4, 5], [1, 4, 2, 2, 4, 4, 4, 4, 4, 4, 4, 2, 2, 4, 4, 4, 5], [1, 4, 2, 4, 4, 4, 4, 8, 4, 4, 4, 2, 5, 4, 5, 4, 5], [1, 4, 4, 4, 4, 4, 4, 4, 4, 4, 4, 2, 2, 4, 4, 4, 5], [1, 4, 4, 4, 4, 4, 4, 8, 4, 4, 4, 4, 2, 4, 4, 4, 5], [1, 4, 4, 4, 4, 4, 4, 4, 4, 4, 4, 4, 4, 4, 4, 4, 5], [1, 4, 4, 4, 4, 4, 4, 8, 4, 4, 4, 4, 4, 4, 4, 4, 5], [1, 4, 4, 4, 4, 4, 4, 4, 4, 4, 4, 4, 4, 4, 4, 4, 5], [1, 4, 4, 4, 4, 2, 2, 8, 2, 2, 4, 4, 4, 4, 4, 4, 5], [1, 4, 4, 4, 4, 4, 2, 2, 2, 4, 4, 4, 4, 4, 4, 4, 5], [1, 4, 4, 4, 4, 4, 4, 4, 4, 4, 4, 4, 4, 4, 4, 4, 5], [1, 4, 4, 4, 4, 4, 4, 4, 4, 4, 4, 4, 4, 4, 4, 4, 5]]}]}