{"train": [{"input": [[5, 7, 7, 5, 7, 7, 7, 7], [7, 7, 7, 7, 7, 7, 7, 7], [7, 5, 7, 7, 7, 7, 7, 7], [7, 7, 7, 5, 7, 7, 7, 7], [7, 7, 7, 7, 7, 7, 7, 7], [7, 7, 7, 7, 7, 7, 7, 7], [7, 7, 7, 7, 7, 7, 7, 7], [7, 7, 7, 7, 7, 7, 7, 7]], "output": [[5, 7, 7, 5, 7, 7, 7, 7], [8, 8, 7, 7, 7, 7, 7, 7], [8, 5, 8, 7, 7, 7, 7, 7], [8, 8, 8, 5, 7, 7, 7, 7], [7, 7, 7, 7, 7, 7, 7, 7], [7, 7, 7, 7, 7, 7, 7, 7], [7, 7, 7, 7, 7, 7, 7, 7], [7, 7, 7, 7, 7, 7, 7, 7]]}, {"input": [[7, 7, 7, 7, 7, 7, 7, 7], [7, 5, 7, 7, 7, 7, 5, 7], [7, 7, 7, 7, 7, 7, 7, 7], [7, 7, 7, 7, 7, 7, 7, 7], [7, 7, 7, 7, 7, 7, 7, 7], [7, 7, 7, 7, 7, 5, 7, 7], [7, 5, 7, 7, 7, 7, 7, 7], [7, 7, 7, 7, 7, 7, 7, 7]], "output": [[7, 7, 7, 7, 7, 7, 7, 7], [7, 5, 7, 7, 7, 7, 5, 7], [7, 7, 7, 7, 7, 8, 8, 7], [7, 7, 7, 7, 8, 7, 8, 7], [7, 7, 7, 8, 7, 7, 8, 7], [7, 7, 8, 7, 7, 5, 8, 7], [7, 5, 8, 8, 8, 8, 8, 7], [7, 7, 7, 7, 7, 7, 7, 7]]}, {"input": [[7, 7, 7, 7, 7, 7, 7, 5], [7, 5, 7, 7, 7, 7, 7, 7], [7, 7, 7, 7, 7, 7, 7, 7], [7, 7, 7, 7, 7, 7, 7, 7], [7, 7, 7, 7, 7, 7, 7, 7], [7, 7, 7, 7, 7, 7, 7, 7], [7, 7, 7, 7, 7, 7, 7, 7], [5, 7, 7, 7, 7, 7, 7, 5]], "output": [[8, 8, 8, 8, 8, 8, 8, 5], [8, 5, 7, 7, 7, 7, 8, 7], [8, 7, 7, 7, 7, 8, 7, 7], [8, 7, 7, 7, 8, 7, 7, 7], [8, 7, 7, 8, 7, 7, 7, 7], [8, 7, 8, 7, 7, 7, 7, 7], [8, 8, 7, 7, 7, 7, 7, 7], [5, 7, 7, 7, 7, 7, 7, 5]]}], "test": [{"input": [[7, 5, 7, 7, 7, 7, 7, 7], [7, 7, 7, 7, 7, 7, 5, 7], [7, 7, 7, 7, 7, 7, 7, 7], [7, 7, 7, 7, 7, 7, 7, 7], [7, 7, 7, 7, 7, 7, 7, 7], [7, 7, 7, 7, 7, 7, 7, 7], [7, 5, 7, 7, 7, 7, 7, 5], [7, 7, 7, 7, 7, 7, 7, 7]], "output": [[7, 5, 8, 8, 8, 8, 8, 8], [7, 7, 8, 7, 7, 7, 5, 8], [7, 7, 7, 8, 7, 7, 7, 8], [7, 7, 7, 7, 8, 7, 7, 8], [7, 7, 7, 7, 7, 8, 7, 8], [7, 7, 7, 7, 7, 7, 8, 8], [7, 5, 7, 7, 7, 7, 7, 5], [7, 7, 7, 7, 7, 7, 7, 7]]}]}