{"train": [{"input": [[8, 8, 8, 8, 8, 8, 8, 8, 8, 8, 8, 8, 8, 8, 8, 8, 8, 8, 8], [5, 1, 1, 1, 1, 1, 8, 1, 1, 1, 1, 1, 8, 1, 1, 1, 1, 1, 8], [5, 1, 8, 2, 8, 1, 8, 1, 6, 6, 6, 1, 8, 1, 7, 7, 7, 1, 8], [5, 1, 2, 2, 2, 1, 8, 1, 6, 6, 6, 1, 8, 1, 7, 7, 7, 1, 8], [5, 1, 8, 2, 8, 1, 8, 1, 6, 6, 6, 1, 8, 1, 7, 7, 7, 1, 8], [5, 1, 1, 1, 1, 1, 8, 1, 1, 1, 1, 1, 8, 1, 1, 1, 1, 1, 8], [8, 8, 8, 8, 8, 8, 8, 8, 8, 8, 8, 8, 8, 8, 8, 8, 8, 8, 8], [9, 1, 1, 1, 1, 1, 8, 1, 1, 1, 1, 1, 8, 1, 1, 1, 1, 1, 8], [9, 1, 3, 3, 3, 1, 8, 1, 2, 8, 8, 1, 8, 1, 2, 2, 2, 1, 8], [9, 1, 3, 3, 3, 1, 8, 1, 2, 2, 8, 1, 8, 1, 8, 2, 8, 1, 8], [9, 1, 3, 3, 3, 1, 8, 1, 8, 2, 2, 1, 8, 1, 8, 8, 8, 1, 8], [9, 1, 1, 1, 1, 1, 8, 1, 1, 1, 1, 1, 8, 1, 1, 1, 1, 1, 8], [8, 8, 8, 8, 8, 8, 8, 8, 8, 8, 8, 8, 8, 8, 8, 8, 8, 8, 8], [0, 1, 1, 1, 1, 1, 8, 1, 1, 1, 1, 1, 8, 1, 1, 1, 1, 1, 8], [0, 1, 8, 2, 8, 1, 8, 1, 2, 8, 8, 1, 8, 1, 2, 2, 2, 1, 8], [0, 1, 2, 2, 2, 1, 8, 1, 2, 2, 8, 1, 8, 1, 8, 2, 8, 1, 8], [0, 1, 8, 2, 8, 1, 8, 1, 8, 2, 2, 1, 8, 1, 8, 8, 8, 1, 8], [0, 1, 1, 1, 1, 1, 8, 1, 1, 1, 1, 1, 8, 1, 1, 1, 1, 1, 8], [8, 8, 8, 8, 8, 8, 8, 8, 8, 8, 8, 8, 8, 8, 8, 8, 8, 8, 8]], "output": [[9, 9, 9, 9, 9, 8, 5, 5, 5, 5, 5, 8, 5, 5, 5, 5, 5], [9, 8, 3, 8, 9, 8, 5, 6, 8, 8, 5, 8, 5, 7, 7, 7, 5], [9, 3, 3, 3, 9, 8, 5, 6, 6, 8, 5, 8, 5, 8, 7, 8, 5], [9, 8, 3, 8, 9, 8, 5, 8, 6, 6, 5, 8, 5, 8, 8, 8, 5], [9, 9, 9, 9, 9, 8, 5, 5, 5, 5, 5, 8, 5, 5, 5, 5, 5]]}, {"input": [[8, 8, 8, 8, 8, 8, 8, 8, 8, 8, 8, 8, 8, 8, 8, 8, 8, 8, 8, 8, 8, 8, 8, 8, 8, 8, 8, 8, 8], [5, 1, 1, 1, 1, 1, 1, 8, 1, 1, 1, 1, 1, 1, 8, 1, 1, 1, 1, 1, 1, 8, 1, 1, 1, 1, 1, 1, 8], [5, 1, 2, 8, 8, 8, 1, 8, 1, 8, 8, 2, 8, 1, 8, 1, 2, 2, 2, 8, 1, 8, 1, 2, 2, 2, 8, 1, 8], [5, 1, 2, 2, 2, 8, 1, 8, 1, 2, 2, 2, 2, 1, 8, 1, 8, 8, 2, 8, 1, 8, 1, 2, 8, 2, 2, 1, 8], [5, 1, 8, 8, 2, 8, 1, 8, 1, 8, 2, 8, 2, 1, 8, 1, 8, 2, 2, 2, 1, 8, 1, 2, 8, 8, 2, 1, 8], [5, 1, 8, 2, 2, 2, 1, 8, 1, 8, 2, 2, 2, 1, 8, 1, 8, 8, 2, 8, 1, 8, 1, 2, 8, 8, 2, 1, 8], [5, 1, 1, 1, 1, 1, 1, 8, 1, 1, 1, 1, 1, 1, 8, 1, 1, 1, 1, 1, 1, 8, 1, 1, 1, 1, 1, 1, 8], [8, 8, 8, 8, 8, 8, 8, 8, 8, 8, 8, 8, 8, 8, 8, 8, 8, 8, 8, 8, 8, 8, 8, 8, 8, 8, 8, 8, 8], [9, 1, 1, 1, 1, 1, 1, 8, 1, 1, 1, 1, 1, 1, 8, 1, 1, 1, 1, 1, 1, 8, 1, 1, 1, 1, 1, 1, 8], [9, 1, 2, 8, 8, 8, 1, 8, 1, 3, 3, 3, 3, 1, 8, 1, 7, 7, 7, 7, 1, 8, 1, 2, 2, 2, 8, 1, 8], [9, 1, 2, 2, 2, 8, 1, 8, 1, 3, 3, 3, 3, 1, 8, 1, 7, 7, 7, 7, 1, 8, 1, 2, 8, 2, 2, 1, 8], [9, 1, 8, 8, 2, 8, 1, 8, 1, 3, 3, 3, 3, 1, 8, 1, 7, 7, 7, 7, 1, 8, 1, 2, 8, 8, 2, 1, 8], [9, 1, 8, 2, 2, 2, 1, 8, 1, 3, 3, 3, 3, 1, 8, 1, 7, 7, 7, 7, 1, 8, 1, 2, 8, 8, 2, 1, 8], [9, 1, 1, 1, 1, 1, 1, 8, 1, 1, 1, 1, 1, 1, 8, 1, 1, 1, 1, 1, 1, 8, 1, 1, 1, 1, 1, 1, 8], [8, 8, 8, 8, 8, 8, 8, 8, 8, 8, 8, 8, 8, 8, 8, 8, 8, 8, 8, 8, 8, 8, 8, 8, 8, 8, 8, 8, 8], [0, 1, 1, 1, 1, 1, 1, 8, 1, 1, 1, 1, 1, 1, 8, 1, 1, 1, 1, 1, 1, 8, 1, 1, 1, 1, 1, 1, 8], [0, 1, 4, 4, 4, 4, 1, 8, 1, 8, 8, 2, 8, 1, 8, 1, 2, 2, 2, 8, 1, 8, 1, 6, 6, 6, 6, 1, 8], [0, 1, 4, 4, 4, 4, 1, 8, 1, 2, 2, 2, 2, 1, 8, 1, 8, 8, 2, 8, 1, 8, 1, 6, 6, 6, 6, 1, 8], [0, 1, 4, 4, 4, 4, 1, 8, 1, 8, 2, 8, 2, 1, 8, 1, 8, 2, 2, 2, 1, 8, 1, 6, 6, 6, 6, 1, 8], [0, 1, 4, 4, 4, 4, 1, 8, 1, 8, 2, 2, 2, 1, 8, 1, 8, 8, 2, 8, 1, 8, 1, 6, 6, 6, 6, 1, 8], [0, 1, 1, 1, 1, 1, 1, 8, 1, 1, 1, 1, 1, 1, 8, 1, 1, 1, 1, 1, 1, 8, 1, 1, 1, 1, 1, 1, 8], [8, 8, 8, 8, 8, 8, 8, 8, 8, 8, 8, 8, 8, 8, 8, 8, 8, 8, 8, 8, 8, 8, 8, 8, 8, 8, 8, 8, 8]], "output": [[0, 0, 0, 0, 0, 0, 8, 9, 9, 9, 9, 9, 9, 8, 9, 9, 9, 9, 9, 9, 8, 0, 0, 0, 0, 0, 0], [0, 4, 8, 8, 8, 0, 8, 9, 8, 8, 3, 8, 9, 8, 9, 7, 7, 7, 8, 9, 8, 0, 6, 6, 6, 8, 0], [0, 4, 4, 4, 8, 0, 8, 9, 3, 3, 3, 3, 9, 8, 9, 8, 8, 7, 8, 9, 8, 0, 6, 8, 6, 6, 0], [0, 8, 8, 4, 8, 0, 8, 9, 8, 3, 8, 3, 9, 8, 9, 8, 7, 7, 7, 9, 8, 0, 6, 8, 8, 6, 0], [0, 8, 4, 4, 4, 0, 8, 9, 8, 3, 3, 3, 9, 8, 9, 8, 8, 7, 8, 9, 8, 0, 6, 8, 8, 6, 0], [0, 0, 0, 0, 0, 0, 8, 9, 9, 9, 9, 9, 9, 8, 9, 9, 9, 9, 9, 9, 8, 0, 0, 0, 0, 0, 0]]}], "test": [{"input": [[8, 8, 8, 8, 8, 8, 8, 8, 8, 8, 8, 8, 8, 8, 8, 8, 8, 8, 8, 8, 8, 8, 8, 8, 8], [5, 1, 1, 1, 1, 1, 1, 1, 8, 1, 1, 1, 1, 1, 1, 1, 8, 1, 1, 1, 1, 1, 1, 1, 8], [5, 1, 8, 8, 2, 8, 8, 1, 8, 1, 8, 2, 8, 8, 8, 1, 8, 1, 3, 3, 3, 3, 3, 1, 8], [5, 1, 8, 2, 2, 2, 8, 1, 8, 1, 2, 2, 2, 2, 8, 1, 8, 1, 3, 3, 3, 3, 3, 1, 8], [5, 1, 8, 8, 2, 8, 8, 1, 8, 1, 8, 8, 8, 2, 8, 1, 8, 1, 3, 3, 3, 3, 3, 1, 8], [5, 1, 2, 2, 2, 2, 2, 1, 8, 1, 8, 2, 2, 2, 2, 1, 8, 1, 3, 3, 3, 3, 3, 1, 8], [5, 1, 8, 8, 2, 8, 8, 1, 8, 1, 8, 8, 8, 2, 8, 1, 8, 1, 3, 3, 3, 3, 3, 1, 8], [5, 1, 1, 1, 1, 1, 1, 1, 8, 1, 1, 1, 1, 1, 1, 1, 8, 1, 1, 1, 1, 1, 1, 1, 8], [8, 8, 8, 8, 8, 8, 8, 8, 8, 8, 8, 8, 8, 8, 8, 8, 8, 8, 8, 8, 8, 8, 8, 8, 8], [9, 1, 1, 1, 1, 1, 1, 1, 8, 1, 1, 1, 1, 1, 1, 1, 8, 1, 1, 1, 1, 1, 1, 1, 8], [9, 1, 6, 6, 6, 6, 6, 1, 8, 1, 8, 2, 8, 8, 8, 1, 8, 1, 8, 8, 8, 2, 2, 1, 8], [9, 1, 6, 6, 6, 6, 6, 1, 8, 1, 2, 2, 2, 2, 8, 1, 8, 1, 8, 8, 8, 2, 2, 1, 8], [9, 1, 6, 6, 6, 6, 6, 1, 8, 1, 8, 8, 8, 2, 8, 1, 8, 1, 8, 2, 2, 8, 8, 1, 8], [9, 1, 6, 6, 6, 6, 6, 1, 8, 1, 8, 2, 2, 2, 2, 1, 8, 1, 2, 2, 2, 8, 8, 1, 8], [9, 1, 6, 6, 6, 6, 6, 1, 8, 1, 8, 8, 8, 2, 8, 1, 8, 1, 8, 2, 8, 8, 8, 1, 8], [9, 1, 1, 1, 1, 1, 1, 1, 8, 1, 1, 1, 1, 1, 1, 1, 8, 1, 1, 1, 1, 1, 1, 1, 8], [8, 8, 8, 8, 8, 8, 8, 8, 8, 8, 8, 8, 8, 8, 8, 8, 8, 8, 8, 8, 8, 8, 8, 8, 8], [0, 1, 1, 1, 1, 1, 1, 1, 8, 1, 1, 1, 1, 1, 1, 1, 8, 1, 1, 1, 1, 1, 1, 1, 8], [0, 1, 8, 8, 2, 8, 8, 1, 8, 1, 4, 4, 4, 4, 4, 1, 8, 1, 8, 8, 8, 2, 2, 1, 8], [0, 1, 8, 2, 2, 2, 8, 1, 8, 1, 4, 4, 4, 4, 4, 1, 8, 1, 8, 8, 8, 2, 2, 1, 8], [0, 1, 8, 8, 2, 8, 8, 1, 8, 1, 4, 4, 4, 4, 4, 1, 8, 1, 8, 2, 2, 8, 8, 1, 8], [0, 1, 2, 2, 2, 2, 2, 1, 8, 1, 4, 4, 4, 4, 4, 1, 8, 1, 2, 2, 2, 8, 8, 1, 8], [0, 1, 8, 8, 2, 8, 8, 1, 8, 1, 4, 4, 4, 4, 4, 1, 8, 1, 8, 2, 8, 8, 8, 1, 8], [0, 1, 1, 1, 1, 1, 1, 1, 8, 1, 1, 1, 1, 1, 1, 1, 8, 1, 1, 1, 1, 1, 1, 1, 8], [8, 8, 8, 8, 8, 8, 8, 8, 8, 8, 8, 8, 8, 8, 8, 8, 8, 8, 8, 8, 8, 8, 8, 8, 8]], "output": [[9, 9, 9, 9, 9, 9, 9, 8, 0, 0, 0, 0, 0, 0, 0, 8, 5, 5, 5, 5, 5, 5, 5], [9, 8, 8, 6, 8, 8, 9, 8, 0, 8, 4, 8, 8, 8, 0, 8, 5, 8, 8, 8, 3, 3, 5], [9, 8, 6, 6, 6, 8, 9, 8, 0, 4, 4, 4, 4, 8, 0, 8, 5, 8, 8, 8, 3, 3, 5], [9, 8, 8, 6, 8, 8, 9, 8, 0, 8, 8, 8, 4, 8, 0, 8, 5, 8, 3, 3, 8, 8, 5], [9, 6, 6, 6, 6, 6, 9, 8, 0, 8, 4, 4, 4, 4, 0, 8, 5, 3, 3, 3, 8, 8, 5], [9, 8, 8, 6, 8, 8, 9, 8, 0, 8, 8, 8, 4, 8, 0, 8, 5, 8, 3, 8, 8, 8, 5], [9, 9, 9, 9, 9, 9, 9, 8, 0, 0, 0, 0, 0, 0, 0, 8, 5, 5, 5, 5, 5, 5, 5]]}]}