{"train": [{"input": [[0, 0, 0, 0, 0, 0, 0, 0], [0, 3, 0, 0, 0, 0, 0, 0], [0, 0, 0, 0, 0, 0, 0, 0], [0, 0, 0, 0, 0, 0, 0, 0], [0, 0, 0, 3, 0, 0, 0, 0], [0, 0, 0, 0, 0, 0, 0, 0], [0, 1, 0, 0, 0, 0, 0, 0], [0, 0, 0, 0, 0, 2, 0, 0], [0, 0, 0, 0, 0, 0, 0, 0], [0, 0, 0, 0, 0, 0, 0, 0]], "output": [[0, 0, 0, 0, 0, 2, 0, 0], [3, 3, 3, 3, 3, 3, 3, 3], [0, 0, 0, 0, 0, 2, 0, 0], [0, 0, 0, 0, 0, 2, 0, 0], [3, 3, 3, 3, 3, 3, 3, 3], [0, 0, 0, 0, 0, 2, 0, 0], [1, 1, 1, 1, 1, 1, 1, 1], [0, 0, 0, 0, 0, 2, 0, 0], [0, 0, 0, 0, 0, 2, 0, 0], [0, 0, 0, 0, 0, 2, 0, 0]]}, {"input": [[0, 0, 0, 0, 0, 0, 0, 0, 0], [0, 0, 0, 0, 0, 0, 0, 0, 0], [0, 0, 2, 0, 0, 0, 0, 0, 0], [0, 0, 0, 0, 0, 0, 0, 0, 0], [0, 0, 0, 0, 0, 0, 0, 3, 0], [0, 0, 0, 0, 0, 0, 0, 0, 0], [0, 0, 0, 1, 0, 0, 0, 0, 0], [0, 0, 0, 0, 0, 0, 0, 0, 0], [0, 0, 0, 0, 0, 0, 0, 0, 0]], "output": [[0, 0, 2, 0, 0, 0, 0, 0, 0], [0, 0, 2, 0, 0, 0, 0, 0, 0], [0, 0, 2, 0, 0, 0, 0, 0, 0], [0, 0, 2, 0, 0, 0, 0, 0, 0], [3, 3, 3, 3, 3, 3, 3, 3, 3], [0, 0, 2, 0, 0, 0, 0, 0, 0], [1, 1, 1, 1, 1, 1, 1, 1, 1], [0, 0, 2, 0, 0, 0, 0, 0, 0], [0, 0, 2, 0, 0, 0, 0, 0, 0]]}, {"input": [[0, 0, 0, 0, 0, 0, 0, 0, 0, 0, 0], [0, 1, 0, 0, 0, 0, 0, 0, 0, 0, 0], [0, 0, 0, 0, 0, 0, 0, 0, 0, 0, 0], [0, 0, 0, 0, 0, 0, 0, 0, 3, 0, 0], [0, 0, 0, 0, 0, 0, 0, 0, 0, 0, 0], [0, 0, 0, 0, 0, 0, 0, 0, 0, 0, 0], [0, 0, 3, 0, 0, 0, 0, 0, 0, 0, 0], [0, 0, 0, 0, 0, 0, 0, 0, 0, 0, 0], [0, 0, 0, 2, 0, 0, 0, 0, 0, 0, 0], [0, 0, 0, 0, 0, 0, 0, 0, 0, 2, 0]], "output": [[0, 0, 0, 2, 0, 0, 0, 0, 0, 2, 0], [1, 1, 1, 1, 1, 1, 1, 1, 1, 1, 1], [0, 0, 0, 2, 0, 0, 0, 0, 0, 2, 0], [3, 3, 3, 3, 3, 3, 3, 3, 3, 3, 3], [0, 0, 0, 2, 0, 0, 0, 0, 0, 2, 0], [0, 0, 0, 2, 0, 0, 0, 0, 0, 2, 0], [3, 3, 3, 3, 3, 3, 3, 3, 3, 3, 3], [0, 0, 0, 2, 0, 0, 0, 0, 0, 2, 0], [0, 0, 0, 2, 0, 0, 0, 0, 0, 2, 0], [0, 0, 0, 2, 0, 0, 0, 0, 0, 2, 0]]}], "test": [{"input": [[0, 0, 0, 3, 0, 0, 0, 0, 0, 0, 0], [0, 0, 0, 0, 0, 0, 0, 0, 0, 2, 0], [0, 0, 0, 0, 0, 0, 0, 0, 0, 0, 0], [0, 0, 0, 0, 0, 3, 0, 0, 0, 0, 0], [0, 0, 0, 0, 0, 0, 0, 0, 0, 0, 0], [0, 0, 0, 0, 2, 0, 0, 0, 0, 0, 0], [0, 0, 0, 0, 0, 0, 0, 0, 0, 0, 0], [0, 1, 0, 0, 0, 0, 0, 0, 0, 0, 0], [0, 0, 0, 0, 0, 0, 0, 0, 0, 0, 0], [0, 0, 0, 0, 0, 0, 0, 0, 1, 0, 0], [0, 0, 0, 0, 0, 0, 0, 0, 0, 0, 0], [0, 0, 0, 0, 0, 0, 0, 0, 0, 0, 0]], "output": [[3, 3, 3, 3, 3, 3, 3, 3, 3, 3, 3], [0, 0, 0, 0, 2, 0, 0, 0, 0, 2, 0], [0, 0, 0, 0, 2, 0, 0, 0, 0, 2, 0], [3, 3, 3, 3, 3, 3, 3, 3, 3, 3, 3], [0, 0, 0, 0, 2, 0, 0, 0, 0, 2, 0], [0, 0, 0, 0, 2, 0, 0, 0, 0, 2, 0], [0, 0, 0, 0, 2, 0, 0, 0, 0, 2, 0], [1, 1, 1, 1, 1, 1, 1, 1, 1, 1, 1], [0, 0, 0, 0, 2, 0, 0, 0, 0, 2, 0], [1, 1, 1, 1, 1, 1, 1, 1, 1, 1, 1], [0, 0, 0, 0, 2, 0, 0, 0, 0, 2, 0], [0, 0, 0, 0, 2, 0, 0, 0, 0, 2, 0]]}]}