{"train": [{"input": [[0, 8, 8, 8, 8, 0, 8, 8, 8, 8, 0, 8, 8, 8, 8, 0, 8, 8, 8, 8, 0], [8, 8, 0, 0, 8, 8, 8, 0, 0, 8, 8, 8, 0, 0, 8, 8, 8, 0, 0, 8, 8], [8, 0, 0, 0, 0, 8, 0, 0, 0, 0, 8, 0, 0, 0, 0, 8, 0, 0, 0, 0, 8], [8, 0, 0, 0, 0, 8, 0, 0, 0, 0, 8, 0, 0, 0, 0, 8, 0, 0, 0, 0, 8], [8, 8, 0, 0, 8, 8, 8, 0, 0, 8, 8, 8, 0, 0, 8, 8, 8, 0, 0, 8, 8], [0, 8, 8, 8, 8, 0, 8, 8, 8, 8, 8, 8, 8, 8, 8, 0, 8, 8, 8, 8, 0], [8, 8, 0, 0, 8, 8, 8, 0, 0, 8, 8, 8, 0, 0, 8, 8, 8, 0, 0, 8, 8], [8, 0, 0, 0, 0, 8, 0, 0, 0, 0, 8, 0, 0, 0, 0, 8, 0, 0, 0, 0, 8], [8, 0, 0, 0, 0, 8, 0, 0, 0, 0, 8, 0, 0, 0, 0, 8, 0, 0, 0, 0, 8], [8, 8, 0, 0, 8, 8, 8, 0, 0, 8, 8, 8, 0, 0, 8, 8, 8, 0, 0, 8, 8], [4, 8, 8, 8, 8, 0, 8, 8, 8, 8, 0, 8, 8, 8, 8, 0, 8, 8, 8, 8, 0], [8, 8, 0, 0, 8, 8, 8, 0, 0, 8, 8, 8, 0, 0, 8, 8, 8, 0, 0, 8, 8], [8, 0, 0, 0, 0, 8, 0, 0, 0, 0, 8, 0, 0, 0, 0, 8, 0, 0, 0, 0, 8], [8, 0, 0, 0, 0, 8, 0, 0, 0, 0, 8, 0, 0, 0, 0, 8, 0, 0, 0, 0, 8], [8, 8, 0, 0, 8, 8, 8, 0, 0, 8, 8, 8, 0, 0, 8, 8, 8, 0, 0, 8, 8], [0, 8, 8, 8, 8, 0, 8, 8, 8, 8, 0, 8, 8, 8, 8, 0, 8, 8, 8, 8, 0]], "output": [[0, 8, 8, 8, 8, 0, 8, 8, 8, 8, 0, 8, 8, 8, 8, 0, 8, 8, 8, 8, 0], [8, 8, 0, 0, 8, 8, 8, 0, 0, 8, 8, 8, 0, 0, 8, 8, 8, 0, 0, 8, 8], [8, 0, 0, 0, 0, 8, 0, 0, 0, 0, 8, 0, 0, 0, 0, 8, 0, 0, 0, 0, 8], [8, 0, 0, 0, 0, 8, 0, 0, 0, 0, 8, 0, 0, 0, 0, 8, 0, 0, 0, 0, 8], [8, 8, 0, 0, 8, 8, 8, 0, 0, 8, 8, 8, 0, 0, 8, 8, 8, 0, 0, 8, 8], [0, 8, 8, 8, 8, 0, 8, 8, 8, 8, 0, 8, 8, 8, 8, 0, 8, 8, 8, 8, 0], [8, 8, 0, 0, 8, 8, 8, 0, 0, 8, 8, 8, 8, 8, 8, 8, 8, 0, 0, 8, 8], [8, 0, 0, 0, 0, 8, 0, 0, 0, 0, 8, 8, 8, 8, 8, 8, 0, 0, 0, 0, 8], [8, 0, 0, 0, 0, 8, 0, 0, 0, 0, 8, 8, 8, 8, 8, 8, 0, 0, 0, 0, 8], [8, 8, 0, 0, 8, 8, 8, 0, 0, 8, 8, 8, 8, 8, 8, 8, 8, 0, 0, 8, 8], [0, 8, 8, 8, 8, 0, 8, 8, 8, 8, 0, 8, 8, 8, 8, 0, 8, 8, 8, 8, 0], [8, 8, 4, 4, 8, 8, 8, 0, 0, 8, 8, 8, 0, 0, 8, 8, 8, 0, 0, 8, 8], [8, 4, 4, 4, 4, 8, 0, 0, 0, 0, 8, 0, 0, 0, 0, 8, 0, 0, 0, 0, 8], [8, 4, 4, 4, 4, 8, 0, 0, 0, 0, 8, 0, 0, 0, 0, 8, 0, 0, 0, 0, 8], [8, 8, 4, 4, 8, 8, 8, 0, 0, 8, 8, 8, 0, 0, 8, 8, 8, 0, 0, 8, 8], [0, 8, 8, 8, 8, 0, 8, 8, 8, 8, 0, 8, 8, 8, 8, 0, 8, 8, 8, 8, 0]]}, {"input": [[7, 8, 8, 8, 8, 0, 8, 8, 8, 8, 0, 8, 8, 8, 8, 0], [8, 8, 0, 0, 8, 8, 8, 0, 0, 8, 8, 8, 0, 0, 8, 8], [8, 0, 0, 0, 0, 8, 0, 0, 0, 0, 8, 0, 0, 0, 0, 8], [8, 0, 0, 0, 0, 8, 0, 0, 0, 0, 8, 0, 0, 0, 0, 8], [8, 8, 0, 0, 8, 8, 8, 0, 0, 8, 8, 8, 0, 0, 8, 8], [0, 8, 8, 8, 8, 0, 8, 8, 8, 8, 1, 8, 8, 8, 8, 0], [8, 8, 0, 0, 8, 8, 8, 0, 0, 8, 8, 8, 0, 0, 8, 8], [8, 0, 0, 0, 0, 8, 0, 0, 0, 0, 8, 0, 0, 0, 0, 8], [8, 0, 0, 0, 0, 8, 0, 0, 0, 0, 8, 0, 0, 0, 0, 8], [8, 8, 0, 0, 8, 8, 8, 0, 0, 8, 8, 8, 0, 0, 8, 8], [0, 8, 8, 8, 8, 4, 8, 8, 8, 8, 0, 8, 8, 8, 8, 0], [8, 8, 0, 0, 8, 8, 8, 0, 0, 8, 8, 8, 0, 0, 8, 8], [8, 0, 0, 0, 0, 8, 0, 0, 0, 0, 8, 0, 0, 0, 0, 8], [8, 0, 0, 0, 0, 8, 0, 0, 0, 0, 8, 0, 0, 0, 0, 8], [8, 8, 0, 0, 8, 8, 8, 0, 0, 8, 8, 8, 0, 0, 8, 8], [0, 8, 8, 8, 8, 0, 8, 8, 8, 8, 0, 8, 8, 8, 8, 0]], "output": [[0, 8, 8, 8, 8, 0, 8, 8, 8, 8, 0, 8, 8, 8, 8, 0], [8, 8, 7, 7, 8, 8, 8, 0, 0, 8, 8, 8, 0, 0, 8, 8], [8, 7, 7, 7, 7, 8, 0, 0, 0, 0, 8, 0, 0, 0, 0, 8], [8, 7, 7, 7, 7, 8, 0, 0, 0, 0, 8, 0, 0, 0, 0, 8], [8, 8, 7, 7, 8, 8, 8, 0, 0, 8, 8, 8, 0, 0, 8, 8], [0, 8, 8, 8, 8, 0, 8, 8, 8, 8, 0, 8, 8, 8, 8, 0], [8, 8, 0, 0, 8, 8, 8, 0, 0, 8, 8, 8, 1, 1, 8, 8], [8, 0, 0, 0, 0, 8, 0, 0, 0, 0, 8, 1, 1, 1, 1, 8], [8, 0, 0, 0, 0, 8, 0, 0, 0, 0, 8, 1, 1, 1, 1, 8], [8, 8, 0, 0, 8, 8, 8, 0, 0, 8, 8, 8, 1, 1, 8, 8], [0, 8, 8, 8, 8, 0, 8, 8, 8, 8, 0, 8, 8, 8, 8, 0], [8, 8, 0, 0, 8, 8, 8, 4, 4, 8, 8, 8, 0, 0, 8, 8], [8, 0, 0, 0, 0, 8, 4, 4, 4, 4, 8, 0, 0, 0, 0, 8], [8, 0, 0, 0, 0, 8, 4, 4, 4, 4, 8, 0, 0, 0, 0, 8], [8, 8, 0, 0, 8, 8, 8, 4, 4, 8, 8, 8, 0, 0, 8, 8], [0, 8, 8, 8, 8, 0, 8, 8, 8, 8, 0, 8, 8, 8, 8, 0]]}], "test": [{"input": [[8, 8, 8, 8, 8, 8, 8, 8, 8, 8, 8, 8, 8, 8, 8, 0], [8, 8, 0, 0, 8, 8, 8, 0, 0, 8, 8, 8, 0, 0, 8, 8], [8, 0, 0, 0, 0, 8, 0, 0, 0, 0, 8, 0, 0, 0, 0, 8], [8, 0, 0, 0, 0, 8, 0, 0, 0, 0, 8, 0, 0, 0, 0, 8], [8, 8, 0, 0, 8, 8, 8, 0, 0, 8, 8, 8, 0, 0, 8, 8], [8, 8, 8, 8, 8, 1, 8, 8, 8, 8, 8, 8, 8, 8, 8, 0], [8, 8, 0, 0, 8, 8, 8, 0, 0, 8, 8, 8, 0, 0, 8, 8], [8, 0, 0, 0, 0, 8, 0, 0, 0, 0, 8, 0, 0, 0, 0, 8], [8, 0, 0, 0, 0, 8, 0, 0, 0, 0, 8, 0, 0, 0, 0, 8], [8, 8, 0, 0, 8, 8, 8, 0, 0, 8, 8, 8, 0, 0, 8, 8], [8, 8, 8, 8, 8, 8, 8, 8, 8, 8, 8, 8, 8, 8, 8, 0], [8, 8, 0, 0, 8, 8, 8, 0, 0, 8, 8, 8, 0, 0, 8, 8], [8, 0, 0, 0, 0, 8, 0, 0, 0, 0, 8, 0, 0, 0, 0, 8], [8, 0, 0, 0, 0, 8, 0, 0, 0, 0, 8, 0, 0, 0, 0, 8], [8, 8, 0, 0, 8, 8, 8, 0, 0, 8, 8, 8, 0, 0, 8, 8], [0, 8, 8, 8, 8, 0, 8, 8, 8, 8, 0, 8, 8, 8, 8, 0], [8, 8, 0, 0, 8, 8, 8, 0, 0, 8, 8, 8, 0, 0, 8, 8], [8, 0, 0, 0, 0, 8, 0, 0, 0, 0, 8, 0, 0, 0, 0, 8], [8, 0, 0, 0, 0, 8, 0, 0, 0, 0, 8, 0, 0, 0, 0, 8], [8, 8, 0, 0, 8, 8, 8, 0, 0, 8, 8, 8, 0, 0, 8, 8], [0, 8, 8, 8, 8, 0, 8, 8, 8, 8, 0, 8, 8, 8, 8, 0]], "output": [[0, 8, 8, 8, 8, 0, 8, 8, 8, 8, 0, 8, 8, 8, 8, 0], [8, 8, 8, 8, 8, 8, 8, 8, 8, 8, 8, 8, 8, 8, 8, 8], [8, 8, 8, 8, 8, 8, 8, 8, 8, 8, 8, 8, 8, 8, 8, 8], [8, 8, 8, 8, 8, 8, 8, 8, 8, 8, 8, 8, 8, 8, 8, 8], [8, 8, 8, 8, 8, 8, 8, 8, 8, 8, 8, 8, 8, 8, 8, 8], [0, 8, 8, 8, 8, 0, 8, 8, 8, 8, 0, 8, 8, 8, 8, 0], [8, 8, 8, 8, 8, 8, 8, 1, 1, 8, 8, 8, 8, 8, 8, 8], [8, 8, 8, 8, 8, 8, 1, 1, 1, 1, 8, 8, 8, 8, 8, 8], [8, 8, 8, 8, 8, 8, 1, 1, 1, 1, 8, 8, 8, 8, 8, 8], [8, 8, 8, 8, 8, 8, 8, 1, 1, 8, 8, 8, 8, 8, 8, 8], [0, 8, 8, 8, 8, 0, 8, 8, 8, 8, 0, 8, 8, 8, 8, 0], [8, 8, 8, 8, 8, 8, 8, 8, 8, 8, 8, 8, 8, 8, 8, 8], [8, 8, 8, 8, 8, 8, 8, 8, 8, 8, 8, 8, 8, 8, 8, 8], [8, 8, 8, 8, 8, 8, 8, 8, 8, 8, 8, 8, 8, 8, 8, 8], [8, 8, 8, 8, 8, 8, 8, 8, 8, 8, 8, 8, 8, 8, 8, 8], [0, 8, 8, 8, 8, 0, 8, 8, 8, 8, 0, 8, 8, 8, 8, 0], [8, 8, 0, 0, 8, 8, 8, 0, 0, 8, 8, 8, 0, 0, 8, 8], [8, 0, 0, 0, 0, 8, 0, 0, 0, 0, 8, 0, 0, 0, 0, 8], [8, 0, 0, 0, 0, 8, 0, 0, 0, 0, 8, 0, 0, 0, 0, 8], [8, 8, 0, 0, 8, 8, 8, 0, 0, 8, 8, 8, 0, 0, 8, 8], [0, 8, 8, 8, 8, 0, 8, 8, 8, 8, 0, 8, 8, 8, 8, 0]]}, {"input": [[1, 8, 8, 8, 8, 1, 8, 8, 8, 8, 1, 8, 8, 8, 8, 0], [8, 8, 0, 0, 8, 8, 8, 0, 0, 8, 8, 8, 0, 0, 8, 8], [8, 0, 0, 0, 0, 8, 0, 0, 0, 0, 8, 0, 0, 0, 0, 8], [8, 0, 0, 0, 0, 8, 0, 0, 0, 0, 8, 0, 0, 0, 0, 8], [8, 8, 0, 0, 8, 8, 8, 0, 0, 8, 8, 8, 0, 0, 8, 8], [1, 8, 8, 8, 8, 0, 8, 8, 8, 8, 4, 8, 8, 8, 8, 0], [8, 8, 0, 0, 8, 8, 8, 0, 0, 8, 8, 8, 0, 0, 8, 8], [8, 0, 0, 0, 0, 8, 0, 0, 0, 0, 8, 0, 0, 0, 0, 8], [8, 0, 0, 0, 0, 8, 0, 0, 0, 0, 8, 0, 0, 0, 0, 8], [8, 8, 0, 0, 8, 8, 8, 0, 0, 8, 8, 8, 0, 0, 8, 8], [4, 8, 8, 8, 8, 4, 8, 8, 8, 8, 4, 8, 8, 8, 8, 0], [8, 8, 0, 0, 8, 8, 8, 0, 0, 8, 8, 8, 0, 0, 8, 8], [8, 0, 0, 0, 0, 8, 0, 0, 0, 0, 8, 0, 0, 0, 0, 8], [8, 0, 0, 0, 0, 8, 0, 0, 0, 0, 8, 0, 0, 0, 0, 8], [8, 8, 0, 0, 8, 8, 8, 0, 0, 8, 8, 8, 0, 0, 8, 8], [0, 8, 8, 8, 8, 0, 8, 8, 8, 8, 0, 8, 8, 8, 8, 0]], "output": [[0, 8, 8, 8, 8, 0, 8, 8, 8, 8, 0, 8, 8, 8, 8, 0], [8, 8, 1, 1, 8, 8, 8, 1, 1, 8, 8, 8, 1, 1, 8, 8], [8, 1, 1, 1, 1, 8, 1, 1, 1, 1, 8, 1, 1, 1, 1, 8], [8, 1, 1, 1, 1, 8, 1, 1, 1, 1, 8, 1, 1, 1, 1, 8], [8, 8, 1, 1, 8, 8, 8, 1, 1, 8, 8, 8, 1, 1, 8, 8], [0, 8, 8, 8, 8, 0, 8, 8, 8, 8, 0, 8, 8, 8, 8, 0], [8, 8, 1, 1, 8, 8, 8, 0, 0, 8, 8, 8, 4, 4, 8, 8], [8, 1, 1, 1, 1, 8, 0, 0, 0, 0, 8, 4, 4, 4, 4, 8], [8, 1, 1, 1, 1, 8, 0, 0, 0, 0, 8, 4, 4, 4, 4, 8], [8, 8, 1, 1, 8, 8, 8, 0, 0, 8, 8, 8, 4, 4, 8, 8], [0, 8, 8, 8, 8, 0, 8, 8, 8, 8, 0, 8, 8, 8, 8, 0], [8, 8, 4, 4, 8, 8, 8, 4, 4, 8, 8, 8, 4, 4, 8, 8], [8, 4, 4, 4, 4, 8, 4, 4, 4, 4, 8, 4, 4, 4, 4, 8], [8, 4, 4, 4, 4, 8, 4, 4, 4, 4, 8, 4, 4, 4, 4, 8], [8, 8, 4, 4, 8, 8, 8, 4, 4, 8, 8, 8, 4, 4, 8, 8], [0, 8, 8, 8, 8, 0, 8, 8, 8, 8, 0, 8, 8, 8, 8, 0]]}]}