{"train": [{"input": [[0, 0, 0, 0, 0, 0, 0, 0, 0, 0, 0, 0], [0, 0, 3, 0, 0, 0, 0, 0, 0, 0, 0, 0], [0, 0, 0, 0, 0, 0, 0, 0, 0, 0, 0, 0], [0, 0, 3, 0, 0, 0, 0, 0, 0, 0, 0, 0], [0, 0, 0, 0, 0, 0, 0, 0, 7, 0, 0, 0], [0, 0, 0, 0, 0, 0, 0, 0, 6, 0, 0, 0], [0, 0, 0, 0, 0, 0, 0, 0, 0, 0, 0, 0], [0, 0, 4, 0, 0, 0, 0, 0, 0, 0, 0, 0], [0, 0, 0, 0, 0, 0, 0, 0, 8, 0, 0, 0], [0, 0, 0, 0, 0, 0, 0, 0, 0, 0, 0, 0], [0, 0, 0, 0, 0, 0, 0, 0, 0, 0, 0, 0], [0, 0, 5, 0, 0, 0, 0, 0, 5, 0, 0, 0]], "output": [[0, 0, 3, 0, 0, 0, 0, 0, 7, 0, 0, 0], [0, 0, 3, 0, 0, 0, 0, 0, 7, 0, 0, 0], [0, 0, 3, 0, 0, 0, 0, 0, 7, 0, 0, 0], [0, 0, 3, 0, 0, 0, 0, 0, 7, 0, 0, 0], [0, 0, 4, 0, 0, 0, 0, 0, 7, 0, 0, 0], [0, 0, 4, 0, 0, 0, 0, 0, 6, 0, 0, 0], [0, 0, 4, 0, 0, 0, 0, 0, 8, 0, 0, 0], [0, 0, 4, 0, 0, 0, 0, 0, 8, 0, 0, 0], [0, 0, 5, 0, 0, 0, 0, 0, 8, 0, 0, 0], [0, 0, 5, 0, 0, 0, 0, 0, 5, 0, 0, 0], [0, 0, 5, 0, 0, 0, 0, 0, 5, 0, 0, 0], [0, 0, 5, 0, 0, 0, 0, 0, 5, 0, 0, 0]]}, {"input": [[8, 0, 0, 0, 0, 0, 0, 0, 0, 0, 0, 0, 0], [0, 0, 0, 0, 0, 0, 0, 0, 1, 0, 0, 0, 6], [0, 0, 0, 8, 0, 0, 8, 0, 0, 0, 0, 2, 0], [0, 0, 7, 0, 0, 0, 0, 0, 0, 0, 0, 0, 0], [0, 0, 0, 0, 0, 0, 0, 0, 6, 0, 4, 0, 0], [0, 0, 0, 0, 0, 0, 0, 0, 0, 0, 0, 0, 0], [0, 0, 0, 0, 4, 0, 0, 6, 0, 0, 0, 0, 0], [0, 0, 0, 0, 0, 0, 0, 0, 0, 1, 0, 0, 0], [0, 0, 0, 0, 0, 0, 3, 0, 0, 0, 0, 0, 0], [0, 3, 0, 0, 0, 0, 0, 0, 0, 0, 0, 0, 0], [0, 0, 0, 0, 8, 0, 0, 0, 6, 0, 0, 0, 2], [0, 0, 0, 0, 0, 0, 0, 0, 0, 0, 0, 0, 0], [0, 0, 0, 0, 5, 0, 0, 0, 5, 0, 0, 0, 0]], "output": [[8, 0, 0, 0, 4, 0, 0, 0, 1, 0, 0, 0, 0], [0, 0, 0, 0, 4, 0, 0, 0, 1, 0, 0, 0, 6], [0, 0, 0, 8, 4, 0, 8, 0, 6, 0, 0, 2, 0], [0, 0, 7, 0, 4, 0, 0, 0, 6, 0, 0, 0, 0], [0, 0, 0, 0, 4, 0, 0, 0, 6, 0, 4, 0, 0], [0, 0, 0, 0, 4, 0, 0, 0, 6, 0, 0, 0, 0], [0, 0, 0, 0, 4, 0, 0, 6, 6, 0, 0, 0, 0], [0, 0, 0, 0, 8, 0, 0, 0, 6, 1, 0, 0, 0], [0, 0, 0, 0, 8, 0, 3, 0, 6, 0, 0, 0, 0], [0, 3, 0, 0, 8, 0, 0, 0, 6, 0, 0, 0, 0], [0, 0, 0, 0, 8, 0, 0, 0, 6, 0, 0, 0, 2], [0, 0, 0, 0, 5, 0, 0, 0, 5, 0, 0, 0, 0], [0, 0, 0, 0, 5, 0, 0, 0, 5, 0, 0, 0, 0]]}, {"input": [[0, 0, 0, 0, 0, 0, 0], [0, 0, 0, 0, 0, 0, 0], [0, 0, 0, 0, 0, 0, 0], [0, 0, 0, 6, 0, 0, 0], [0, 0, 0, 0, 0, 0, 0], [0, 0, 0, 0, 0, 0, 0], [0, 0, 0, 5, 0, 0, 0]], "output": [[0, 0, 0, 6, 0, 0, 0], [0, 0, 0, 6, 0, 0, 0], [0, 0, 0, 6, 0, 0, 0], [0, 0, 0, 6, 0, 0, 0], [0, 0, 0, 5, 0, 0, 0], [0, 0, 0, 5, 0, 0, 0], [0, 0, 0, 5, 0, 0, 0]]}, {"input": [[0, 4, 0, 0, 8, 0, 0, 0, 0, 0, 0, 0, 0, 0, 0, 0, 0], [0, 0, 0, 0, 0, 9, 0, 0, 0, 7, 0, 0, 0, 0, 0, 4, 0], [0, 0, 0, 0, 0, 1, 0, 0, 0, 0, 0, 0, 0, 0, 0, 0, 0], [0, 0, 3, 0, 0, 0, 0, 0, 0, 0, 4, 0, 0, 0, 0, 0, 0], [0, 0, 0, 0, 0, 0, 0, 0, 0, 0, 0, 0, 0, 0, 9, 0, 0], [0, 0, 0, 0, 0, 0, 0, 0, 0, 0, 0, 0, 0, 0, 0, 0, 7], [7, 0, 0, 0, 0, 0, 0, 9, 0, 0, 0, 0, 0, 0, 0, 0, 9], [0, 0, 0, 3, 0, 0, 0, 0, 0, 0, 0, 0, 0, 0, 0, 0, 0], [0, 2, 0, 0, 0, 0, 0, 0, 0, 0, 3, 0, 0, 0, 0, 4, 0], [6, 0, 0, 0, 0, 0, 0, 0, 0, 0, 0, 0, 0, 0, 0, 0, 0], [0, 0, 0, 0, 0, 2, 0, 0, 0, 0, 0, 0, 0, 0, 0, 0, 0], [0, 0, 0, 0, 0, 0, 0, 0, 0, 0, 4, 0, 0, 0, 0, 0, 6], [0, 0, 0, 0, 0, 0, 0, 0, 0, 0, 0, 2, 0, 0, 0, 0, 0], [0, 8, 0, 0, 0, 2, 0, 0, 0, 0, 7, 0, 0, 0, 6, 0, 0], [0, 0, 6, 0, 0, 0, 0, 0, 0, 4, 0, 0, 0, 0, 0, 0, 0], [0, 0, 0, 0, 0, 0, 0, 0, 0, 0, 0, 0, 0, 0, 0, 0, 0], [0, 0, 0, 0, 0, 5, 0, 0, 0, 5, 0, 0, 0, 0, 5, 0, 0]], "output": [[0, 4, 0, 0, 8, 9, 0, 0, 0, 7, 0, 0, 0, 0, 9, 0, 0], [0, 0, 0, 0, 0, 9, 0, 0, 0, 7, 0, 0, 0, 0, 9, 4, 0], [0, 0, 0, 0, 0, 1, 0, 0, 0, 4, 0, 0, 0, 0, 9, 0, 0], [0, 0, 3, 0, 0, 2, 0, 0, 0, 4, 4, 0, 0, 0, 9, 0, 0], [0, 0, 0, 0, 0, 2, 0, 0, 0, 4, 0, 0, 0, 0, 9, 0, 0], [0, 0, 0, 0, 0, 2, 0, 0, 0, 4, 0, 0, 0, 0, 6, 0, 7], [7, 0, 0, 0, 0, 2, 0, 9, 0, 4, 0, 0, 0, 0, 6, 0, 9], [0, 0, 0, 3, 0, 2, 0, 0, 0, 4, 0, 0, 0, 0, 6, 0, 0], [0, 2, 0, 0, 0, 2, 0, 0, 0, 4, 3, 0, 0, 0, 6, 4, 0], [6, 0, 0, 0, 0, 2, 0, 0, 0, 4, 0, 0, 0, 0, 6, 0, 0], [0, 0, 0, 0, 0, 2, 0, 0, 0, 4, 0, 0, 0, 0, 6, 0, 0], [0, 0, 0, 0, 0, 2, 0, 0, 0, 4, 4, 0, 0, 0, 6, 0, 6], [0, 0, 0, 0, 0, 2, 0, 0, 0, 4, 0, 2, 0, 0, 6, 0, 0], [0, 8, 0, 0, 0, 2, 0, 0, 0, 4, 7, 0, 0, 0, 6, 0, 0], [0, 0, 6, 0, 0, 5, 0, 0, 0, 4, 0, 0, 0, 0, 5, 0, 0], [0, 0, 0, 0, 0, 5, 0, 0, 0, 5, 0, 0, 0, 0, 5, 0, 0], [0, 0, 0, 0, 0, 5, 0, 0, 0, 5, 0, 0, 0, 0, 5, 0, 0]]}], "test": [{"input": [[0, 0, 0, 0, 2, 3, 0, 9, 0, 4, 0, 0, 0, 3, 0, 0, 8], [0, 0, 3, 0, 0, 0, 4, 4, 0, 0, 0, 0, 0, 0, 0, 0, 0], [0, 0, 0, 0, 0, 0, 0, 0, 0, 0, 0, 0, 0, 0, 0, 0, 0], [0, 0, 0, 0, 0, 0, 0, 0, 0, 0, 0, 0, 0, 0, 0, 0, 0], [0, 0, 0, 0, 0, 0, 0, 1, 8, 0, 0, 0, 9, 4, 9, 0, 0], [0, 0, 0, 6, 0, 0, 0, 0, 1, 0, 1, 0, 6, 0, 0, 0, 7], [0, 0, 0, 0, 0, 8, 0, 0, 0, 0, 1, 3, 0, 0, 0, 0, 0], [0, 0, 0, 0, 7, 0, 3, 0, 0, 3, 0, 0, 0, 0, 4, 0, 0], [0, 0, 4, 0, 0, 0, 0, 0, 0, 0, 0, 0, 0, 0, 0, 0, 0], [0, 0, 0, 2, 0, 0, 1, 9, 0, 0, 0, 7, 0, 0, 1, 2, 0], [0, 0, 0, 3, 0, 0, 0, 0, 0, 0, 0, 0, 0, 0, 0, 0, 0], [0, 4, 0, 4, 0, 0, 0, 0, 1, 0, 0, 0, 0, 0, 0, 0, 0], [0, 0, 0, 0, 0, 0, 0, 0, 0, 0, 9, 0, 0, 0, 3, 0, 0], [0, 0, 0, 0, 0, 0, 0, 3, 0, 0, 0, 0, 0, 2, 0, 0, 0], [0, 0, 0, 1, 0, 0, 0, 0, 6, 0, 0, 4, 9, 0, 3, 0, 3], [0, 0, 0, 0, 0, 0, 0, 0, 0, 0, 0, 0, 0, 0, 1, 0, 0], [0, 0, 0, 0, 0, 5, 0, 0, 5, 0, 0, 5, 0, 0, 0, 0, 0]], "output": [[0, 0, 0, 0, 2, 3, 0, 9, 8, 4, 0, 3, 0, 3, 0, 0, 8], [0, 0, 3, 0, 0, 8, 4, 4, 8, 0, 0, 3, 0, 0, 0, 0, 0], [0, 0, 0, 0, 0, 8, 0, 0, 8, 0, 0, 3, 0, 0, 0, 0, 0], [0, 0, 0, 0, 0, 8, 0, 0, 8, 0, 0, 3, 0, 0, 0, 0, 0], [0, 0, 0, 0, 0, 8, 0, 1, 8, 0, 0, 3, 9, 4, 9, 0, 0], [0, 0, 0, 6, 0, 8, 0, 0, 1, 0, 1, 3, 6, 0, 0, 0, 7], [0, 0, 0, 0, 0, 8, 0, 0, 1, 0, 1, 3, 0, 0, 0, 0, 0], [0, 0, 0, 0, 7, 5, 3, 0, 1, 3, 0, 7, 0, 0, 4, 0, 0], [0, 0, 4, 0, 0, 5, 0, 0, 1, 0, 0, 7, 0, 0, 0, 0, 0], [0, 0, 0, 2, 0, 5, 1, 9, 1, 0, 0, 7, 0, 0, 1, 2, 0], [0, 0, 0, 3, 0, 5, 0, 0, 1, 0, 0, 4, 0, 0, 0, 0, 0], [0, 4, 0, 4, 0, 5, 0, 0, 1, 0, 0, 4, 0, 0, 0, 0, 0], [0, 0, 0, 0, 0, 5, 0, 0, 6, 0, 9, 4, 0, 0, 3, 0, 0], [0, 0, 0, 0, 0, 5, 0, 3, 6, 0, 0, 4, 0, 2, 0, 0, 0], [0, 0, 0, 1, 0, 5, 0, 0, 6, 0, 0, 4, 9, 0, 3, 0, 3], [0, 0, 0, 0, 0, 5, 0, 0, 5, 0, 0, 5, 0, 0, 1, 0, 0], [0, 0, 0, 0, 0, 5, 0, 0, 5, 0, 0, 5, 0, 0, 0, 0, 0]]}]}