{"train": [{"input": [[5, 5, 5, 5, 5, 5, 0, 0, 0], [0, 0, 0, 5, 0, 5, 0, 0, 0], [0, 0, 0, 5, 5, 5, 5, 5, 5]], "output": [[6, 6, 6, 3, 3, 3, 1, 1, 1], [6, 6, 6, 3, 3, 3, 1, 1, 1], [6, 6, 6, 3, 3, 3, 1, 1, 1]]}, {"input": [[0, 0, 5, 0, 0, 0, 0, 0, 0], [0, 5, 0, 0, 0, 0, 0, 5, 0], [5, 0, 0, 5, 5, 5, 0, 0, 0]], "output": [[9, 9, 9, 1, 1, 1, 4, 4, 4], [9, 9, 9, 1, 1, 1, 4, 4, 4], [9, 9, 9, 1, 1, 1, 4, 4, 4]]}, {"input": [[0, 0, 0, 5, 5, 5, 5, 5, 5], [0, 5, 0, 0, 0, 0, 5, 0, 5], [0, 0, 0, 0, 0, 0, 5, 5, 5]], "output": [[4, 4, 4, 6, 6, 6, 3, 3, 3], [4, 4, 4, 6, 6, 6, 3, 3, 3], [4, 4, 4, 6, 6, 6, 3, 3, 3]]}, {"input": [[5, 5, 5, 0, 0, 0, 0, 0, 5], [5, 0, 5, 0, 5, 0, 0, 5, 0], [5, 5, 5, 0, 0, 0, 5, 0, 0]], "output": [[3, 3, 3, 4, 4, 4, 9, 9, 9], [3, 3, 3, 4, 4, 4, 9, 9, 9], [3, 3, 3, 4, 4, 4, 9, 9, 9]]}], "test": [{"input": [[0, 0, 0, 0, 0, 5, 5, 5, 5], [0, 0, 0, 0, 5, 0, 0, 0, 0], [5, 5, 5, 5, 0, 0, 0, 0, 0]], "output": [[1, 1, 1, 9, 9, 9, 6, 6, 6], [1, 1, 1, 9, 9, 9, 6, 6, 6], [1, 1, 1, 9, 9, 9, 6, 6, 6]]}]}