{"train": [{"input": [[0, 3, 0, 7, 7, 7, 7, 7, 7, 7, 7, 7], [7, 3, 3, 3, 3, 3, 3, 3, 3, 3, 3, 3], [7, 7, 7, 7, 7, 7, 7, 7, 7, 7, 7, 5], [7, 7, 7, 7, 7, 7, 7, 7, 7, 7, 7, 7], [7, 7, 7, 7, 7, 7, 7, 7, 7, 7, 7, 7], [0, 7, 7, 7, 7, 7, 7, 7, 7, 7, 7, 7], [3, 3, 7, 7, 7, 7, 7, 7, 7, 7, 7, 7], [0, 3, 7, 7, 7, 7, 7, 7, 7, 7, 7, 0], [7, 3, 7, 7, 7, 7, 7, 7, 7, 7, 3, 3], [7, 3, 7, 7, 7, 7, 7, 7, 7, 7, 3, 0], [7, 3, 7, 7, 7, 7, 7, 7, 7, 7, 3, 7], [7, 7, 5, 7, 7, 7, 7, 7, 7, 5, 3, 7]], "output": [[0, 3, 0, 7, 7, 7, 7, 7, 7, 7, 7, 7], [7, 5, 7, 7, 7, 7, 7, 7, 7, 7, 7, 7], [7, 7, 7, 7, 7, 7, 7, 7, 7, 7, 7, 7], [7, 7, 7, 7, 7, 7, 7, 7, 7, 7, 7, 7], [7, 7, 7, 7, 7, 7, 7, 7, 7, 7, 7, 7], [0, 7, 7, 7, 7, 7, 7, 7, 7, 7, 7, 7], [3, 3, 7, 7, 7, 7, 7, 7, 7, 7, 7, 7], [0, 3, 7, 7, 7, 7, 7, 7, 7, 7, 7, 0], [7, 3, 7, 7, 7, 7, 7, 7, 7, 7, 5, 3], [7, 3, 7, 7, 7, 7, 7, 7, 7, 7, 7, 0], [7, 3, 7, 7, 7, 7, 7, 7, 7, 7, 7, 7], [7, 7, 5, 7, 7, 7, 7, 7, 7, 7, 7, 7]]}, {"input": [[7, 7, 7, 7, 7, 7, 7, 7, 7], [0, 7, 7, 7, 7, 7, 7, 7, 7], [3, 3, 3, 7, 7, 7, 7, 7, 7], [0, 7, 3, 7, 7, 7, 7, 7, 7], [7, 7, 3, 7, 7, 7, 7, 7, 7], [7, 7, 3, 7, 7, 7, 7, 7, 7], [7, 7, 3, 7, 7, 7, 7, 7, 7], [7, 7, 3, 7, 7, 7, 7, 7, 7], [7, 7, 3, 5, 7, 7, 7, 7, 7]], "output": [[7, 7, 7, 7, 7, 7, 7, 7, 7], [0, 7, 7, 7, 7, 7, 7, 7, 7], [3, 5, 7, 7, 7, 7, 7, 7, 7], [0, 7, 7, 7, 7, 7, 7, 7, 7], [7, 7, 7, 7, 7, 7, 7, 7, 7], [7, 7, 7, 7, 7, 7, 7, 7, 7], [7, 7, 7, 7, 7, 7, 7, 7, 7], [7, 7, 7, 7, 7, 7, 7, 7, 7], [7, 7, 7, 7, 7, 7, 7, 7, 7]]}, {"input": [[5, 3, 7, 0, 3, 0, 7, 7, 7, 7, 7, 7, 7], [7, 3, 7, 7, 3, 3, 3, 3, 3, 7, 7, 7, 7], [7, 3, 7, 7, 7, 7, 7, 7, 7, 7, 7, 7, 5], [7, 3, 7, 7, 7, 7, 7, 7, 7, 7, 7, 7, 7], [0, 3, 7, 7, 7, 7, 7, 7, 7, 7, 7, 7, 7], [3, 3, 7, 7, 7, 7, 7, 7, 7, 7, 7, 7, 7], [0, 7, 7, 7, 7, 7, 7, 7, 7, 7, 7, 7, 7], [7, 7, 7, 7, 7, 7, 7, 7, 7, 7, 7, 7, 7], [7, 7, 7, 7, 7, 7, 7, 7, 7, 7, 7, 7, 7], [7, 7, 7, 7, 7, 7, 7, 7, 7, 7, 7, 7, 7], [0, 7, 7, 7, 7, 7, 7, 7, 7, 7, 7, 7, 5], [3, 3, 7, 7, 7, 7, 3, 3, 3, 3, 3, 7, 7], [0, 3, 5, 7, 7, 0, 3, 0, 7, 7, 7, 7, 7]], "output": [[7, 7, 7, 0, 3, 0, 7, 7, 7, 7, 7, 7, 7], [7, 7, 7, 7, 3, 3, 3, 3, 3, 7, 7, 7, 7], [7, 7, 7, 7, 7, 7, 7, 7, 7, 7, 7, 7, 5], [7, 7, 7, 7, 7, 7, 7, 7, 7, 7, 7, 7, 7], [0, 7, 7, 7, 7, 7, 7, 7, 7, 7, 7, 7, 7], [3, 5, 7, 7, 7, 7, 7, 7, 7, 7, 7, 7, 7], [0, 7, 7, 7, 7, 7, 7, 7, 7, 7, 7, 7, 7], [7, 7, 7, 7, 7, 7, 7, 7, 7, 7, 7, 7, 7], [7, 7, 7, 7, 7, 7, 7, 7, 7, 7, 7, 7, 7], [7, 7, 7, 7, 7, 7, 7, 7, 7, 7, 7, 7, 7], [0, 7, 7, 7, 7, 7, 7, 7, 7, 7, 7, 7, 5], [3, 5, 7, 7, 7, 7, 3, 3, 3, 3, 3, 7, 7], [0, 7, 7, 7, 7, 0, 3, 0, 7, 7, 7, 7, 7]]}], "test": [{"input": [[7, 3, 5, 7, 7, 7, 7, 7, 7, 7, 0, 3, 0, 7], [7, 3, 7, 7, 7, 7, 7, 7, 7, 7, 7, 3, 3, 3], [7, 3, 7, 7, 7, 7, 7, 7, 7, 7, 7, 7, 7, 5], [7, 3, 7, 7, 7, 7, 7, 7, 7, 7, 7, 7, 7, 7], [7, 3, 7, 7, 7, 7, 7, 7, 7, 7, 7, 7, 7, 7], [0, 3, 7, 7, 7, 7, 7, 7, 7, 7, 7, 7, 7, 7], [3, 3, 7, 7, 7, 7, 7, 7, 7, 7, 7, 7, 7, 7], [0, 7, 7, 7, 7, 7, 7, 7, 7, 7, 7, 7, 7, 7], [7, 7, 7, 7, 7, 7, 7, 7, 7, 7, 7, 7, 7, 7], [7, 7, 7, 7, 7, 7, 7, 7, 7, 7, 7, 7, 7, 7], [0, 7, 7, 7, 7, 7, 7, 7, 7, 7, 7, 7, 7, 7], [3, 3, 7, 7, 7, 7, 7, 7, 7, 7, 7, 7, 7, 7], [0, 3, 7, 7, 7, 7, 7, 7, 7, 7, 3, 3, 7, 7], [7, 7, 5, 7, 7, 7, 7, 7, 7, 0, 3, 0, 7, 5]], "output": [[7, 7, 7, 7, 7, 7, 7, 7, 7, 7, 0, 3, 0, 7], [7, 7, 7, 7, 7, 7, 7, 7, 7, 7, 7, 5, 7, 7], [7, 7, 7, 7, 7, 7, 7, 7, 7, 7, 7, 7, 7, 7], [7, 7, 7, 7, 7, 7, 7, 7, 7, 7, 7, 7, 7, 7], [7, 7, 7, 7, 7, 7, 7, 7, 7, 7, 7, 7, 7, 7], [0, 7, 7, 7, 7, 7, 7, 7, 7, 7, 7, 7, 7, 7], [3, 5, 7, 7, 7, 7, 7, 7, 7, 7, 7, 7, 7, 7], [0, 7, 7, 7, 7, 7, 7, 7, 7, 7, 7, 7, 7, 7], [7, 7, 7, 7, 7, 7, 7, 7, 7, 7, 7, 7, 7, 7], [7, 7, 7, 7, 7, 7, 7, 7, 7, 7, 7, 7, 7, 7], [0, 7, 7, 7, 7, 7, 7, 7, 7, 7, 7, 7, 7, 7], [3, 3, 7, 7, 7, 7, 7, 7, 7, 7, 7, 7, 7, 7], [0, 3, 7, 7, 7, 7, 7, 7, 7, 7, 3, 3, 7, 7], [7, 7, 5, 7, 7, 7, 7, 7, 7, 0, 3, 0, 7, 5]]}]}