{"train": [{"input": [[0, 0, 0, 0, 0, 0, 0, 0, 0, 0, 0, 0, 0, 0, 0], [0, 2, 2, 2, 2, 2, 0, 2, 2, 2, 2, 2, 0, 0, 0], [0, 2, 0, 2, 0, 2, 0, 2, 0, 2, 0, 2, 0, 0, 0], [0, 2, 2, 2, 2, 2, 0, 2, 2, 2, 2, 2, 0, 0, 0], [0, 2, 0, 2, 2, 2, 0, 2, 0, 2, 2, 2, 0, 0, 0], [0, 2, 2, 2, 2, 2, 0, 2, 2, 2, 2, 2, 0, 0, 0], [0, 2, 0, 2, 0, 2, 0, 2, 0, 2, 0, 2, 0, 0, 0], [0, 2, 2, 2, 2, 2, 0, 2, 2, 2, 2, 2, 0, 0, 0], [0, 0, 0, 0, 0, 0, 0, 0, 0, 0, 0, 0, 0, 0, 0], [0, 2, 2, 2, 2, 2, 0, 2, 2, 2, 2, 2, 0, 0, 0], [0, 2, 0, 2, 0, 2, 0, 2, 0, 2, 0, 2, 0, 0, 0], [0, 2, 2, 2, 2, 2, 0, 2, 2, 2, 2, 2, 0, 0, 0], [0, 2, 0, 2, 2, 2, 0, 2, 0, 2, 2, 2, 0, 0, 0], [0, 2, 2, 2, 2, 2, 0, 2, 2, 2, 2, 2, 0, 0, 0], [0, 2, 0, 2, 0, 2, 0, 2, 0, 2, 0, 2, 0, 0, 0], [0, 2, 2, 2, 2, 2, 0, 2, 2, 2, 2, 2, 0, 0, 0], [0, 0, 0, 0, 0, 0, 0, 0, 0, 0, 0, 0, 0, 0, 0], [0, 2, 2, 2, 2, 2, 0, 2, 2, 2, 2, 2, 0, 0, 0], [0, 2, 3, 2, 1, 2, 0, 2, 0, 2, 0, 2, 0, 0, 0], [0, 2, 2, 2, 2, 2, 0, 2, 2, 2, 2, 2, 0, 0, 0], [0, 2, 4, 2, 2, 2, 0, 2, 0, 2, 2, 2, 0, 0, 0], [0, 2, 2, 2, 2, 2, 0, 2, 2, 2, 2, 2, 0, 0, 0], [0, 2, 3, 2, 1, 2, 0, 2, 0, 2, 0, 2, 0, 0, 0], [0, 2, 2, 2, 2, 2, 0, 2, 2, 2, 2, 2, 0, 0, 0], [0, 0, 0, 0, 0, 0, 0, 0, 0, 0, 0, 0, 0, 0, 0], [0, 0, 0, 0, 0, 0, 0, 0, 0, 0, 0, 0, 0, 0, 0], [0, 0, 0, 0, 0, 0, 0, 0, 0, 0, 0, 0, 0, 0, 0]], "output": [[3, 3, 3, 3, 3, 2, 1, 1, 1, 1, 1], [3, 2, 3, 2, 3, 2, 1, 2, 1, 2, 1], [3, 3, 3, 3, 3, 2, 1, 1, 1, 1, 1], [3, 2, 3, 3, 3, 2, 1, 2, 1, 1, 1], [3, 3, 3, 3, 3, 2, 1, 1, 1, 1, 1], [3, 2, 3, 2, 3, 2, 1, 2, 1, 2, 1], [3, 3, 3, 3, 3, 2, 1, 1, 1, 1, 1], [2, 2, 2, 2, 2, 2, 2, 2, 2, 2, 2], [4, 4, 4, 4, 4, 2, 2, 2, 2, 2, 2], [4, 2, 4, 2, 4, 2, 2, 2, 2, 2, 2], [4, 4, 4, 4, 4, 2, 2, 2, 2, 2, 2], [4, 2, 4, 4, 4, 2, 2, 2, 2, 2, 2], [4, 4, 4, 4, 4, 2, 2, 2, 2, 2, 2], [4, 2, 4, 2, 4, 2, 2, 2, 2, 2, 2], [4, 4, 4, 4, 4, 2, 2, 2, 2, 2, 2], [2, 2, 2, 2, 2, 2, 2, 2, 2, 2, 2], [3, 3, 3, 3, 3, 2, 1, 1, 1, 1, 1], [3, 2, 3, 2, 3, 2, 1, 2, 1, 2, 1], [3, 3, 3, 3, 3, 2, 1, 1, 1, 1, 1], [3, 2, 3, 3, 3, 2, 1, 2, 1, 1, 1], [3, 3, 3, 3, 3, 2, 1, 1, 1, 1, 1], [3, 2, 3, 2, 3, 2, 1, 2, 1, 2, 1], [3, 3, 3, 3, 3, 2, 1, 1, 1, 1, 1]]}, {"input": [[0, 0, 0, 0, 0, 0, 0, 0, 0, 0, 0, 0, 0, 0, 0, 0, 0, 0, 0], [0, 0, 0, 0, 0, 0, 0, 0, 0, 0, 0, 0, 0, 0, 0, 0, 0, 0, 0], [0, 0, 1, 1, 1, 1, 1, 0, 1, 1, 1, 1, 1, 0, 0, 0, 0, 0, 0], [0, 0, 1, 0, 1, 0, 1, 0, 1, 0, 1, 0, 1, 0, 0, 0, 0, 0, 0], [0, 0, 1, 1, 1, 1, 1, 0, 1, 1, 1, 1, 1, 0, 0, 0, 0, 0, 0], [0, 0, 1, 0, 1, 1, 1, 0, 1, 0, 1, 1, 1, 0, 0, 0, 0, 0, 0], [0, 0, 1, 1, 1, 1, 1, 0, 1, 1, 1, 1, 1, 0, 0, 0, 0, 0, 0], [0, 0, 0, 0, 0, 0, 0, 0, 0, 0, 0, 0, 0, 0, 0, 0, 0, 0, 0], [0, 0, 1, 1, 1, 1, 1, 0, 1, 1, 1, 1, 1, 0, 0, 0, 0, 0, 0], [0, 0, 1, 0, 1, 0, 1, 0, 1, 2, 1, 8, 1, 0, 0, 0, 0, 0, 0], [0, 0, 1, 1, 1, 1, 1, 0, 1, 1, 1, 1, 1, 0, 0, 0, 0, 0, 0], [0, 0, 1, 0, 1, 1, 1, 0, 1, 4, 1, 1, 1, 0, 0, 0, 0, 0, 0], [0, 0, 1, 1, 1, 1, 1, 0, 1, 1, 1, 1, 1, 0, 0, 0, 0, 0, 0], [0, 0, 0, 0, 0, 0, 0, 0, 0, 0, 0, 0, 0, 0, 0, 0, 0, 0, 0], [0, 0, 0, 0, 0, 0, 0, 0, 0, 0, 0, 0, 0, 0, 0, 0, 0, 0, 0], [0, 0, 0, 0, 0, 0, 0, 0, 0, 0, 0, 0, 0, 0, 0, 0, 0, 0, 0], [0, 0, 0, 0, 0, 0, 0, 0, 0, 0, 0, 0, 0, 0, 0, 0, 0, 0, 0]], "output": [[2, 2, 2, 2, 2, 1, 8, 8, 8, 8, 8], [2, 1, 2, 1, 2, 1, 8, 1, 8, 1, 8], [2, 2, 2, 2, 2, 1, 8, 8, 8, 8, 8], [2, 1, 2, 2, 2, 1, 8, 1, 8, 8, 8], [2, 2, 2, 2, 2, 1, 8, 8, 8, 8, 8], [1, 1, 1, 1, 1, 1, 1, 1, 1, 1, 1], [4, 4, 4, 4, 4, 1, 1, 1, 1, 1, 1], [4, 1, 4, 1, 4, 1, 1, 1, 1, 1, 1], [4, 4, 4, 4, 4, 1, 1, 1, 1, 1, 1], [4, 1, 4, 4, 4, 1, 1, 1, 1, 1, 1], [4, 4, 4, 4, 4, 1, 1, 1, 1, 1, 1]]}], "test": [{"input": [[0, 0, 0, 0, 0, 0, 0, 0, 0, 0, 0, 0, 0, 0, 0, 0, 0, 0, 0, 0, 0, 0, 0, 0, 0], [0, 8, 8, 8, 8, 8, 8, 8, 0, 8, 8, 8, 8, 8, 8, 8, 0, 8, 8, 8, 8, 8, 8, 8, 0], [0, 8, 0, 8, 8, 8, 0, 8, 0, 8, 0, 8, 8, 8, 0, 8, 0, 8, 4, 8, 8, 8, 3, 8, 0], [0, 8, 8, 8, 8, 8, 8, 8, 0, 8, 8, 8, 8, 8, 8, 8, 0, 8, 8, 8, 8, 8, 8, 8, 0], [0, 8, 0, 8, 0, 8, 8, 8, 0, 8, 0, 8, 0, 8, 8, 8, 0, 8, 2, 8, 3, 8, 8, 8, 0], [0, 8, 8, 8, 8, 8, 8, 8, 0, 8, 8, 8, 8, 8, 8, 8, 0, 8, 8, 8, 8, 8, 8, 8, 0], [0, 0, 0, 0, 0, 0, 0, 0, 0, 0, 0, 0, 0, 0, 0, 0, 0, 0, 0, 0, 0, 0, 0, 0, 0], [0, 8, 8, 8, 8, 8, 8, 8, 0, 8, 8, 8, 8, 8, 8, 8, 0, 8, 8, 8, 8, 8, 8, 8, 0], [0, 8, 0, 8, 8, 8, 0, 8, 0, 8, 0, 8, 8, 8, 0, 8, 0, 8, 0, 8, 8, 8, 0, 8, 0], [0, 8, 8, 8, 8, 8, 8, 8, 0, 8, 8, 8, 8, 8, 8, 8, 0, 8, 8, 8, 8, 8, 8, 8, 0], [0, 8, 0, 8, 0, 8, 8, 8, 0, 8, 0, 8, 0, 8, 8, 8, 0, 8, 0, 8, 0, 8, 8, 8, 0], [0, 8, 8, 8, 8, 8, 8, 8, 0, 8, 8, 8, 8, 8, 8, 8, 0, 8, 8, 8, 8, 8, 8, 8, 0], [0, 0, 0, 0, 0, 0, 0, 0, 0, 0, 0, 0, 0, 0, 0, 0, 0, 0, 0, 0, 0, 0, 0, 0, 0], [0, 0, 0, 0, 0, 0, 0, 0, 0, 0, 0, 0, 0, 0, 0, 0, 0, 0, 0, 0, 0, 0, 0, 0, 0], [0, 0, 0, 0, 0, 0, 0, 0, 0, 0, 0, 0, 0, 0, 0, 0, 0, 0, 0, 0, 0, 0, 0, 0, 0], [0, 0, 0, 0, 0, 0, 0, 0, 0, 0, 0, 0, 0, 0, 0, 0, 0, 0, 0, 0, 0, 0, 0, 0, 0]], "output": [[4, 4, 4, 4, 4, 4, 4, 8, 8, 8, 8, 8, 8, 8, 8, 8, 3, 3, 3, 3, 3, 3, 3], [4, 8, 4, 4, 4, 8, 4, 8, 8, 8, 8, 8, 8, 8, 8, 8, 3, 8, 3, 3, 3, 8, 3], [4, 4, 4, 4, 4, 4, 4, 8, 8, 8, 8, 8, 8, 8, 8, 8, 3, 3, 3, 3, 3, 3, 3], [4, 8, 4, 8, 4, 4, 4, 8, 8, 8, 8, 8, 8, 8, 8, 8, 3, 8, 3, 8, 3, 3, 3], [4, 4, 4, 4, 4, 4, 4, 8, 8, 8, 8, 8, 8, 8, 8, 8, 3, 3, 3, 3, 3, 3, 3], [8, 8, 8, 8, 8, 8, 8, 8, 8, 8, 8, 8, 8, 8, 8, 8, 8, 8, 8, 8, 8, 8, 8], [2, 2, 2, 2, 2, 2, 2, 8, 3, 3, 3, 3, 3, 3, 3, 8, 8, 8, 8, 8, 8, 8, 8], [2, 8, 2, 2, 2, 8, 2, 8, 3, 8, 3, 3, 3, 8, 3, 8, 8, 8, 8, 8, 8, 8, 8], [2, 2, 2, 2, 2, 2, 2, 8, 3, 3, 3, 3, 3, 3, 3, 8, 8, 8, 8, 8, 8, 8, 8], [2, 8, 2, 8, 2, 2, 2, 8, 3, 8, 3, 8, 3, 3, 3, 8, 8, 8, 8, 8, 8, 8, 8], [2, 2, 2, 2, 2, 2, 2, 8, 3, 3, 3, 3, 3, 3, 3, 8, 8, 8, 8, 8, 8, 8, 8]]}, {"input": [[0, 0, 0, 0, 0, 0, 0, 0, 0, 0, 0, 0, 0, 0, 0, 0, 0, 0, 0, 0, 0, 0, 0, 0, 0, 0, 0], [0, 0, 3, 3, 3, 3, 3, 3, 3, 0, 3, 3, 3, 3, 3, 3, 3, 0, 3, 3, 3, 3, 3, 3, 3, 0, 0], [0, 0, 3, 0, 3, 0, 3, 3, 3, 0, 3, 0, 3, 0, 3, 3, 3, 0, 3, 0, 3, 0, 3, 3, 3, 0, 0], [0, 0, 3, 3, 3, 3, 3, 3, 3, 0, 3, 3, 3, 3, 3, 3, 3, 0, 3, 3, 3, 3, 3, 3, 3, 0, 0], [0, 0, 3, 3, 3, 3, 3, 0, 3, 0, 3, 3, 3, 3, 3, 0, 3, 0, 3, 3, 3, 3, 3, 0, 3, 0, 0], [0, 0, 3, 3, 3, 3, 3, 3, 3, 0, 3, 3, 3, 3, 3, 3, 3, 0, 3, 3, 3, 3, 3, 3, 3, 0, 0], [0, 0, 3, 3, 3, 0, 3, 0, 3, 0, 3, 3, 3, 0, 3, 0, 3, 0, 3, 3, 3, 0, 3, 0, 3, 0, 0], [0, 0, 3, 3, 3, 3, 3, 3, 3, 0, 3, 3, 3, 3, 3, 3, 3, 0, 3, 3, 3, 3, 3, 3, 3, 0, 0], [0, 0, 0, 0, 0, 0, 0, 0, 0, 0, 0, 0, 0, 0, 0, 0, 0, 0, 0, 0, 0, 0, 0, 0, 0, 0, 0], [0, 0, 3, 3, 3, 3, 3, 3, 3, 0, 3, 3, 3, 3, 3, 3, 3, 0, 3, 3, 3, 3, 3, 3, 3, 0, 0], [0, 0, 3, 0, 3, 0, 3, 3, 3, 0, 3, 4, 3, 4, 3, 3, 3, 0, 3, 0, 3, 0, 3, 3, 3, 0, 0], [0, 0, 3, 3, 3, 3, 3, 3, 3, 0, 3, 3, 3, 3, 3, 3, 3, 0, 3, 3, 3, 3, 3, 3, 3, 0, 0], [0, 0, 3, 3, 3, 3, 3, 0, 3, 0, 3, 3, 3, 3, 3, 2, 3, 0, 3, 3, 3, 3, 3, 0, 3, 0, 0], [0, 0, 3, 3, 3, 3, 3, 3, 3, 0, 3, 3, 3, 3, 3, 3, 3, 0, 3, 3, 3, 3, 3, 3, 3, 0, 0], [0, 0, 3, 3, 3, 0, 3, 0, 3, 0, 3, 3, 3, 8, 3, 7, 3, 0, 3, 3, 3, 0, 3, 0, 3, 0, 0], [0, 0, 3, 3, 3, 3, 3, 3, 3, 0, 3, 3, 3, 3, 3, 3, 3, 0, 3, 3, 3, 3, 3, 3, 3, 0, 0], [0, 0, 0, 0, 0, 0, 0, 0, 0, 0, 0, 0, 0, 0, 0, 0, 0, 0, 0, 0, 0, 0, 0, 0, 0, 0, 0], [0, 0, 3, 3, 3, 3, 3, 3, 3, 0, 3, 3, 3, 3, 3, 3, 3, 0, 3, 3, 3, 3, 3, 3, 3, 0, 0], [0, 0, 3, 0, 3, 0, 3, 3, 3, 0, 3, 0, 3, 0, 3, 3, 3, 0, 3, 0, 3, 0, 3, 3, 3, 0, 0], [0, 0, 3, 3, 3, 3, 3, 3, 3, 0, 3, 3, 3, 3, 3, 3, 3, 0, 3, 3, 3, 3, 3, 3, 3, 0, 0], [0, 0, 3, 3, 3, 3, 3, 0, 3, 0, 3, 3, 3, 3, 3, 0, 3, 0, 3, 3, 3, 3, 3, 0, 3, 0, 0], [0, 0, 3, 3, 3, 3, 3, 3, 3, 0, 3, 3, 3, 3, 3, 3, 3, 0, 3, 3, 3, 3, 3, 3, 3, 0, 0], [0, 0, 3, 3, 3, 0, 3, 0, 3, 0, 3, 3, 3, 0, 3, 0, 3, 0, 3, 3, 3, 0, 3, 0, 3, 0, 0], [0, 0, 3, 3, 3, 3, 3, 3, 3, 0, 3, 3, 3, 3, 3, 3, 3, 0, 3, 3, 3, 3, 3, 3, 3, 0, 0], [0, 0, 0, 0, 0, 0, 0, 0, 0, 0, 0, 0, 0, 0, 0, 0, 0, 0, 0, 0, 0, 0, 0, 0, 0, 0, 0], [0, 0, 0, 0, 0, 0, 0, 0, 0, 0, 0, 0, 0, 0, 0, 0, 0, 0, 0, 0, 0, 0, 0, 0, 0, 0, 0], [0, 0, 0, 0, 0, 0, 0, 0, 0, 0, 0, 0, 0, 0, 0, 0, 0, 0, 0, 0, 0, 0, 0, 0, 0, 0, 0]], "output": [[4, 4, 4, 4, 4, 4, 4, 3, 4, 4, 4, 4, 4, 4, 4, 3, 3, 3, 3, 3, 3, 3, 3], [4, 3, 4, 3, 4, 4, 4, 3, 4, 3, 4, 3, 4, 4, 4, 3, 3, 3, 3, 3, 3, 3, 3], [4, 4, 4, 4, 4, 4, 4, 3, 4, 4, 4, 4, 4, 4, 4, 3, 3, 3, 3, 3, 3, 3, 3], [4, 4, 4, 4, 4, 3, 4, 3, 4, 4, 4, 4, 4, 3, 4, 3, 3, 3, 3, 3, 3, 3, 3], [4, 4, 4, 4, 4, 4, 4, 3, 4, 4, 4, 4, 4, 4, 4, 3, 3, 3, 3, 3, 3, 3, 3], [4, 4, 4, 3, 4, 3, 4, 3, 4, 4, 4, 3, 4, 3, 4, 3, 3, 3, 3, 3, 3, 3, 3], [4, 4, 4, 4, 4, 4, 4, 3, 4, 4, 4, 4, 4, 4, 4, 3, 3, 3, 3, 3, 3, 3, 3], [3, 3, 3, 3, 3, 3, 3, 3, 3, 3, 3, 3, 3, 3, 3, 3, 3, 3, 3, 3, 3, 3, 3], [3, 3, 3, 3, 3, 3, 3, 3, 3, 3, 3, 3, 3, 3, 3, 3, 2, 2, 2, 2, 2, 2, 2], [3, 3, 3, 3, 3, 3, 3, 3, 3, 3, 3, 3, 3, 3, 3, 3, 2, 3, 2, 3, 2, 2, 2], [3, 3, 3, 3, 3, 3, 3, 3, 3, 3, 3, 3, 3, 3, 3, 3, 2, 2, 2, 2, 2, 2, 2], [3, 3, 3, 3, 3, 3, 3, 3, 3, 3, 3, 3, 3, 3, 3, 3, 2, 2, 2, 2, 2, 3, 2], [3, 3, 3, 3, 3, 3, 3, 3, 3, 3, 3, 3, 3, 3, 3, 3, 2, 2, 2, 2, 2, 2, 2], [3, 3, 3, 3, 3, 3, 3, 3, 3, 3, 3, 3, 3, 3, 3, 3, 2, 2, 2, 3, 2, 3, 2], [3, 3, 3, 3, 3, 3, 3, 3, 3, 3, 3, 3, 3, 3, 3, 3, 2, 2, 2, 2, 2, 2, 2], [3, 3, 3, 3, 3, 3, 3, 3, 3, 3, 3, 3, 3, 3, 3, 3, 3, 3, 3, 3, 3, 3, 3], [3, 3, 3, 3, 3, 3, 3, 3, 8, 8, 8, 8, 8, 8, 8, 3, 7, 7, 7, 7, 7, 7, 7], [3, 3, 3, 3, 3, 3, 3, 3, 8, 3, 8, 3, 8, 8, 8, 3, 7, 3, 7, 3, 7, 7, 7], [3, 3, 3, 3, 3, 3, 3, 3, 8, 8, 8, 8, 8, 8, 8, 3, 7, 7, 7, 7, 7, 7, 7], [3, 3, 3, 3, 3, 3, 3, 3, 8, 8, 8, 8, 8, 3, 8, 3, 7, 7, 7, 7, 7, 3, 7], [3, 3, 3, 3, 3, 3, 3, 3, 8, 8, 8, 8, 8, 8, 8, 3, 7, 7, 7, 7, 7, 7, 7], [3, 3, 3, 3, 3, 3, 3, 3, 8, 8, 8, 3, 8, 3, 8, 3, 7, 7, 7, 3, 7, 3, 7], [3, 3, 3, 3, 3, 3, 3, 3, 8, 8, 8, 8, 8, 8, 8, 3, 7, 7, 7, 7, 7, 7, 7]]}]}