{"train": [{"input": [[0, 0, 0, 0, 0, 0, 0, 0, 0, 0, 0, 0, 0, 0, 0], [0, 0, 0, 0, 0, 0, 0, 0, 3, 0, 0, 0, 0, 0, 0], [0, 0, 3, 5, 5, 5, 5, 5, 5, 5, 5, 5, 5, 0, 0], [0, 0, 5, 5, 5, 5, 5, 5, 5, 5, 5, 5, 5, 0, 0], [0, 0, 5, 5, 5, 5, 5, 5, 5, 5, 5, 5, 5, 0, 0], [0, 0, 5, 5, 5, 5, 5, 5, 5, 5, 5, 5, 5, 0, 0], [0, 3, 5, 5, 5, 5, 5, 5, 5, 5, 5, 5, 5, 0, 0], [0, 0, 5, 5, 5, 5, 5, 5, 5, 5, 5, 5, 5, 4, 0], [0, 0, 5, 5, 5, 5, 5, 5, 5, 5, 5, 5, 5, 0, 0], [0, 0, 5, 5, 5, 5, 5, 5, 5, 5, 5, 5, 5, 0, 0], [0, 0, 5, 5, 5, 5, 5, 5, 5, 5, 5, 5, 5, 0, 0], [0, 0, 5, 5, 5, 5, 5, 5, 5, 5, 5, 5, 5, 0, 0], [0, 0, 5, 5, 5, 5, 5, 5, 5, 5, 5, 5, 4, 0, 0], [0, 0, 0, 0, 0, 0, 0, 0, 4, 0, 0, 0, 0, 0, 0], [0, 0, 0, 0, 0, 0, 0, 0, 0, 0, 0, 0, 0, 0, 0]], "output": [[0, 0, 0, 0, 0, 0, 0, 0, 0, 0, 0, 0, 0, 0, 0], [0, 0, 0, 0, 0, 0, 0, 0, 0, 0, 0, 0, 0, 0, 0], [0, 0, 3, 3, 3, 3, 3, 3, 3, 5, 5, 5, 5, 0, 0], [0, 0, 3, 3, 3, 3, 3, 3, 3, 5, 5, 5, 5, 0, 0], [0, 0, 3, 3, 3, 3, 3, 3, 3, 5, 5, 5, 5, 0, 0], [0, 0, 3, 3, 3, 3, 3, 3, 3, 5, 5, 5, 5, 0, 0], [0, 0, 3, 3, 3, 3, 3, 3, 3, 5, 5, 5, 5, 0, 0], [0, 0, 5, 5, 5, 5, 5, 5, 4, 4, 4, 4, 4, 0, 0], [0, 0, 5, 5, 5, 5, 5, 5, 4, 4, 4, 4, 4, 0, 0], [0, 0, 5, 5, 5, 5, 5, 5, 4, 4, 4, 4, 4, 0, 0], [0, 0, 5, 5, 5, 5, 5, 5, 4, 4, 4, 4, 4, 0, 0], [0, 0, 5, 5, 5, 5, 5, 5, 4, 4, 4, 4, 4, 0, 0], [0, 0, 5, 5, 5, 5, 5, 5, 4, 4, 4, 4, 4, 0, 0], [0, 0, 0, 0, 0, 0, 0, 0, 0, 0, 0, 0, 0, 0, 0], [0, 0, 0, 0, 0, 0, 0, 0, 0, 0, 0, 0, 0, 0, 0]]}, {"input": [[0, 0, 0, 0, 0, 0, 0, 0, 0, 0, 0, 0, 0, 0, 0], [0, 0, 0, 0, 0, 0, 0, 0, 0, 0, 0, 0, 0, 0, 0], [0, 0, 0, 0, 0, 0, 0, 0, 2, 0, 0, 0, 0, 0, 0], [0, 0, 0, 2, 5, 5, 5, 5, 5, 5, 5, 5, 5, 0, 0], [0, 0, 0, 5, 5, 5, 5, 5, 5, 5, 5, 5, 5, 0, 0], [0, 0, 0, 5, 5, 5, 5, 5, 5, 5, 5, 5, 5, 0, 0], [0, 0, 0, 5, 5, 5, 5, 5, 5, 5, 5, 5, 5, 0, 0], [0, 0, 0, 5, 5, 5, 5, 5, 5, 5, 5, 5, 5, 0, 0], [0, 0, 0, 5, 5, 5, 5, 5, 5, 5, 5, 5, 5, 0, 0], [0, 0, 2, 5, 5, 5, 5, 5, 5, 5, 5, 5, 5, 0, 0], [0, 0, 0, 5, 5, 5, 5, 5, 5, 5, 5, 5, 5, 0, 0], [0, 0, 0, 5, 5, 5, 5, 5, 5, 5, 5, 5, 5, 0, 0], [0, 0, 0, 5, 5, 5, 5, 5, 5, 5, 5, 5, 5, 0, 0], [0, 0, 0, 0, 0, 0, 0, 0, 0, 0, 0, 0, 0, 0, 0], [0, 0, 0, 0, 0, 0, 0, 0, 0, 0, 0, 0, 0, 0, 0]], "output": [[0, 0, 0, 0, 0, 0, 0, 0, 0, 0, 0, 0, 0, 0, 0], [0, 0, 0, 0, 0, 0, 0, 0, 0, 0, 0, 0, 0, 0, 0], [0, 0, 0, 0, 0, 0, 0, 0, 0, 0, 0, 0, 0, 0, 0], [0, 0, 0, 2, 2, 2, 2, 2, 2, 5, 5, 5, 5, 0, 0], [0, 0, 0, 2, 2, 2, 2, 2, 2, 5, 5, 5, 5, 0, 0], [0, 0, 0, 2, 2, 2, 2, 2, 2, 5, 5, 5, 5, 0, 0], [0, 0, 0, 2, 2, 2, 2, 2, 2, 5, 5, 5, 5, 0, 0], [0, 0, 0, 2, 2, 2, 2, 2, 2, 5, 5, 5, 5, 0, 0], [0, 0, 0, 2, 2, 2, 2, 2, 2, 5, 5, 5, 5, 0, 0], [0, 0, 0, 2, 2, 2, 2, 2, 2, 5, 5, 5, 5, 0, 0], [0, 0, 0, 5, 5, 5, 5, 5, 5, 5, 5, 5, 5, 0, 0], [0, 0, 0, 5, 5, 5, 5, 5, 5, 5, 5, 5, 5, 0, 0], [0, 0, 0, 5, 5, 5, 5, 5, 5, 5, 5, 5, 5, 0, 0], [0, 0, 0, 0, 0, 0, 0, 0, 0, 0, 0, 0, 0, 0, 0], [0, 0, 0, 0, 0, 0, 0, 0, 0, 0, 0, 0, 0, 0, 0]]}, {"input": [[0, 0, 0, 0, 0, 0, 1, 0, 0, 0, 4, 0, 0, 0, 0], [0, 0, 1, 5, 5, 5, 5, 5, 5, 5, 5, 5, 5, 4, 0], [0, 0, 5, 5, 5, 5, 5, 5, 5, 5, 5, 5, 5, 5, 0], [0, 0, 5, 5, 5, 5, 5, 5, 5, 5, 5, 5, 5, 5, 0], [0, 1, 5, 5, 5, 5, 5, 5, 5, 5, 5, 5, 5, 5, 0], [0, 0, 5, 5, 5, 5, 5, 5, 5, 5, 5, 5, 5, 5, 0], [0, 0, 5, 5, 5, 5, 5, 5, 5, 5, 5, 5, 5, 5, 0], [0, 0, 5, 5, 5, 5, 5, 5, 5, 5, 5, 5, 5, 5, 4], [0, 6, 5, 5, 5, 5, 5, 5, 5, 5, 5, 5, 5, 5, 0], [0, 0, 5, 5, 5, 5, 5, 5, 5, 5, 5, 5, 5, 5, 0], [0, 0, 5, 5, 5, 5, 5, 5, 5, 5, 5, 5, 5, 5, 0], [0, 0, 5, 5, 5, 5, 5, 5, 5, 5, 5, 5, 5, 5, 0], [0, 0, 5, 5, 5, 5, 5, 5, 5, 5, 5, 5, 5, 5, 0], [0, 0, 6, 5, 5, 5, 5, 5, 5, 5, 5, 5, 5, 5, 0], [0, 0, 0, 0, 0, 6, 0, 0, 0, 0, 0, 0, 0, 0, 0]], "output": [[0, 0, 0, 0, 0, 0, 0, 0, 0, 0, 0, 0, 0, 0, 0], [0, 0, 1, 1, 1, 1, 1, 5, 5, 5, 4, 4, 4, 4, 0], [0, 0, 1, 1, 1, 1, 1, 5, 5, 5, 4, 4, 4, 4, 0], [0, 0, 1, 1, 1, 1, 1, 5, 5, 5, 4, 4, 4, 4, 0], [0, 0, 1, 1, 1, 1, 1, 5, 5, 5, 4, 4, 4, 4, 0], [0, 0, 5, 5, 5, 5, 5, 5, 5, 5, 4, 4, 4, 4, 0], [0, 0, 5, 5, 5, 5, 5, 5, 5, 5, 4, 4, 4, 4, 0], [0, 0, 5, 5, 5, 5, 5, 5, 5, 5, 4, 4, 4, 4, 0], [0, 0, 6, 6, 6, 6, 5, 5, 5, 5, 5, 5, 5, 5, 0], [0, 0, 6, 6, 6, 6, 5, 5, 5, 5, 5, 5, 5, 5, 0], [0, 0, 6, 6, 6, 6, 5, 5, 5, 5, 5, 5, 5, 5, 0], [0, 0, 6, 6, 6, 6, 5, 5, 5, 5, 5, 5, 5, 5, 0], [0, 0, 6, 6, 6, 6, 5, 5, 5, 5, 5, 5, 5, 5, 0], [0, 0, 6, 6, 6, 6, 5, 5, 5, 5, 5, 5, 5, 5, 0], [0, 0, 0, 0, 0, 0, 0, 0, 0, 0, 0, 0, 0, 0, 0]]}], "test": [{"input": [[0, 0, 0, 0, 6, 0, 0, 1, 0, 0, 0, 0, 0, 0, 0], [0, 6, 5, 5, 5, 5, 5, 5, 5, 5, 5, 5, 5, 1, 0], [0, 5, 5, 5, 5, 5, 5, 5, 5, 5, 5, 5, 5, 5, 0], [0, 5, 5, 5, 5, 5, 5, 5, 5, 5, 5, 5, 5, 5, 0], [0, 5, 5, 5, 5, 5, 5, 5, 5, 5, 5, 5, 5, 5, 0], [0, 5, 5, 5, 5, 5, 5, 5, 5, 5, 5, 5, 5, 5, 1], [0, 5, 5, 5, 5, 5, 5, 5, 5, 5, 5, 5, 5, 5, 0], [6, 5, 5, 5, 5, 5, 5, 5, 5, 5, 5, 5, 5, 5, 0], [0, 5, 5, 5, 5, 5, 5, 5, 5, 5, 5, 5, 5, 5, 3], [0, 5, 5, 5, 5, 5, 5, 5, 5, 5, 5, 5, 5, 5, 0], [7, 5, 5, 5, 5, 5, 5, 5, 5, 5, 5, 5, 5, 5, 0], [0, 5, 5, 5, 5, 5, 5, 5, 5, 5, 5, 5, 5, 5, 0], [0, 5, 5, 5, 5, 5, 5, 5, 5, 5, 5, 5, 5, 5, 0], [0, 7, 5, 5, 5, 5, 5, 5, 5, 5, 5, 5, 5, 3, 0], [0, 0, 0, 0, 0, 0, 0, 0, 7, 0, 0, 3, 0, 0, 0]], "output": [[0, 0, 0, 0, 0, 0, 0, 0, 0, 0, 0, 0, 0, 0, 0], [0, 6, 6, 6, 6, 5, 5, 1, 1, 1, 1, 1, 1, 1, 0], [0, 6, 6, 6, 6, 5, 5, 1, 1, 1, 1, 1, 1, 1, 0], [0, 6, 6, 6, 6, 5, 5, 1, 1, 1, 1, 1, 1, 1, 0], [0, 6, 6, 6, 6, 5, 5, 1, 1, 1, 1, 1, 1, 1, 0], [0, 6, 6, 6, 6, 5, 5, 1, 1, 1, 1, 1, 1, 1, 0], [0, 6, 6, 6, 6, 5, 5, 5, 5, 5, 5, 5, 5, 5, 0], [0, 6, 6, 6, 6, 5, 5, 5, 5, 5, 5, 5, 5, 5, 0], [0, 5, 5, 5, 5, 5, 5, 5, 5, 5, 5, 3, 3, 3, 0], [0, 5, 5, 5, 5, 5, 5, 5, 5, 5, 5, 3, 3, 3, 0], [0, 7, 7, 7, 7, 7, 7, 7, 7, 5, 5, 3, 3, 3, 0], [0, 7, 7, 7, 7, 7, 7, 7, 7, 5, 5, 3, 3, 3, 0], [0, 7, 7, 7, 7, 7, 7, 7, 7, 5, 5, 3, 3, 3, 0], [0, 7, 7, 7, 7, 7, 7, 7, 7, 5, 5, 3, 3, 3, 0], [0, 0, 0, 0, 0, 0, 0, 0, 0, 0, 0, 0, 0, 0, 0]]}]}