{"train": [{"input": [[1, 1, 1, 1, 1, 1, 1, 1, 1, 1, 1, 1, 1, 1, 1, 1, 1, 1, 1, 1, 1, 1, 1, 1, 1], [1, 2, 3, 5, 5, 3, 2, 1, 2, 3, 5, 0, 0, 0, 0, 2, 3, 5, 5, 3, 2, 1, 2, 3, 5], [1, 5, 2, 3, 3, 2, 5, 1, 5, 2, 3, 0, 0, 0, 0, 5, 2, 3, 3, 2, 5, 1, 5, 2, 3], [1, 3, 5, 2, 2, 5, 3, 1, 3, 5, 2, 0, 0, 0, 0, 3, 5, 2, 2, 5, 3, 1, 3, 5, 2], [1, 3, 5, 2, 2, 5, 3, 1, 3, 5, 2, 0, 0, 0, 0, 3, 5, 2, 2, 5, 3, 1, 3, 5, 2], [1, 5, 2, 3, 3, 2, 5, 1, 5, 2, 3, 0, 0, 0, 0, 5, 2, 3, 3, 2, 5, 1, 5, 2, 3], [1, 2, 3, 5, 5, 3, 2, 1, 2, 3, 5, 0, 0, 0, 0, 2, 3, 5, 5, 3, 2, 1, 2, 3, 5], [1, 1, 1, 1, 1, 1, 1, 1, 1, 1, 1, 1, 1, 1, 1, 1, 1, 1, 1, 1, 1, 1, 1, 1, 1], [1, 2, 3, 5, 5, 3, 2, 1, 2, 3, 5, 5, 3, 2, 1, 2, 3, 5, 5, 3, 2, 1, 2, 3, 5], [1, 5, 2, 3, 3, 2, 5, 1, 5, 2, 3, 3, 2, 5, 1, 5, 2, 3, 3, 2, 5, 1, 5, 2, 3], [1, 3, 5, 2, 2, 5, 3, 1, 3, 5, 2, 2, 5, 3, 1, 3, 5, 2, 2, 5, 3, 1, 3, 5, 2], [1, 3, 5, 2, 2, 5, 3, 1, 3, 5, 2, 2, 5, 3, 1, 3, 5, 2, 2, 5, 3, 1, 3, 5, 2], [1, 5, 2, 3, 0, 0, 0, 1, 5, 2, 3, 3, 2, 5, 1, 5, 2, 3, 3, 2, 5, 1, 5, 2, 3], [1, 2, 3, 5, 0, 0, 0, 1, 2, 3, 5, 5, 3, 2, 1, 2, 3, 5, 5, 3, 2, 1, 2, 3, 5], [1, 1, 1, 1, 0, 0, 0, 1, 1, 1, 1, 1, 1, 1, 0, 0, 1, 1, 1, 1, 1, 1, 1, 1, 1], [1, 2, 3, 5, 0, 0, 0, 1, 2, 3, 5, 5, 3, 2, 0, 0, 3, 5, 5, 3, 2, 1, 2, 3, 5], [1, 5, 2, 0, 0, 0, 0, 1, 5, 2, 3, 3, 2, 5, 1, 5, 2, 3, 3, 2, 5, 1, 5, 2, 3], [1, 3, 5, 0, 0, 0, 0, 1, 3, 5, 2, 2, 5, 3, 1, 3, 5, 2, 2, 5, 3, 1, 3, 5, 2], [1, 3, 5, 0, 0, 0, 0, 1, 3, 5, 2, 2, 5, 3, 1, 3, 5, 2, 2, 5, 3, 1, 3, 5, 2], [1, 5, 2, 0, 0, 0, 0, 1, 5, 0, 0, 0, 0, 5, 1, 5, 2, 3, 3, 2, 5, 1, 5, 2, 3], [1, 2, 3, 0, 0, 0, 0, 1, 2, 0, 0, 0, 0, 2, 1, 2, 3, 5, 5, 3, 2, 1, 2, 3, 5], [1, 1, 1, 1, 1, 1, 1, 1, 1, 0, 0, 0, 0, 1, 1, 1, 1, 1, 1, 1, 1, 1, 1, 1, 1], [1, 2, 3, 5, 5, 3, 2, 1, 2, 0, 0, 0, 0, 2, 1, 2, 3, 5, 5, 3, 2, 1, 2, 3, 5], [1, 5, 2, 3, 3, 2, 5, 1, 5, 0, 0, 0, 0, 5, 1, 5, 2, 3, 3, 2, 5, 1, 5, 2, 3], [1, 3, 5, 2, 2, 5, 3, 1, 3, 5, 2, 2, 5, 3, 1, 3, 5, 2, 2, 5, 3, 1, 3, 5, 2]], "output": [[1, 1, 1, 1, 1, 1, 1, 1, 1, 1, 1, 1, 1, 1, 1, 1, 1, 1, 1, 1, 1, 1, 1, 1, 1], [1, 2, 3, 5, 5, 3, 2, 1, 2, 3, 5, 5, 3, 2, 1, 2, 3, 5, 5, 3, 2, 1, 2, 3, 5], [1, 5, 2, 3, 3, 2, 5, 1, 5, 2, 3, 3, 2, 5, 1, 5, 2, 3, 3, 2, 5, 1, 5, 2, 3], [1, 3, 5, 2, 2, 5, 3, 1, 3, 5, 2, 2, 5, 3, 1, 3, 5, 2, 2, 5, 3, 1, 3, 5, 2], [1, 3, 5, 2, 2, 5, 3, 1, 3, 5, 2, 2, 5, 3, 1, 3, 5, 2, 2, 5, 3, 1, 3, 5, 2], [1, 5, 2, 3, 3, 2, 5, 1, 5, 2, 3, 3, 2, 5, 1, 5, 2, 3, 3, 2, 5, 1, 5, 2, 3], [1, 2, 3, 5, 5, 3, 2, 1, 2, 3, 5, 5, 3, 2, 1, 2, 3, 5, 5, 3, 2, 1, 2, 3, 5], [1, 1, 1, 1, 1, 1, 1, 1, 1, 1, 1, 1, 1, 1, 1, 1, 1, 1, 1, 1, 1, 1, 1, 1, 1], [1, 2, 3, 5, 5, 3, 2, 1, 2, 3, 5, 5, 3, 2, 1, 2, 3, 5, 5, 3, 2, 1, 2, 3, 5], [1, 5, 2, 3, 3, 2, 5, 1, 5, 2, 3, 3, 2, 5, 1, 5, 2, 3, 3, 2, 5, 1, 5, 2, 3], [1, 3, 5, 2, 2, 5, 3, 1, 3, 5, 2, 2, 5, 3, 1, 3, 5, 2, 2, 5, 3, 1, 3, 5, 2], [1, 3, 5, 2, 2, 5, 3, 1, 3, 5, 2, 2, 5, 3, 1, 3, 5, 2, 2, 5, 3, 1, 3, 5, 2], [1, 5, 2, 3, 3, 2, 5, 1, 5, 2, 3, 3, 2, 5, 1, 5, 2, 3, 3, 2, 5, 1, 5, 2, 3], [1, 2, 3, 5, 5, 3, 2, 1, 2, 3, 5, 5, 3, 2, 1, 2, 3, 5, 5, 3, 2, 1, 2, 3, 5], [1, 1, 1, 1, 1, 1, 1, 1, 1, 1, 1, 1, 1, 1, 1, 1, 1, 1, 1, 1, 1, 1, 1, 1, 1], [1, 2, 3, 5, 5, 3, 2, 1, 2, 3, 5, 5, 3, 2, 1, 2, 3, 5, 5, 3, 2, 1, 2, 3, 5], [1, 5, 2, 3, 3, 2, 5, 1, 5, 2, 3, 3, 2, 5, 1, 5, 2, 3, 3, 2, 5, 1, 5, 2, 3], [1, 3, 5, 2, 2, 5, 3, 1, 3, 5, 2, 2, 5, 3, 1, 3, 5, 2, 2, 5, 3, 1, 3, 5, 2], [1, 3, 5, 2, 2, 5, 3, 1, 3, 5, 2, 2, 5, 3, 1, 3, 5, 2, 2, 5, 3, 1, 3, 5, 2], [1, 5, 2, 3, 3, 2, 5, 1, 5, 2, 3, 3, 2, 5, 1, 5, 2, 3, 3, 2, 5, 1, 5, 2, 3], [1, 2, 3, 5, 5, 3, 2, 1, 2, 3, 5, 5, 3, 2, 1, 2, 3, 5, 5, 3, 2, 1, 2, 3, 5], [1, 1, 1, 1, 1, 1, 1, 1, 1, 1, 1, 1, 1, 1, 1, 1, 1, 1, 1, 1, 1, 1, 1, 1, 1], [1, 2, 3, 5, 5, 3, 2, 1, 2, 3, 5, 5, 3, 2, 1, 2, 3, 5, 5, 3, 2, 1, 2, 3, 5], [1, 5, 2, 3, 3, 2, 5, 1, 5, 2, 3, 3, 2, 5, 1, 5, 2, 3, 3, 2, 5, 1, 5, 2, 3], [1, 3, 5, 2, 2, 5, 3, 1, 3, 5, 2, 2, 5, 3, 1, 3, 5, 2, 2, 5, 3, 1, 3, 5, 2]]}, {"input": [[1, 1, 1, 1, 1, 1, 1, 1, 1, 1, 1, 1, 1, 1, 1, 1, 1, 1, 1, 1, 1, 1, 1, 1, 1], [1, 2, 5, 4, 5, 2, 1, 2, 5, 4, 5, 2, 1, 2, 5, 4, 5, 2, 1, 2, 5, 4, 5, 2, 1], [1, 5, 5, 1, 5, 5, 1, 5, 5, 1, 5, 5, 1, 5, 5, 1, 5, 5, 1, 5, 5, 1, 5, 5, 1], [1, 4, 1, 4, 1, 4, 1, 4, 1, 4, 1, 4, 1, 4, 1, 4, 1, 4, 1, 4, 1, 4, 1, 4, 1], [1, 5, 5, 1, 5, 5, 1, 5, 5, 1, 5, 5, 1, 5, 5, 1, 5, 5, 1, 5, 5, 1, 5, 5, 1], [1, 2, 5, 4, 5, 2, 1, 2, 5, 4, 5, 2, 1, 2, 5, 4, 5, 2, 1, 2, 5, 4, 5, 2, 1], [1, 1, 1, 1, 1, 1, 1, 1, 1, 1, 1, 1, 1, 1, 1, 1, 1, 1, 1, 1, 1, 1, 1, 1, 1], [1, 2, 5, 4, 5, 2, 1, 2, 5, 4, 5, 2, 1, 2, 5, 4, 5, 2, 1, 2, 5, 4, 5, 2, 1], [1, 5, 5, 1, 5, 5, 1, 5, 5, 1, 5, 5, 1, 5, 5, 1, 5, 5, 1, 5, 5, 1, 5, 5, 1], [1, 4, 1, 4, 1, 4, 1, 4, 1, 4, 1, 4, 1, 4, 1, 4, 1, 4, 1, 4, 1, 4, 1, 4, 1], [1, 5, 5, 1, 5, 5, 1, 5, 5, 1, 5, 5, 1, 5, 5, 1, 5, 5, 1, 5, 5, 1, 5, 5, 1], [1, 2, 5, 4, 5, 2, 1, 2, 5, 4, 5, 2, 1, 2, 5, 4, 5, 0, 0, 2, 5, 4, 5, 2, 1], [1, 1, 1, 1, 1, 1, 1, 1, 0, 0, 0, 0, 0, 1, 1, 1, 1, 0, 0, 1, 1, 1, 1, 1, 1], [1, 2, 5, 0, 0, 0, 0, 2, 0, 0, 0, 0, 0, 2, 5, 4, 5, 0, 0, 2, 5, 4, 5, 2, 1], [1, 5, 5, 0, 0, 0, 0, 5, 0, 0, 0, 0, 0, 5, 5, 1, 5, 0, 0, 5, 5, 1, 5, 5, 1], [1, 4, 1, 0, 0, 0, 0, 4, 0, 0, 0, 0, 0, 4, 1, 4, 1, 4, 1, 4, 1, 4, 1, 4, 1], [1, 5, 5, 1, 5, 5, 1, 5, 0, 0, 0, 0, 0, 5, 5, 1, 5, 5, 1, 5, 5, 1, 5, 5, 1], [1, 2, 5, 4, 5, 2, 1, 2, 5, 4, 5, 2, 0, 0, 0, 0, 0, 2, 1, 2, 5, 4, 5, 2, 1], [1, 1, 1, 1, 1, 1, 1, 1, 1, 1, 1, 1, 0, 0, 0, 0, 0, 1, 1, 1, 1, 1, 1, 1, 1], [1, 2, 5, 4, 5, 2, 1, 2, 5, 4, 5, 2, 0, 0, 0, 0, 0, 2, 1, 2, 5, 4, 5, 2, 1], [1, 5, 5, 0, 0, 0, 1, 5, 5, 1, 5, 5, 0, 0, 0, 0, 0, 5, 1, 5, 5, 1, 5, 5, 1], [1, 4, 1, 0, 0, 0, 1, 4, 1, 4, 1, 4, 0, 0, 0, 0, 0, 4, 1, 4, 1, 4, 1, 4, 1], [1, 5, 5, 1, 5, 5, 1, 5, 5, 1, 5, 5, 0, 0, 0, 0, 0, 5, 1, 5, 5, 1, 5, 5, 1], [1, 2, 5, 4, 5, 2, 1, 2, 5, 4, 5, 2, 1, 2, 5, 4, 5, 2, 1, 2, 5, 4, 5, 2, 1], [1, 1, 1, 1, 1, 1, 1, 1, 1, 1, 1, 1, 1, 1, 1, 1, 1, 1, 1, 1, 1, 1, 1, 1, 1]], "output": [[1, 1, 1, 1, 1, 1, 1, 1, 1, 1, 1, 1, 1, 1, 1, 1, 1, 1, 1, 1, 1, 1, 1, 1, 1], [1, 2, 5, 4, 5, 2, 1, 2, 5, 4, 5, 2, 1, 2, 5, 4, 5, 2, 1, 2, 5, 4, 5, 2, 1], [1, 5, 5, 1, 5, 5, 1, 5, 5, 1, 5, 5, 1, 5, 5, 1, 5, 5, 1, 5, 5, 1, 5, 5, 1], [1, 4, 1, 4, 1, 4, 1, 4, 1, 4, 1, 4, 1, 4, 1, 4, 1, 4, 1, 4, 1, 4, 1, 4, 1], [1, 5, 5, 1, 5, 5, 1, 5, 5, 1, 5, 5, 1, 5, 5, 1, 5, 5, 1, 5, 5, 1, 5, 5, 1], [1, 2, 5, 4, 5, 2, 1, 2, 5, 4, 5, 2, 1, 2, 5, 4, 5, 2, 1, 2, 5, 4, 5, 2, 1], [1, 1, 1, 1, 1, 1, 1, 1, 1, 1, 1, 1, 1, 1, 1, 1, 1, 1, 1, 1, 1, 1, 1, 1, 1], [1, 2, 5, 4, 5, 2, 1, 2, 5, 4, 5, 2, 1, 2, 5, 4, 5, 2, 1, 2, 5, 4, 5, 2, 1], [1, 5, 5, 1, 5, 5, 1, 5, 5, 1, 5, 5, 1, 5, 5, 1, 5, 5, 1, 5, 5, 1, 5, 5, 1], [1, 4, 1, 4, 1, 4, 1, 4, 1, 4, 1, 4, 1, 4, 1, 4, 1, 4, 1, 4, 1, 4, 1, 4, 1], [1, 5, 5, 1, 5, 5, 1, 5, 5, 1, 5, 5, 1, 5, 5, 1, 5, 5, 1, 5, 5, 1, 5, 5, 1], [1, 2, 5, 4, 5, 2, 1, 2, 5, 4, 5, 2, 1, 2, 5, 4, 5, 2, 1, 2, 5, 4, 5, 2, 1], [1, 1, 1, 1, 1, 1, 1, 1, 1, 1, 1, 1, 1, 1, 1, 1, 1, 1, 1, 1, 1, 1, 1, 1, 1], [1, 2, 5, 4, 5, 2, 1, 2, 5, 4, 5, 2, 1, 2, 5, 4, 5, 2, 1, 2, 5, 4, 5, 2, 1], [1, 5, 5, 1, 5, 5, 1, 5, 5, 1, 5, 5, 1, 5, 5, 1, 5, 5, 1, 5, 5, 1, 5, 5, 1], [1, 4, 1, 4, 1, 4, 1, 4, 1, 4, 1, 4, 1, 4, 1, 4, 1, 4, 1, 4, 1, 4, 1, 4, 1], [1, 5, 5, 1, 5, 5, 1, 5, 5, 1, 5, 5, 1, 5, 5, 1, 5, 5, 1, 5, 5, 1, 5, 5, 1], [1, 2, 5, 4, 5, 2, 1, 2, 5, 4, 5, 2, 1, 2, 5, 4, 5, 2, 1, 2, 5, 4, 5, 2, 1], [1, 1, 1, 1, 1, 1, 1, 1, 1, 1, 1, 1, 1, 1, 1, 1, 1, 1, 1, 1, 1, 1, 1, 1, 1], [1, 2, 5, 4, 5, 2, 1, 2, 5, 4, 5, 2, 1, 2, 5, 4, 5, 2, 1, 2, 5, 4, 5, 2, 1], [1, 5, 5, 1, 5, 5, 1, 5, 5, 1, 5, 5, 1, 5, 5, 1, 5, 5, 1, 5, 5, 1, 5, 5, 1], [1, 4, 1, 4, 1, 4, 1, 4, 1, 4, 1, 4, 1, 4, 1, 4, 1, 4, 1, 4, 1, 4, 1, 4, 1], [1, 5, 5, 1, 5, 5, 1, 5, 5, 1, 5, 5, 1, 5, 5, 1, 5, 5, 1, 5, 5, 1, 5, 5, 1], [1, 2, 5, 4, 5, 2, 1, 2, 5, 4, 5, 2, 1, 2, 5, 4, 5, 2, 1, 2, 5, 4, 5, 2, 1], [1, 1, 1, 1, 1, 1, 1, 1, 1, 1, 1, 1, 1, 1, 1, 1, 1, 1, 1, 1, 1, 1, 1, 1, 1]]}, {"input": [[1, 1, 1, 1, 1, 1, 1, 1, 1, 1, 1, 1, 1, 1, 1, 1, 1, 1, 1, 1, 1, 1, 1, 1, 1], [1, 2, 1, 2, 1, 2, 1, 2, 1, 2, 1, 2, 1, 2, 1, 2, 1, 2, 1, 0, 0, 0, 0, 2, 1], [1, 5, 1, 5, 1, 5, 1, 5, 1, 5, 1, 5, 1, 5, 1, 5, 1, 5, 1, 0, 0, 0, 0, 5, 1], [1, 2, 1, 2, 1, 2, 1, 2, 1, 2, 1, 2, 1, 2, 1, 2, 1, 2, 0, 0, 0, 0, 0, 2, 1], [1, 1, 1, 1, 1, 1, 1, 1, 1, 1, 1, 1, 1, 1, 1, 1, 0, 0, 0, 0, 0, 0, 0, 1, 1], [1, 2, 1, 2, 1, 2, 1, 2, 1, 2, 1, 2, 1, 2, 1, 2, 0, 0, 0, 0, 0, 0, 0, 2, 1], [1, 5, 1, 5, 1, 5, 1, 5, 1, 5, 1, 5, 1, 5, 1, 5, 0, 0, 0, 0, 0, 0, 1, 5, 1], [1, 2, 1, 2, 1, 2, 1, 2, 1, 2, 1, 2, 1, 2, 1, 2, 0, 0, 0, 2, 1, 2, 1, 2, 1], [1, 1, 1, 1, 1, 1, 1, 1, 1, 1, 1, 1, 1, 1, 1, 1, 0, 0, 0, 1, 1, 1, 1, 1, 1], [1, 2, 1, 2, 1, 2, 1, 2, 1, 2, 1, 2, 1, 2, 1, 2, 1, 2, 1, 2, 1, 2, 1, 2, 1], [1, 5, 1, 5, 1, 5, 1, 5, 1, 5, 1, 5, 1, 5, 1, 5, 1, 5, 1, 5, 1, 5, 1, 5, 1], [1, 2, 1, 2, 1, 2, 1, 2, 1, 2, 1, 2, 1, 2, 1, 2, 1, 2, 1, 2, 1, 2, 1, 2, 1], [1, 1, 1, 1, 1, 1, 1, 1, 1, 1, 1, 1, 1, 1, 1, 1, 1, 1, 1, 1, 1, 1, 1, 1, 1], [1, 2, 1, 2, 1, 2, 1, 2, 1, 2, 1, 2, 1, 2, 1, 2, 1, 2, 1, 2, 1, 2, 1, 2, 1], [1, 5, 1, 5, 0, 0, 1, 5, 1, 5, 1, 5, 1, 5, 1, 5, 1, 5, 1, 5, 1, 5, 1, 5, 1], [1, 2, 1, 2, 0, 0, 1, 2, 1, 2, 1, 2, 1, 2, 1, 2, 1, 2, 1, 2, 1, 2, 1, 2, 1], [1, 1, 1, 1, 1, 1, 1, 1, 1, 1, 1, 1, 1, 1, 1, 1, 1, 1, 1, 1, 1, 1, 1, 1, 1], [1, 2, 1, 2, 1, 2, 1, 2, 1, 2, 1, 2, 1, 2, 1, 2, 1, 2, 1, 2, 1, 2, 1, 2, 1], [1, 5, 1, 5, 1, 5, 1, 5, 1, 5, 1, 5, 1, 5, 1, 5, 1, 5, 1, 5, 1, 5, 1, 5, 1], [1, 2, 1, 2, 1, 2, 1, 2, 1, 2, 1, 2, 1, 2, 1, 2, 1, 2, 1, 2, 1, 2, 1, 2, 1], [1, 0, 0, 0, 1, 1, 1, 1, 1, 1, 1, 1, 1, 1, 1, 1, 1, 1, 1, 1, 1, 1, 1, 1, 1], [1, 0, 0, 0, 1, 2, 1, 2, 1, 2, 1, 2, 1, 2, 1, 2, 1, 2, 1, 2, 1, 2, 1, 2, 1], [1, 0, 0, 0, 1, 5, 1, 5, 1, 5, 1, 5, 1, 5, 1, 5, 1, 5, 1, 5, 1, 5, 1, 5, 1], [1, 2, 1, 2, 1, 2, 1, 2, 1, 2, 1, 2, 1, 2, 1, 2, 1, 2, 1, 2, 1, 2, 1, 2, 1], [1, 1, 1, 1, 1, 1, 1, 1, 1, 1, 1, 1, 1, 1, 1, 1, 1, 1, 1, 1, 1, 1, 1, 1, 1]], "output": [[1, 1, 1, 1, 1, 1, 1, 1, 1, 1, 1, 1, 1, 1, 1, 1, 1, 1, 1, 1, 1, 1, 1, 1, 1], [1, 2, 1, 2, 1, 2, 1, 2, 1, 2, 1, 2, 1, 2, 1, 2, 1, 2, 1, 2, 1, 2, 1, 2, 1], [1, 5, 1, 5, 1, 5, 1, 5, 1, 5, 1, 5, 1, 5, 1, 5, 1, 5, 1, 5, 1, 5, 1, 5, 1], [1, 2, 1, 2, 1, 2, 1, 2, 1, 2, 1, 2, 1, 2, 1, 2, 1, 2, 1, 2, 1, 2, 1, 2, 1], [1, 1, 1, 1, 1, 1, 1, 1, 1, 1, 1, 1, 1, 1, 1, 1, 1, 1, 1, 1, 1, 1, 1, 1, 1], [1, 2, 1, 2, 1, 2, 1, 2, 1, 2, 1, 2, 1, 2, 1, 2, 1, 2, 1, 2, 1, 2, 1, 2, 1], [1, 5, 1, 5, 1, 5, 1, 5, 1, 5, 1, 5, 1, 5, 1, 5, 1, 5, 1, 5, 1, 5, 1, 5, 1], [1, 2, 1, 2, 1, 2, 1, 2, 1, 2, 1, 2, 1, 2, 1, 2, 1, 2, 1, 2, 1, 2, 1, 2, 1], [1, 1, 1, 1, 1, 1, 1, 1, 1, 1, 1, 1, 1, 1, 1, 1, 1, 1, 1, 1, 1, 1, 1, 1, 1], [1, 2, 1, 2, 1, 2, 1, 2, 1, 2, 1, 2, 1, 2, 1, 2, 1, 2, 1, 2, 1, 2, 1, 2, 1], [1, 5, 1, 5, 1, 5, 1, 5, 1, 5, 1, 5, 1, 5, 1, 5, 1, 5, 1, 5, 1, 5, 1, 5, 1], [1, 2, 1, 2, 1, 2, 1, 2, 1, 2, 1, 2, 1, 2, 1, 2, 1, 2, 1, 2, 1, 2, 1, 2, 1], [1, 1, 1, 1, 1, 1, 1, 1, 1, 1, 1, 1, 1, 1, 1, 1, 1, 1, 1, 1, 1, 1, 1, 1, 1], [1, 2, 1, 2, 1, 2, 1, 2, 1, 2, 1, 2, 1, 2, 1, 2, 1, 2, 1, 2, 1, 2, 1, 2, 1], [1, 5, 1, 5, 1, 5, 1, 5, 1, 5, 1, 5, 1, 5, 1, 5, 1, 5, 1, 5, 1, 5, 1, 5, 1], [1, 2, 1, 2, 1, 2, 1, 2, 1, 2, 1, 2, 1, 2, 1, 2, 1, 2, 1, 2, 1, 2, 1, 2, 1], [1, 1, 1, 1, 1, 1, 1, 1, 1, 1, 1, 1, 1, 1, 1, 1, 1, 1, 1, 1, 1, 1, 1, 1, 1], [1, 2, 1, 2, 1, 2, 1, 2, 1, 2, 1, 2, 1, 2, 1, 2, 1, 2, 1, 2, 1, 2, 1, 2, 1], [1, 5, 1, 5, 1, 5, 1, 5, 1, 5, 1, 5, 1, 5, 1, 5, 1, 5, 1, 5, 1, 5, 1, 5, 1], [1, 2, 1, 2, 1, 2, 1, 2, 1, 2, 1, 2, 1, 2, 1, 2, 1, 2, 1, 2, 1, 2, 1, 2, 1], [1, 1, 1, 1, 1, 1, 1, 1, 1, 1, 1, 1, 1, 1, 1, 1, 1, 1, 1, 1, 1, 1, 1, 1, 1], [1, 2, 1, 2, 1, 2, 1, 2, 1, 2, 1, 2, 1, 2, 1, 2, 1, 2, 1, 2, 1, 2, 1, 2, 1], [1, 5, 1, 5, 1, 5, 1, 5, 1, 5, 1, 5, 1, 5, 1, 5, 1, 5, 1, 5, 1, 5, 1, 5, 1], [1, 2, 1, 2, 1, 2, 1, 2, 1, 2, 1, 2, 1, 2, 1, 2, 1, 2, 1, 2, 1, 2, 1, 2, 1], [1, 1, 1, 1, 1, 1, 1, 1, 1, 1, 1, 1, 1, 1, 1, 1, 1, 1, 1, 1, 1, 1, 1, 1, 1]]}], "test": [{"input": [[1, 1, 1, 1, 1, 1, 1, 1, 1, 1, 1, 1, 1, 1, 1, 1, 1, 1, 1, 1, 1, 1, 1, 1, 1], [1, 2, 8, 1, 5, 5, 1, 8, 2, 1, 2, 8, 1, 5, 5, 1, 8, 2, 1, 2, 8, 1, 5, 5, 1], [1, 5, 2, 1, 8, 8, 1, 2, 5, 1, 5, 2, 1, 8, 8, 1, 2, 5, 1, 5, 2, 1, 8, 8, 1], [1, 1, 1, 1, 1, 1, 1, 1, 1, 1, 1, 1, 1, 1, 1, 1, 1, 1, 1, 1, 1, 1, 1, 1, 1], [1, 8, 5, 1, 2, 2, 1, 5, 8, 1, 8, 5, 1, 2, 2, 1, 5, 8, 1, 8, 5, 1, 2, 2, 1], [1, 8, 5, 1, 2, 2, 1, 5, 8, 1, 8, 5, 1, 2, 2, 1, 5, 8, 1, 8, 5, 1, 2, 2, 1], [1, 1, 1, 1, 1, 1, 1, 1, 1, 1, 1, 1, 1, 1, 1, 1, 1, 1, 1, 1, 1, 1, 1, 1, 1], [1, 5, 2, 1, 8, 8, 1, 2, 5, 1, 5, 2, 1, 8, 8, 1, 2, 5, 1, 5, 2, 1, 8, 8, 1], [1, 2, 8, 1, 5, 5, 0, 0, 0, 0, 2, 8, 1, 5, 5, 1, 8, 2, 1, 2, 8, 1, 5, 5, 1], [1, 1, 1, 1, 1, 1, 0, 0, 0, 0, 1, 1, 1, 1, 1, 1, 1, 1, 1, 1, 1, 1, 1, 1, 1], [1, 2, 8, 1, 5, 5, 0, 0, 0, 0, 2, 8, 1, 5, 5, 1, 8, 2, 1, 2, 8, 1, 5, 5, 1], [1, 5, 2, 1, 8, 8, 0, 0, 0, 0, 5, 2, 1, 8, 8, 1, 2, 5, 1, 5, 2, 1, 8, 8, 1], [1, 1, 1, 1, 1, 1, 0, 0, 0, 0, 0, 0, 1, 1, 1, 1, 1, 1, 1, 1, 1, 1, 1, 1, 1], [1, 8, 5, 1, 2, 0, 0, 0, 0, 0, 0, 0, 1, 2, 2, 1, 5, 8, 1, 8, 5, 1, 0, 0, 1], [1, 8, 5, 1, 2, 0, 0, 0, 0, 0, 8, 5, 1, 2, 2, 1, 5, 8, 1, 8, 5, 1, 0, 0, 1], [1, 1, 1, 1, 1, 0, 0, 0, 0, 0, 1, 1, 1, 1, 1, 1, 1, 1, 1, 1, 1, 1, 0, 0, 1], [1, 5, 2, 1, 8, 8, 1, 2, 5, 1, 5, 0, 0, 0, 0, 1, 2, 5, 1, 5, 2, 1, 0, 0, 1], [1, 2, 8, 1, 5, 5, 1, 8, 2, 1, 2, 0, 0, 0, 0, 1, 8, 2, 1, 2, 8, 1, 0, 0, 1], [1, 1, 1, 1, 1, 1, 1, 1, 1, 1, 1, 0, 0, 0, 0, 1, 1, 1, 1, 1, 1, 1, 0, 0, 1], [1, 2, 8, 1, 5, 5, 1, 8, 2, 1, 2, 0, 0, 0, 0, 1, 8, 2, 1, 2, 8, 1, 5, 5, 1], [1, 5, 2, 1, 8, 8, 1, 2, 5, 1, 5, 0, 0, 0, 0, 1, 2, 5, 1, 5, 2, 1, 8, 8, 1], [1, 1, 1, 1, 1, 1, 1, 1, 1, 1, 1, 1, 1, 1, 1, 1, 1, 1, 1, 1, 1, 1, 1, 1, 1], [1, 8, 5, 1, 2, 2, 1, 5, 8, 1, 8, 5, 1, 2, 2, 1, 5, 8, 1, 8, 5, 1, 2, 2, 1], [1, 8, 5, 1, 2, 2, 1, 5, 8, 1, 8, 5, 1, 2, 2, 1, 5, 8, 1, 8, 5, 1, 2, 2, 1], [1, 1, 1, 1, 1, 1, 1, 1, 1, 1, 1, 1, 1, 1, 1, 1, 1, 1, 1, 1, 1, 1, 1, 1, 1]], "output": [[1, 1, 1, 1, 1, 1, 1, 1, 1, 1, 1, 1, 1, 1, 1, 1, 1, 1, 1, 1, 1, 1, 1, 1, 1], [1, 2, 8, 1, 5, 5, 1, 8, 2, 1, 2, 8, 1, 5, 5, 1, 8, 2, 1, 2, 8, 1, 5, 5, 1], [1, 5, 2, 1, 8, 8, 1, 2, 5, 1, 5, 2, 1, 8, 8, 1, 2, 5, 1, 5, 2, 1, 8, 8, 1], [1, 1, 1, 1, 1, 1, 1, 1, 1, 1, 1, 1, 1, 1, 1, 1, 1, 1, 1, 1, 1, 1, 1, 1, 1], [1, 8, 5, 1, 2, 2, 1, 5, 8, 1, 8, 5, 1, 2, 2, 1, 5, 8, 1, 8, 5, 1, 2, 2, 1], [1, 8, 5, 1, 2, 2, 1, 5, 8, 1, 8, 5, 1, 2, 2, 1, 5, 8, 1, 8, 5, 1, 2, 2, 1], [1, 1, 1, 1, 1, 1, 1, 1, 1, 1, 1, 1, 1, 1, 1, 1, 1, 1, 1, 1, 1, 1, 1, 1, 1], [1, 5, 2, 1, 8, 8, 1, 2, 5, 1, 5, 2, 1, 8, 8, 1, 2, 5, 1, 5, 2, 1, 8, 8, 1], [1, 2, 8, 1, 5, 5, 1, 8, 2, 1, 2, 8, 1, 5, 5, 1, 8, 2, 1, 2, 8, 1, 5, 5, 1], [1, 1, 1, 1, 1, 1, 1, 1, 1, 1, 1, 1, 1, 1, 1, 1, 1, 1, 1, 1, 1, 1, 1, 1, 1], [1, 2, 8, 1, 5, 5, 1, 8, 2, 1, 2, 8, 1, 5, 5, 1, 8, 2, 1, 2, 8, 1, 5, 5, 1], [1, 5, 2, 1, 8, 8, 1, 2, 5, 1, 5, 2, 1, 8, 8, 1, 2, 5, 1, 5, 2, 1, 8, 8, 1], [1, 1, 1, 1, 1, 1, 1, 1, 1, 1, 1, 1, 1, 1, 1, 1, 1, 1, 1, 1, 1, 1, 1, 1, 1], [1, 8, 5, 1, 2, 2, 1, 5, 8, 1, 8, 5, 1, 2, 2, 1, 5, 8, 1, 8, 5, 1, 2, 2, 1], [1, 8, 5, 1, 2, 2, 1, 5, 8, 1, 8, 5, 1, 2, 2, 1, 5, 8, 1, 8, 5, 1, 2, 2, 1], [1, 1, 1, 1, 1, 1, 1, 1, 1, 1, 1, 1, 1, 1, 1, 1, 1, 1, 1, 1, 1, 1, 1, 1, 1], [1, 5, 2, 1, 8, 8, 1, 2, 5, 1, 5, 2, 1, 8, 8, 1, 2, 5, 1, 5, 2, 1, 8, 8, 1], [1, 2, 8, 1, 5, 5, 1, 8, 2, 1, 2, 8, 1, 5, 5, 1, 8, 2, 1, 2, 8, 1, 5, 5, 1], [1, 1, 1, 1, 1, 1, 1, 1, 1, 1, 1, 1, 1, 1, 1, 1, 1, 1, 1, 1, 1, 1, 1, 1, 1], [1, 2, 8, 1, 5, 5, 1, 8, 2, 1, 2, 8, 1, 5, 5, 1, 8, 2, 1, 2, 8, 1, 5, 5, 1], [1, 5, 2, 1, 8, 8, 1, 2, 5, 1, 5, 2, 1, 8, 8, 1, 2, 5, 1, 5, 2, 1, 8, 8, 1], [1, 1, 1, 1, 1, 1, 1, 1, 1, 1, 1, 1, 1, 1, 1, 1, 1, 1, 1, 1, 1, 1, 1, 1, 1], [1, 8, 5, 1, 2, 2, 1, 5, 8, 1, 8, 5, 1, 2, 2, 1, 5, 8, 1, 8, 5, 1, 2, 2, 1], [1, 8, 5, 1, 2, 2, 1, 5, 8, 1, 8, 5, 1, 2, 2, 1, 5, 8, 1, 8, 5, 1, 2, 2, 1], [1, 1, 1, 1, 1, 1, 1, 1, 1, 1, 1, 1, 1, 1, 1, 1, 1, 1, 1, 1, 1, 1, 1, 1, 1]]}]}