{"train": [{"input": [[0, 0, 0, 0, 0, 9], [0, 0, 0, 8, 0, 0], [0, 0, 0, 0, 0, 0], [4, 0, 0, 0, 0, 0], [4, 0, 7, 8, 0, 0], [4, 0, 7, 0, 0, 0]], "output": [[0, 0, 0, 0, 0, 0], [0, 0, 0, 0, 0, 0], [0, 0, 0, 0, 0, 0], [4, 0, 0, 0, 0, 0], [4, 0, 7, 8, 0, 0], [4, 0, 7, 8, 0, 9]]}, {"input": [[0, 4, 0, 9], [0, 0, 0, 0], [0, 4, 6, 0], [1, 0, 0, 0]], "output": [[0, 0, 0, 0], [0, 0, 0, 0], [0, 4, 0, 0], [1, 4, 6, 9]]}, {"input": [[0, 0, 0, 1, 0], [0, 3, 0, 0, 0], [0, 3, 0, 1, 2], [6, 0, 0, 0, 0], [0, 3, 0, 0, 0]], "output": [[0, 0, 0, 0, 0], [0, 0, 0, 0, 0], [0, 3, 0, 0, 0], [0, 3, 0, 1, 0], [6, 3, 0, 1, 2]]}], "test": [{"input": [[0, 2, 0, 4, 3], [5, 0, 0, 0, 0], [0, 0, 6, 0, 0], [5, 2, 0, 4, 0], [5, 0, 0, 0, 0]], "output": [[0, 0, 0, 0, 0], [0, 0, 0, 0, 0], [5, 0, 0, 0, 0], [5, 2, 0, 4, 0], [5, 2, 6, 4, 3]]}]}