{"train": [{"input": [[0, 0, 0, 5, 0, 0, 0, 0, 0, 0, 0, 0, 1, 0, 0], [0, 4, 0, 5, 0, 0, 0, 0, 0, 0, 0, 0, 0, 0, 0], [0, 0, 0, 5, 0, 0, 0, 0, 9, 2, 4, 0, 0, 0, 0], [5, 5, 5, 5, 0, 0, 0, 0, 0, 0, 0, 0, 0, 0, 0], [0, 0, 0, 0, 8, 0, 0, 0, 0, 0, 0, 0, 0, 0, 0], [0, 0, 0, 0, 0, 0, 1, 0, 0, 0, 0, 0, 4, 0, 0], [0, 0, 0, 0, 0, 0, 0, 0, 0, 1, 0, 0, 0, 0, 0], [0, 0, 3, 0, 0, 6, 0, 0, 0, 0, 0, 0, 0, 0, 0], [0, 0, 0, 0, 0, 0, 0, 0, 0, 0, 0, 0, 0, 0, 2], [0, 0, 0, 4, 0, 0, 0, 0, 4, 0, 4, 0, 0, 0, 0], [0, 9, 0, 0, 0, 0, 0, 0, 0, 0, 0, 0, 0, 0, 2], [0, 0, 0, 0, 0, 0, 2, 0, 0, 0, 0, 0, 0, 0, 0], [0, 0, 0, 3, 2, 0, 0, 0, 0, 2, 0, 0, 1, 0, 0], [0, 0, 3, 0, 0, 2, 0, 0, 0, 0, 0, 0, 0, 2, 0], [0, 0, 0, 0, 0, 3, 0, 7, 8, 0, 0, 0, 0, 0, 0]], "output": [[0, 0, 0, 5, 0, 0, 0, 0, 0, 0, 0, 0, 1, 0, 0], [0, 4, 0, 5, 0, 0, 0, 0, 0, 0, 0, 0, 0, 0, 0], [0, 0, 0, 5, 0, 0, 0, 0, 9, 2, 0, 0, 0, 0, 0], [5, 5, 5, 5, 0, 0, 0, 0, 0, 0, 0, 0, 0, 0, 0], [0, 0, 0, 0, 8, 0, 0, 0, 0, 0, 0, 0, 0, 0, 0], [0, 0, 0, 0, 0, 0, 1, 0, 0, 0, 0, 0, 0, 0, 0], [0, 0, 0, 0, 0, 0, 0, 0, 0, 1, 0, 0, 0, 0, 0], [0, 0, 3, 0, 0, 6, 0, 0, 0, 0, 0, 0, 0, 0, 0], [0, 0, 0, 0, 0, 0, 0, 0, 0, 0, 0, 0, 0, 0, 2], [0, 0, 0, 0, 0, 0, 0, 0, 0, 0, 0, 0, 0, 0, 0], [0, 9, 0, 0, 0, 0, 0, 0, 0, 0, 0, 0, 0, 0, 2], [0, 0, 0, 0, 0, 0, 2, 0, 0, 0, 0, 0, 0, 0, 0], [0, 0, 0, 3, 2, 0, 0, 0, 0, 2, 0, 0, 1, 0, 0], [0, 0, 3, 0, 0, 2, 0, 0, 0, 0, 0, 0, 0, 2, 0], [0, 0, 0, 0, 0, 3, 0, 7, 8, 0, 0, 0, 0, 0, 0]]}, {"input": [[0, 0, 0, 5, 0, 0, 0, 0, 0, 0, 0, 0, 0, 0, 0], [0, 2, 0, 5, 0, 0, 0, 0, 0, 0, 0, 0, 0, 0, 0], [0, 0, 0, 5, 0, 0, 0, 0, 0, 0, 0, 0, 3, 0, 0], [5, 5, 5, 5, 0, 0, 0, 0, 0, 0, 0, 0, 0, 0, 0], [0, 0, 0, 0, 0, 0, 1, 0, 0, 0, 0, 0, 0, 0, 2], [0, 0, 0, 0, 0, 0, 0, 8, 0, 7, 0, 0, 0, 0, 0], [0, 0, 0, 0, 0, 0, 0, 0, 0, 0, 0, 0, 0, 0, 0], [0, 0, 0, 0, 0, 0, 0, 0, 0, 4, 0, 0, 0, 0, 0], [0, 0, 0, 0, 0, 0, 0, 0, 0, 0, 0, 2, 0, 0, 0], [0, 0, 0, 0, 0, 0, 0, 0, 0, 0, 0, 0, 0, 0, 0], [9, 0, 0, 0, 0, 1, 0, 0, 0, 0, 0, 0, 7, 0, 0], [0, 0, 0, 0, 0, 0, 0, 0, 0, 0, 0, 0, 7, 0, 0], [0, 0, 0, 0, 0, 0, 0, 0, 0, 0, 0, 0, 0, 0, 2], [0, 0, 6, 0, 0, 8, 0, 0, 0, 0, 0, 0, 0, 0, 0], [0, 0, 4, 0, 0, 0, 0, 6, 0, 0, 0, 0, 0, 0, 0]], "output": [[0, 0, 0, 5, 0, 0, 0, 0, 0, 0, 0, 0, 0, 0, 0], [0, 2, 0, 5, 0, 0, 0, 0, 0, 0, 0, 0, 0, 0, 0], [0, 0, 0, 5, 0, 0, 0, 0, 0, 0, 0, 0, 3, 0, 0], [5, 5, 5, 5, 0, 0, 0, 0, 0, 0, 0, 0, 0, 0, 0], [0, 0, 0, 0, 0, 0, 1, 0, 0, 0, 0, 0, 0, 0, 0], [0, 0, 0, 0, 0, 0, 0, 8, 0, 7, 0, 0, 0, 0, 0], [0, 0, 0, 0, 0, 0, 0, 0, 0, 0, 0, 0, 0, 0, 0], [0, 0, 0, 0, 0, 0, 0, 0, 0, 4, 0, 0, 0, 0, 0], [0, 0, 0, 0, 0, 0, 0, 0, 0, 0, 0, 0, 0, 0, 0], [0, 0, 0, 0, 0, 0, 0, 0, 0, 0, 0, 0, 0, 0, 0], [9, 0, 0, 0, 0, 1, 0, 0, 0, 0, 0, 0, 7, 0, 0], [0, 0, 0, 0, 0, 0, 0, 0, 0, 0, 0, 0, 7, 0, 0], [0, 0, 0, 0, 0, 0, 0, 0, 0, 0, 0, 0, 0, 0, 0], [0, 0, 6, 0, 0, 8, 0, 0, 0, 0, 0, 0, 0, 0, 0], [0, 0, 4, 0, 0, 0, 0, 6, 0, 0, 0, 0, 0, 0, 0]]}, {"input": [[0, 0, 0, 5, 0, 0, 0, 0, 3, 0, 0, 0, 0, 0, 0], [0, 3, 0, 5, 0, 0, 0, 0, 0, 0, 0, 0, 0, 0, 3], [0, 0, 0, 5, 0, 6, 0, 0, 0, 0, 9, 0, 0, 0, 9], [5, 5, 5, 5, 0, 0, 0, 2, 0, 0, 0, 0, 0, 0, 4], [0, 0, 0, 0, 0, 0, 0, 0, 0, 0, 0, 6, 0, 0, 0], [0, 0, 0, 0, 0, 4, 0, 0, 0, 0, 0, 0, 4, 0, 0], [0, 0, 0, 0, 0, 0, 0, 0, 4, 0, 0, 0, 9, 0, 1], [4, 0, 0, 0, 0, 2, 0, 0, 0, 0, 0, 0, 0, 0, 4], [0, 8, 2, 0, 0, 0, 0, 0, 0, 0, 0, 0, 0, 0, 0], [0, 9, 0, 0, 0, 0, 5, 0, 0, 0, 0, 2, 0, 0, 0], [0, 0, 0, 0, 0, 4, 0, 0, 0, 3, 0, 0, 0, 0, 9], [0, 1, 0, 0, 0, 0, 0, 0, 0, 0, 0, 0, 0, 0, 0], [3, 0, 0, 0, 1, 0, 0, 0, 0, 0, 9, 0, 0, 0, 0], [0, 0, 0, 0, 0, 0, 0, 0, 0, 0, 0, 0, 0, 0, 0], [0, 0, 0, 0, 0, 3, 0, 0, 6, 0, 0, 1, 0, 0, 8]], "output": [[0, 0, 0, 5, 0, 0, 0, 0, 0, 0, 0, 0, 0, 0, 0], [0, 3, 0, 5, 0, 0, 0, 0, 0, 0, 0, 0, 0, 0, 0], [0, 0, 0, 5, 0, 6, 0, 0, 0, 0, 9, 0, 0, 0, 9], [5, 5, 5, 5, 0, 0, 0, 2, 0, 0, 0, 0, 0, 0, 4], [0, 0, 0, 0, 0, 0, 0, 0, 0, 0, 0, 6, 0, 0, 0], [0, 0, 0, 0, 0, 4, 0, 0, 0, 0, 0, 0, 4, 0, 0], [0, 0, 0, 0, 0, 0, 0, 0, 4, 0, 0, 0, 9, 0, 1], [4, 0, 0, 0, 0, 2, 0, 0, 0, 0, 0, 0, 0, 0, 4], [0, 8, 2, 0, 0, 0, 0, 0, 0, 0, 0, 0, 0, 0, 0], [0, 9, 0, 0, 0, 0, 5, 0, 0, 0, 0, 2, 0, 0, 0], [0, 0, 0, 0, 0, 4, 0, 0, 0, 0, 0, 0, 0, 0, 9], [0, 1, 0, 0, 0, 0, 0, 0, 0, 0, 0, 0, 0, 0, 0], [0, 0, 0, 0, 1, 0, 0, 0, 0, 0, 9, 0, 0, 0, 0], [0, 0, 0, 0, 0, 0, 0, 0, 0, 0, 0, 0, 0, 0, 0], [0, 0, 0, 0, 0, 0, 0, 0, 6, 0, 0, 1, 0, 0, 8]]}], "test": [{"input": [[0, 0, 0, 5, 0, 0, 0, 0, 0, 0, 0, 0, 0, 0, 0], [0, 1, 0, 5, 0, 0, 0, 0, 1, 0, 0, 0, 0, 0, 0], [0, 0, 0, 5, 0, 3, 0, 0, 0, 0, 8, 0, 0, 0, 7], [5, 5, 5, 5, 0, 0, 6, 0, 0, 0, 0, 0, 0, 0, 0], [0, 0, 0, 0, 0, 0, 0, 0, 0, 4, 0, 0, 6, 2, 0], [0, 0, 0, 0, 0, 0, 9, 0, 0, 0, 3, 0, 0, 0, 0], [0, 0, 0, 1, 0, 8, 7, 0, 0, 0, 0, 0, 0, 3, 0], [0, 0, 0, 0, 7, 0, 0, 7, 2, 0, 0, 0, 0, 0, 0], [0, 0, 0, 0, 0, 4, 1, 0, 0, 0, 6, 6, 0, 0, 0], [0, 0, 0, 0, 0, 0, 0, 0, 8, 0, 0, 0, 0, 0, 0], [0, 0, 0, 0, 0, 0, 0, 0, 0, 0, 0, 9, 0, 0, 0], [0, 0, 0, 0, 0, 0, 0, 0, 9, 0, 0, 0, 0, 0, 0], [0, 0, 0, 0, 0, 0, 0, 0, 0, 4, 0, 0, 0, 2, 0], [0, 0, 0, 1, 0, 0, 0, 0, 0, 0, 0, 0, 0, 0, 0], [0, 0, 0, 0, 9, 0, 0, 0, 0, 0, 0, 7, 0, 0, 0]], "output": [[0, 0, 0, 5, 0, 0, 0, 0, 0, 0, 0, 0, 0, 0, 0], [0, 1, 0, 5, 0, 0, 0, 0, 0, 0, 0, 0, 0, 0, 0], [0, 0, 0, 5, 0, 3, 0, 0, 0, 0, 8, 0, 0, 0, 7], [5, 5, 5, 5, 0, 0, 6, 0, 0, 0, 0, 0, 0, 0, 0], [0, 0, 0, 0, 0, 0, 0, 0, 0, 4, 0, 0, 6, 2, 0], [0, 0, 0, 0, 0, 0, 9, 0, 0, 0, 3, 0, 0, 0, 0], [0, 0, 0, 0, 0, 8, 7, 0, 0, 0, 0, 0, 0, 3, 0], [0, 0, 0, 0, 7, 0, 0, 7, 2, 0, 0, 0, 0, 0, 0], [0, 0, 0, 0, 0, 4, 0, 0, 0, 0, 6, 6, 0, 0, 0], [0, 0, 0, 0, 0, 0, 0, 0, 8, 0, 0, 0, 0, 0, 0], [0, 0, 0, 0, 0, 0, 0, 0, 0, 0, 0, 9, 0, 0, 0], [0, 0, 0, 0, 0, 0, 0, 0, 9, 0, 0, 0, 0, 0, 0], [0, 0, 0, 0, 0, 0, 0, 0, 0, 4, 0, 0, 0, 2, 0], [0, 0, 0, 0, 0, 0, 0, 0, 0, 0, 0, 0, 0, 0, 0], [0, 0, 0, 0, 9, 0, 0, 0, 0, 0, 0, 7, 0, 0, 0]]}]}