{"train": [{"input": [[9, 9, 9, 7, 2, 2, 2, 7, 3, 3, 3], [9, 9, 9, 7, 2, 2, 2, 7, 3, 3, 3], [9, 9, 9, 7, 2, 2, 2, 7, 3, 3, 3], [7, 7, 7, 7, 7, 7, 7, 7, 7, 7, 7], [7, 5, 7, 7, 7, 0, 7, 7, 7, 8, 7], [7, 7, 7, 7, 7, 7, 7, 7, 7, 7, 7], [6, 6, 6, 6, 6, 6, 6, 6, 6, 6, 6], [7, 7, 7, 7, 7, 7, 7, 7, 7, 7, 7], [7, 0, 7, 7, 7, 7, 7, 7, 7, 7, 7], [7, 7, 7, 7, 7, 5, 7, 7, 8, 7, 7], [7, 7, 7, 7, 7, 7, 7, 7, 7, 7, 7], [7, 7, 7, 7, 7, 7, 7, 7, 7, 7, 7], [7, 7, 7, 7, 7, 7, 7, 7, 7, 7, 7], [7, 8, 7, 7, 7, 0, 7, 7, 7, 5, 7], [7, 7, 7, 7, 7, 7, 7, 7, 7, 7, 7], [7, 7, 7, 7, 7, 7, 7, 7, 7, 7, 7], [7, 7, 7, 7, 7, 7, 7, 7, 7, 7, 7], [7, 7, 7, 7, 7, 7, 7, 7, 7, 8, 7], [7, 7, 7, 8, 7, 7, 7, 7, 7, 7, 7], [7, 7, 7, 7, 7, 7, 7, 7, 7, 7, 7]], "output": [[2, 2, 2, 7, 7, 7, 7, 7, 7, 7, 7], [2, 2, 2, 7, 9, 9, 9, 3, 3, 3, 7], [2, 2, 2, 7, 9, 9, 9, 3, 3, 3, 7], [7, 7, 7, 7, 9, 9, 9, 3, 3, 3, 7], [7, 7, 7, 7, 7, 7, 7, 7, 7, 7, 7], [3, 3, 3, 7, 2, 2, 2, 7, 9, 9, 9], [3, 3, 3, 7, 2, 2, 2, 7, 9, 9, 9], [3, 3, 3, 7, 2, 2, 2, 7, 9, 9, 9], [7, 7, 7, 7, 7, 7, 7, 7, 7, 7, 7], [7, 7, 7, 7, 7, 7, 7, 7, 3, 3, 3], [7, 7, 3, 3, 3, 7, 7, 7, 3, 3, 3], [7, 7, 3, 3, 3, 7, 7, 7, 3, 3, 3], [7, 7, 3, 3, 3, 7, 7, 7, 7, 7, 7]]}, {"input": [[5, 5, 5, 7, 4, 4, 4, 7, 6, 6, 6], [5, 5, 5, 7, 4, 4, 4, 7, 6, 6, 6], [5, 5, 5, 7, 4, 4, 4, 7, 6, 6, 6], [7, 7, 7, 7, 7, 7, 7, 7, 7, 7, 7], [7, 2, 7, 7, 7, 8, 7, 7, 7, 1, 7], [7, 7, 7, 7, 7, 7, 7, 7, 7, 7, 7], [6, 6, 6, 6, 6, 6, 6, 6, 6, 6, 6], [7, 7, 7, 7, 7, 7, 7, 7, 7, 7, 7], [7, 1, 7, 7, 7, 7, 7, 7, 7, 7, 7], [7, 7, 7, 7, 8, 7, 7, 7, 7, 8, 7], [7, 7, 7, 7, 7, 7, 7, 7, 7, 7, 7], [7, 7, 7, 7, 7, 7, 7, 7, 7, 7, 7], [7, 2, 7, 7, 7, 7, 7, 7, 7, 2, 7], [7, 7, 7, 7, 7, 1, 7, 7, 7, 7, 7], [7, 7, 7, 7, 7, 7, 7, 7, 7, 7, 7], [7, 7, 7, 7, 7, 7, 7, 7, 7, 7, 7], [7, 8, 7, 7, 7, 7, 7, 8, 7, 7, 7], [7, 7, 7, 7, 7, 7, 7, 7, 7, 7, 7], [7, 7, 7, 7, 1, 7, 7, 7, 7, 7, 7], [7, 7, 7, 7, 7, 7, 7, 7, 7, 7, 7]], "output": [[6, 6, 6, 7, 7, 7, 7, 7, 7, 7, 7], [6, 6, 6, 4, 4, 4, 7, 7, 4, 4, 4], [6, 6, 6, 4, 4, 4, 7, 7, 4, 4, 4], [7, 7, 7, 4, 4, 4, 7, 7, 4, 4, 4], [5, 5, 5, 7, 7, 7, 7, 7, 5, 5, 5], [5, 5, 5, 7, 6, 6, 6, 7, 5, 5, 5], [5, 5, 5, 7, 6, 6, 6, 7, 5, 5, 5], [7, 7, 7, 7, 6, 6, 6, 7, 7, 7, 7], [4, 4, 4, 7, 7, 7, 4, 4, 4, 7, 7], [4, 4, 4, 7, 7, 7, 4, 4, 4, 7, 7], [4, 4, 4, 6, 6, 6, 4, 4, 4, 7, 7], [7, 7, 7, 6, 6, 6, 7, 7, 7, 7, 7], [7, 7, 7, 6, 6, 6, 7, 7, 7, 7, 7]]}], "test": [{"input": [[2, 2, 2, 7, 1, 1, 1, 7, 5, 5, 5], [2, 2, 2, 7, 1, 1, 1, 7, 5, 5, 5], [2, 2, 2, 7, 1, 1, 1, 7, 5, 5, 5], [7, 7, 7, 7, 7, 7, 7, 7, 7, 7, 7], [7, 8, 7, 7, 7, 6, 7, 7, 7, 9, 7], [7, 7, 7, 7, 7, 7, 7, 7, 7, 7, 7], [6, 6, 6, 6, 6, 6, 6, 6, 6, 6, 6], [7, 7, 7, 7, 7, 7, 7, 7, 7, 7, 7], [7, 7, 7, 7, 7, 6, 7, 7, 7, 9, 7], [7, 7, 9, 7, 7, 7, 7, 7, 7, 7, 7], [7, 7, 7, 7, 7, 7, 7, 7, 7, 7, 7], [7, 7, 7, 7, 7, 7, 7, 7, 7, 7, 7], [7, 7, 8, 7, 7, 7, 7, 8, 7, 7, 7], [7, 7, 7, 7, 7, 7, 7, 7, 7, 7, 7], [7, 7, 7, 7, 7, 7, 7, 7, 7, 7, 7], [7, 7, 7, 7, 7, 7, 7, 7, 7, 7, 7], [7, 7, 9, 7, 7, 8, 7, 7, 7, 7, 7], [7, 7, 7, 7, 7, 7, 7, 7, 7, 9, 7], [7, 7, 7, 7, 7, 7, 7, 7, 7, 7, 7], [7, 7, 7, 7, 7, 7, 7, 7, 7, 7, 7]], "output": [[7, 7, 7, 7, 1, 1, 1, 7, 5, 5, 5], [7, 5, 5, 5, 1, 1, 1, 7, 5, 5, 5], [7, 5, 5, 5, 1, 1, 1, 7, 5, 5, 5], [7, 5, 5, 5, 7, 7, 7, 7, 7, 7, 7], [7, 2, 2, 2, 7, 7, 2, 2, 2, 7, 7], [7, 2, 2, 2, 7, 7, 2, 2, 2, 7, 7], [7, 2, 2, 2, 7, 7, 2, 2, 2, 7, 7], [7, 7, 7, 7, 7, 7, 7, 7, 7, 7, 7], [7, 5, 5, 5, 2, 2, 2, 7, 7, 7, 7], [7, 5, 5, 5, 2, 2, 2, 7, 5, 5, 5], [7, 5, 5, 5, 2, 2, 2, 7, 5, 5, 5], [7, 7, 7, 7, 7, 7, 7, 7, 5, 5, 5], [7, 7, 7, 7, 7, 7, 7, 7, 7, 7, 7]]}]}