{"train": [{"input": [[7, 7, 7, 7, 7, 7, 7, 7, 7, 7], [7, 5, 7, 7, 7, 7, 7, 5, 7, 7], [7, 2, 7, 7, 7, 7, 7, 2, 7, 7], [7, 2, 7, 7, 7, 7, 7, 2, 7, 7], [7, 0, 7, 7, 7, 7, 7, 2, 7, 7], [7, 2, 7, 7, 7, 7, 7, 2, 7, 7], [7, 2, 7, 7, 7, 7, 7, 0, 7, 7], [7, 2, 7, 7, 7, 7, 7, 2, 7, 7], [7, 2, 7, 7, 7, 7, 7, 7, 7, 7], [7, 7, 7, 7, 7, 7, 7, 7, 7, 7]], "output": [[7, 7, 7, 7, 7, 7, 7, 7, 7, 7], [7, 5, 7, 7, 7, 7, 7, 5, 7, 7], [7, 2, 7, 7, 7, 7, 7, 2, 7, 7], [7, 2, 7, 7, 7, 7, 7, 2, 7, 7], [7, 0, 2, 2, 2, 2, 7, 2, 7, 7], [7, 7, 7, 7, 7, 7, 7, 2, 7, 7], [7, 7, 7, 7, 7, 7, 2, 0, 7, 7], [7, 7, 7, 7, 7, 7, 7, 7, 7, 7], [7, 7, 7, 7, 7, 7, 7, 7, 7, 7], [7, 7, 7, 7, 7, 7, 7, 7, 7, 7]]}, {"input": [[7, 7, 7, 7, 7, 7, 7, 7], [7, 7, 7, 7, 7, 7, 7, 7], [7, 7, 7, 7, 7, 7, 7, 7], [7, 5, 2, 2, 0, 2, 2, 7], [7, 7, 7, 7, 7, 7, 7, 7], [7, 7, 7, 7, 7, 7, 7, 7], [7, 7, 7, 7, 7, 7, 7, 7], [7, 7, 7, 7, 7, 7, 7, 7]], "output": [[7, 7, 7, 7, 7, 7, 7, 7], [7, 7, 7, 7, 7, 7, 7, 7], [7, 7, 7, 7, 7, 7, 7, 7], [7, 5, 2, 2, 0, 7, 7, 7], [7, 7, 7, 7, 2, 7, 7, 7], [7, 7, 7, 7, 2, 7, 7, 7], [7, 7, 7, 7, 7, 7, 7, 7], [7, 7, 7, 7, 7, 7, 7, 7]]}, {"input": [[7, 7, 7, 7, 7, 7, 7, 7, 7, 7, 7, 7], [7, 7, 7, 7, 7, 7, 7, 7, 7, 7, 7, 7], [7, 2, 0, 2, 5, 7, 7, 7, 7, 7, 7, 7], [7, 7, 7, 7, 7, 7, 7, 7, 7, 7, 7, 7], [7, 7, 7, 7, 7, 7, 7, 7, 7, 7, 7, 7], [7, 7, 7, 7, 7, 7, 7, 7, 7, 7, 7, 7], [7, 7, 7, 7, 7, 7, 7, 7, 7, 7, 7, 7], [7, 7, 7, 7, 7, 7, 7, 7, 7, 7, 7, 7], [7, 7, 7, 7, 7, 7, 7, 7, 7, 7, 7, 7], [7, 5, 2, 2, 0, 2, 2, 7, 7, 7, 7, 7], [7, 7, 7, 7, 7, 7, 7, 7, 7, 7, 7, 7], [7, 7, 2, 2, 2, 2, 2, 0, 2, 2, 5, 7]], "output": [[7, 7, 7, 7, 7, 7, 7, 7, 7, 7, 7, 7], [7, 7, 7, 7, 7, 7, 7, 7, 7, 7, 7, 7], [7, 7, 0, 2, 5, 7, 7, 7, 7, 7, 7, 7], [7, 7, 2, 7, 7, 7, 7, 7, 7, 7, 7, 7], [7, 7, 7, 7, 7, 7, 7, 7, 7, 7, 7, 7], [7, 7, 7, 7, 7, 7, 7, 7, 7, 7, 7, 7], [7, 7, 7, 7, 7, 7, 7, 2, 7, 7, 7, 7], [7, 7, 7, 7, 2, 7, 7, 2, 7, 7, 7, 7], [7, 7, 7, 7, 2, 7, 7, 2, 7, 7, 7, 7], [7, 5, 2, 2, 0, 7, 7, 2, 7, 7, 7, 7], [7, 7, 7, 7, 7, 7, 7, 2, 7, 7, 7, 7], [7, 7, 7, 7, 7, 7, 7, 0, 2, 2, 5, 7]]}], "test": [{"input": [[7, 7, 7, 7, 7, 7, 7, 7, 7, 7, 7, 7, 7, 7, 7, 7], [7, 7, 7, 7, 7, 7, 7, 7, 7, 7, 7, 7, 7, 7, 7, 7], [7, 7, 7, 7, 7, 7, 7, 7, 7, 7, 7, 7, 7, 5, 7, 7], [7, 7, 7, 7, 7, 7, 7, 7, 7, 7, 7, 7, 7, 2, 7, 7], [7, 2, 7, 7, 7, 7, 7, 7, 7, 7, 7, 7, 7, 2, 7, 7], [7, 2, 7, 7, 5, 2, 2, 0, 2, 2, 7, 7, 7, 0, 7, 7], [7, 2, 7, 7, 7, 7, 7, 7, 7, 7, 7, 7, 7, 2, 7, 7], [7, 0, 7, 7, 7, 7, 7, 7, 7, 7, 7, 7, 7, 2, 7, 7], [7, 2, 7, 7, 7, 7, 7, 7, 7, 7, 7, 7, 7, 7, 7, 7], [7, 2, 7, 7, 2, 7, 7, 7, 7, 7, 7, 7, 7, 7, 7, 7], [7, 2, 7, 7, 0, 7, 7, 7, 7, 7, 7, 7, 7, 7, 7, 7], [7, 2, 7, 7, 2, 7, 2, 7, 7, 7, 5, 0, 2, 7, 7, 7], [7, 2, 7, 7, 2, 7, 2, 7, 7, 7, 7, 7, 7, 7, 7, 7], [7, 2, 7, 7, 2, 7, 0, 7, 7, 7, 7, 7, 7, 7, 7, 7], [7, 2, 7, 7, 2, 7, 2, 7, 7, 7, 7, 7, 7, 7, 7, 7], [7, 5, 7, 7, 5, 7, 5, 7, 7, 7, 7, 7, 7, 2, 0, 5]], "output": [[7, 7, 7, 7, 7, 7, 7, 7, 7, 7, 7, 7, 7, 7, 7, 7], [7, 7, 7, 7, 7, 7, 7, 7, 7, 7, 7, 7, 7, 7, 7, 7], [7, 7, 7, 7, 7, 7, 7, 7, 7, 7, 7, 7, 7, 5, 7, 7], [7, 7, 7, 7, 7, 7, 7, 7, 7, 7, 7, 7, 7, 2, 7, 7], [7, 7, 7, 7, 7, 7, 7, 7, 7, 7, 7, 7, 7, 2, 7, 7], [7, 7, 7, 7, 5, 2, 2, 0, 7, 7, 7, 2, 2, 0, 7, 7], [7, 7, 7, 7, 7, 7, 7, 2, 7, 7, 7, 7, 7, 7, 7, 7], [7, 0, 2, 2, 2, 7, 7, 2, 7, 7, 7, 7, 7, 7, 7, 7], [7, 2, 7, 7, 7, 7, 7, 7, 7, 7, 7, 7, 7, 7, 7, 7], [7, 2, 7, 7, 7, 7, 7, 7, 7, 7, 7, 7, 7, 7, 7, 7], [7, 2, 7, 7, 0, 2, 7, 7, 7, 7, 7, 2, 7, 7, 7, 7], [7, 2, 7, 7, 2, 7, 7, 7, 7, 7, 5, 0, 7, 7, 7, 7], [7, 2, 7, 7, 2, 7, 7, 7, 7, 7, 7, 7, 7, 7, 7, 7], [7, 2, 7, 7, 2, 7, 0, 2, 2, 7, 7, 7, 7, 7, 7, 7], [7, 2, 7, 7, 2, 7, 2, 7, 7, 7, 7, 7, 7, 7, 2, 7], [7, 5, 7, 7, 5, 7, 5, 7, 7, 7, 7, 7, 7, 7, 0, 5]]}]}