{"train": [{"input": [[0, 0, 0, 0, 0, 0, 5, 0, 0, 0, 0], [2, 2, 2, 0, 5, 8, 8, 0, 0, 0, 0], [0, 0, 5, 0, 0, 0, 0, 0, 5, 6, 6]], "output": [[0, 0, 0, 0, 0, 0, 0, 0, 0], [2, 2, 2, 0, 0, 8, 6, 6, 6], [0, 0, 2, 8, 8, 8, 0, 0, 0]]}, {"input": [[0, 0, 0, 5, 1, 5, 0, 0, 0, 0, 0], [2, 2, 0, 0, 0, 0, 0, 0, 3, 3, 3], [0, 5, 0, 0, 0, 0, 0, 5, 3, 0, 0]], "output": [[0, 0, 0, 0, 0, 0, 0, 0, 0], [2, 2, 0, 0, 0, 0, 3, 3, 3], [0, 2, 1, 1, 1, 3, 3, 0, 0]]}, {"input": [[0, 1, 5, 0, 0, 0, 0, 0, 2, 2, 0], [1, 1, 0, 0, 5, 2, 0, 5, 2, 0, 0], [0, 0, 0, 0, 0, 5, 0, 0, 0, 0, 0]], "output": [[0, 1, 1, 2, 2, 0, 2, 2], [1, 1, 0, 0, 2, 2, 2, 0], [0, 0, 0, 0, 0, 0, 0, 0]]}, {"input": [[0, 5, 0, 0, 0, 0, 0, 0, 0], [2, 2, 0, 5, 1, 0, 5, 2, 2], [0, 0, 0, 0, 5, 0, 0, 0, 0]], "output": [[0, 2, 1, 1, 0, 0, 0], [2, 2, 0, 1, 2, 2, 2], [0, 0, 0, 0, 0, 0, 0]]}], "test": [{"input": [[0, 5, 0, 5, 1, 0, 0, 5, 0, 5, 8], [2, 2, 0, 0, 1, 0, 5, 3, 0, 0, 8], [0, 0, 0, 0, 5, 0, 0, 0, 0, 0, 0]], "output": [[0, 2, 1, 1, 0, 0, 0, 0], [2, 2, 0, 1, 0, 3, 8, 8], [0, 0, 0, 1, 3, 3, 0, 8]]}]}