{"train": [{"input": [[0, 0, 0, 0, 0, 0, 0, 0, 0, 0, 0, 0, 0, 0, 0], [0, 0, 0, 0, 0, 0, 0, 0, 0, 0, 0, 0, 0, 0, 0], [0, 2, 2, 2, 2, 2, 2, 2, 2, 2, 2, 2, 2, 2, 0], [0, 2, 2, 2, 2, 2, 2, 2, 2, 2, 2, 2, 2, 2, 0], [0, 2, 2, 7, 7, 7, 7, 2, 2, 2, 2, 2, 2, 2, 0], [0, 2, 2, 7, 7, 7, 7, 2, 2, 2, 2, 2, 2, 2, 0], [0, 2, 2, 7, 7, 7, 7, 2, 2, 2, 2, 2, 2, 2, 0], [0, 2, 2, 2, 2, 2, 2, 2, 2, 2, 2, 2, 2, 2, 0], [0, 2, 2, 2, 2, 2, 2, 2, 2, 2, 2, 2, 2, 2, 0], [0, 2, 2, 2, 2, 2, 3, 3, 3, 3, 3, 3, 3, 2, 0], [0, 0, 0, 0, 0, 0, 3, 3, 3, 3, 3, 3, 3, 0, 0], [0, 0, 0, 0, 0, 0, 3, 3, 3, 3, 3, 3, 3, 0, 0], [0, 0, 0, 0, 0, 0, 3, 3, 3, 3, 3, 3, 3, 0, 0]], "output": [[7, 7, 7, 7], [7, 7, 7, 7], [7, 7, 7, 7]]}, {"input": [[0, 0, 0, 0, 0, 0, 0, 0, 0, 0, 0, 0, 0, 0, 0, 0, 0, 0, 0, 0], [0, 0, 0, 0, 0, 0, 0, 0, 0, 0, 0, 0, 0, 0, 0, 0, 0, 0, 0, 0], [0, 0, 0, 0, 0, 0, 0, 0, 0, 0, 0, 0, 8, 8, 8, 8, 8, 8, 8, 0], [0, 3, 3, 3, 3, 3, 3, 3, 3, 0, 4, 4, 4, 4, 4, 4, 8, 8, 8, 0], [0, 3, 3, 3, 3, 3, 3, 3, 3, 0, 4, 4, 4, 4, 4, 4, 8, 8, 8, 0], [0, 3, 3, 3, 3, 3, 3, 3, 3, 0, 4, 4, 4, 4, 4, 4, 8, 8, 8, 0], [0, 3, 3, 3, 3, 3, 3, 3, 3, 0, 4, 4, 4, 4, 4, 4, 8, 8, 8, 0], [0, 3, 3, 3, 3, 3, 3, 3, 3, 0, 0, 0, 8, 8, 8, 8, 8, 8, 8, 0], [0, 3, 3, 3, 3, 3, 3, 3, 3, 0, 0, 0, 8, 8, 8, 8, 8, 8, 8, 0], [0, 3, 3, 3, 3, 3, 3, 3, 3, 0, 0, 0, 0, 0, 0, 0, 0, 0, 0, 0], [0, 3, 3, 3, 2, 2, 2, 2, 2, 2, 0, 0, 0, 0, 0, 0, 0, 0, 0, 0], [0, 3, 3, 3, 2, 2, 2, 2, 2, 2, 0, 0, 0, 0, 0, 0, 0, 0, 0, 0], [0, 0, 0, 0, 2, 2, 2, 2, 2, 2, 0, 0, 0, 0, 0, 0, 0, 0, 0, 0], [0, 0, 0, 0, 2, 2, 2, 2, 2, 2, 0, 0, 0, 0, 0, 0, 0, 0, 0, 0], [0, 0, 0, 0, 2, 2, 2, 2, 2, 2, 0, 0, 0, 0, 0, 0, 0, 0, 0, 0], [0, 0, 0, 0, 0, 0, 0, 0, 0, 0, 0, 0, 0, 0, 1, 1, 1, 0, 0, 0], [0, 0, 0, 0, 0, 0, 0, 0, 0, 0, 0, 0, 0, 0, 1, 1, 1, 0, 0, 0], [0, 0, 0, 0, 0, 0, 0, 0, 0, 0, 0, 0, 0, 0, 0, 0, 0, 0, 0, 0], [0, 0, 0, 0, 0, 0, 0, 0, 0, 0, 0, 0, 0, 0, 0, 0, 0, 0, 0, 0], [0, 0, 0, 0, 0, 0, 0, 0, 0, 0, 0, 0, 0, 0, 0, 0, 0, 0, 0, 0]], "output": [[1, 1, 1], [1, 1, 1]]}, {"input": [[0, 0, 0, 0, 0, 0, 0, 0, 0, 2, 2, 2, 0, 0, 0], [0, 0, 3, 3, 3, 3, 0, 0, 0, 2, 2, 2, 0, 0, 0], [0, 0, 3, 3, 3, 3, 0, 0, 0, 2, 2, 2, 0, 0, 0], [0, 0, 3, 3, 3, 3, 0, 0, 0, 2, 2, 2, 0, 0, 0], [0, 0, 3, 3, 3, 3, 0, 0, 0, 0, 0, 0, 0, 0, 0], [0, 0, 3, 3, 3, 6, 6, 0, 0, 0, 0, 0, 0, 0, 0], [0, 0, 3, 3, 3, 6, 6, 0, 0, 0, 0, 0, 0, 0, 0], [0, 0, 3, 3, 3, 6, 6, 0, 0, 0, 0, 0, 0, 0, 0], [0, 0, 3, 3, 3, 3, 0, 0, 0, 0, 0, 0, 0, 0, 0], [0, 0, 3, 3, 3, 3, 0, 0, 0, 0, 0, 0, 0, 0, 0]], "output": [[6, 6], [6, 6], [6, 6]]}, {"input": [[0, 0, 0, 0, 0, 0, 0, 0, 0, 0, 0, 0, 0, 0, 0], [0, 0, 0, 0, 0, 0, 0, 0, 0, 0, 0, 0, 0, 0, 0], [0, 1, 1, 1, 1, 1, 1, 1, 1, 0, 0, 0, 0, 0, 0], [0, 1, 1, 1, 1, 1, 1, 1, 1, 0, 0, 4, 4, 0, 0], [0, 1, 1, 1, 1, 1, 1, 1, 1, 0, 0, 4, 4, 0, 0], [0, 1, 1, 1, 1, 1, 1, 1, 1, 0, 0, 0, 0, 0, 0], [0, 1, 1, 1, 1, 1, 1, 1, 1, 0, 0, 0, 0, 0, 0], [0, 1, 1, 1, 1, 1, 1, 1, 1, 0, 0, 0, 0, 0, 0], [0, 1, 1, 1, 1, 1, 1, 1, 1, 0, 0, 0, 0, 0, 0], [0, 0, 0, 0, 0, 0, 0, 0, 0, 0, 0, 0, 0, 0, 0], [0, 0, 0, 0, 0, 0, 0, 0, 0, 0, 0, 0, 0, 0, 0], [0, 0, 0, 0, 6, 6, 6, 6, 6, 6, 6, 0, 0, 0, 0], [0, 0, 0, 0, 6, 6, 6, 6, 6, 6, 6, 0, 0, 0, 0], [0, 0, 0, 0, 6, 6, 6, 6, 6, 6, 6, 0, 0, 0, 0], [0, 0, 0, 0, 6, 6, 6, 6, 6, 6, 6, 0, 0, 0, 0], [0, 0, 0, 0, 0, 0, 0, 0, 0, 0, 0, 0, 0, 0, 0], [0, 0, 0, 0, 0, 0, 0, 0, 0, 0, 0, 0, 0, 0, 0], [0, 0, 0, 0, 0, 0, 0, 0, 0, 0, 0, 0, 0, 0, 0]], "output": [[4, 4], [4, 4]]}, {"input": [[0, 0, 0, 0, 0, 0, 0, 0, 0, 0], [0, 2, 2, 2, 2, 2, 2, 0, 0, 0], [0, 2, 2, 2, 2, 2, 2, 0, 0, 0], [0, 2, 2, 2, 2, 2, 2, 0, 0, 0], [0, 2, 2, 2, 2, 2, 2, 0, 0, 0], [0, 2, 2, 8, 8, 8, 2, 0, 0, 0], [0, 2, 2, 8, 8, 8, 2, 0, 0, 0], [0, 0, 0, 8, 8, 8, 0, 0, 0, 0], [0, 0, 0, 0, 0, 0, 0, 0, 0, 0], [0, 0, 0, 0, 0, 0, 0, 0, 0, 0]], "output": [[8, 8, 8], [8, 8, 8], [8, 8, 8]]}], "test": [{"input": [[0, 0, 0, 0, 0, 0, 0, 0, 0, 0, 0, 0, 0, 0, 0, 0, 0, 0], [0, 0, 0, 0, 0, 0, 0, 0, 0, 0, 0, 0, 0, 0, 0, 0, 0, 0], [0, 0, 1, 1, 1, 1, 1, 1, 0, 0, 0, 0, 0, 0, 0, 0, 0, 0], [0, 0, 1, 1, 1, 1, 1, 1, 0, 4, 4, 4, 4, 4, 4, 4, 4, 0], [0, 0, 1, 1, 1, 1, 1, 1, 0, 4, 4, 4, 4, 4, 4, 4, 4, 0], [0, 0, 1, 1, 1, 1, 1, 1, 0, 4, 4, 4, 4, 4, 4, 4, 4, 0], [0, 0, 1, 1, 1, 1, 1, 1, 0, 4, 4, 4, 4, 4, 4, 4, 4, 0], [0, 0, 1, 1, 1, 1, 1, 1, 0, 4, 4, 4, 4, 4, 4, 4, 4, 0], [0, 0, 0, 0, 0, 0, 0, 0, 0, 4, 4, 4, 4, 4, 4, 4, 4, 0], [0, 0, 0, 0, 0, 0, 0, 6, 6, 6, 4, 4, 4, 4, 4, 4, 4, 0], [0, 0, 0, 0, 0, 0, 0, 6, 6, 6, 4, 4, 4, 4, 4, 4, 4, 0], [0, 0, 0, 0, 0, 0, 0, 6, 6, 6, 4, 4, 4, 4, 4, 4, 4, 0], [0, 0, 0, 0, 0, 0, 0, 0, 0, 4, 4, 4, 4, 4, 4, 4, 4, 0], [0, 0, 3, 3, 3, 3, 3, 0, 0, 4, 4, 4, 4, 4, 4, 4, 4, 0], [0, 0, 3, 3, 3, 3, 3, 0, 0, 0, 0, 0, 0, 0, 0, 0, 0, 0], [0, 0, 3, 3, 3, 3, 3, 0, 0, 0, 0, 0, 0, 0, 0, 0, 0, 0], [0, 0, 3, 3, 3, 3, 3, 0, 0, 0, 0, 0, 0, 0, 0, 0, 0, 0], [0, 0, 0, 0, 0, 0, 0, 0, 0, 0, 0, 0, 0, 0, 0, 0, 0, 0]], "output": [[6, 6, 6], [6, 6, 6], [6, 6, 6]]}]}