{"train": [{"input": [[1, 4, 1, 1, 1, 1, 1, 1, 1, 4, 1], [4, 4, 1, 1, 1, 1, 1, 1, 1, 4, 4], [1, 1, 1, 1, 1, 1, 1, 8, 8, 1, 1], [1, 1, 3, 1, 1, 1, 1, 1, 8, 1, 1], [1, 1, 3, 1, 1, 1, 1, 1, 8, 1, 1], [1, 1, 1, 1, 1, 1, 1, 8, 8, 1, 1], [4, 4, 1, 1, 1, 1, 1, 1, 1, 4, 4], [1, 4, 1, 1, 1, 1, 1, 1, 1, 4, 1], [1, 4, 1, 1, 1, 1, 1, 1, 1, 4, 1], [4, 4, 1, 1, 1, 1, 1, 1, 1, 4, 4], [1, 1, 1, 1, 1, 1, 8, 8, 8, 1, 1], [1, 1, 3, 3, 1, 1, 1, 1, 8, 1, 1], [1, 1, 3, 3, 1, 1, 1, 1, 8, 1, 1], [1, 1, 1, 1, 1, 1, 8, 8, 8, 1, 1], [4, 4, 1, 1, 1, 1, 1, 1, 1, 4, 4], [1, 4, 1, 1, 1, 1, 1, 1, 1, 4, 1], [1, 4, 1, 1, 1, 1, 1, 1, 1, 4, 1], [4, 4, 1, 1, 1, 1, 1, 1, 1, 4, 4], [1, 1, 1, 1, 1, 1, 1, 1, 1, 1, 1], [1, 1, 1, 1, 1, 1, 1, 1, 1, 1, 1], [1, 1, 1, 1, 1, 1, 1, 1, 1, 1, 1], [1, 1, 1, 1, 1, 1, 1, 1, 1, 1, 1], [4, 4, 1, 1, 1, 1, 1, 1, 1, 4, 4], [1, 4, 1, 1, 1, 1, 1, 1, 1, 4, 1]], "output": [[1, 4, 1, 1, 1, 1, 1, 1, 1, 4, 1], [4, 4, 1, 1, 1, 1, 1, 1, 1, 4, 4], [1, 1, 1, 1, 1, 8, 8, 8, 8, 1, 1], [1, 1, 3, 3, 3, 1, 1, 1, 8, 1, 1], [1, 1, 3, 3, 3, 1, 1, 1, 8, 1, 1], [1, 1, 1, 1, 1, 8, 8, 8, 8, 1, 1], [4, 4, 1, 1, 1, 1, 1, 1, 1, 4, 4], [1, 4, 1, 1, 1, 1, 1, 1, 1, 4, 1]]}, {"input": [[8, 2, 2, 2, 2, 2, 2, 2, 2, 2, 8], [2, 8, 8, 2, 8, 8, 8, 2, 8, 8, 2], [2, 8, 1, 1, 4, 2, 2, 2, 2, 8, 2], [2, 2, 4, 4, 4, 2, 2, 2, 2, 2, 2], [2, 8, 1, 1, 4, 2, 2, 2, 2, 8, 2], [2, 8, 8, 2, 8, 8, 8, 2, 8, 8, 2], [8, 2, 2, 2, 2, 2, 2, 2, 2, 2, 8], [8, 2, 2, 2, 2, 2, 2, 2, 2, 2, 8], [2, 8, 8, 2, 8, 8, 8, 2, 8, 8, 2], [2, 8, 1, 1, 1, 4, 2, 2, 2, 8, 2], [2, 2, 4, 4, 4, 4, 2, 2, 2, 2, 2], [2, 8, 1, 1, 1, 4, 2, 2, 2, 8, 2], [2, 8, 8, 2, 8, 8, 8, 2, 8, 8, 2], [8, 2, 2, 2, 2, 2, 2, 2, 2, 2, 8], [8, 2, 2, 2, 2, 2, 2, 2, 2, 2, 8], [2, 8, 8, 2, 8, 8, 8, 2, 8, 8, 2], [2, 8, 2, 2, 2, 2, 2, 2, 2, 8, 2], [2, 2, 2, 2, 2, 2, 2, 2, 2, 2, 2], [2, 8, 2, 2, 2, 2, 2, 2, 2, 8, 2], [2, 8, 8, 2, 8, 8, 8, 2, 8, 8, 2], [8, 2, 2, 2, 2, 2, 2, 2, 2, 2, 8]], "output": [[8, 2, 2, 2, 2, 2, 2, 2, 2, 2, 8], [2, 8, 8, 2, 8, 8, 8, 2, 8, 8, 2], [2, 8, 1, 1, 1, 1, 4, 2, 2, 8, 2], [2, 2, 4, 4, 4, 4, 4, 2, 2, 2, 2], [2, 8, 1, 1, 1, 1, 4, 2, 2, 8, 2], [2, 8, 8, 2, 8, 8, 8, 2, 8, 8, 2], [8, 2, 2, 2, 2, 2, 2, 2, 2, 2, 8]]}], "test": [{"input": [[2, 2, 8, 2, 2, 2, 2, 8, 2, 2, 2, 2, 8, 2, 2, 2, 2, 8, 2, 2, 2, 2, 8, 2, 2], [2, 1, 6, 1, 2, 2, 4, 6, 4, 2, 2, 1, 6, 1, 2, 2, 4, 6, 4, 2, 2, 8, 8, 8, 2], [8, 8, 8, 8, 8, 8, 4, 4, 4, 8, 8, 1, 1, 1, 8, 8, 4, 4, 4, 8, 8, 8, 8, 8, 8], [8, 8, 8, 8, 8, 8, 4, 6, 4, 8, 8, 1, 6, 1, 8, 8, 4, 6, 4, 8, 8, 8, 8, 8, 8], [2, 8, 8, 8, 2, 2, 8, 8, 8, 2, 2, 1, 1, 1, 2, 2, 4, 4, 4, 2, 2, 8, 8, 8, 2], [2, 8, 8, 8, 2, 2, 8, 8, 8, 2, 2, 1, 6, 1, 2, 2, 4, 6, 4, 2, 2, 8, 8, 8, 2], [2, 8, 8, 8, 2, 2, 8, 8, 8, 2, 2, 8, 8, 8, 2, 2, 4, 4, 4, 2, 2, 8, 8, 8, 2], [8, 8, 8, 8, 8, 8, 8, 8, 8, 8, 8, 8, 8, 8, 8, 8, 4, 6, 4, 8, 8, 8, 8, 8, 8], [8, 8, 8, 8, 8, 8, 8, 8, 8, 8, 8, 8, 8, 8, 8, 8, 8, 8, 8, 8, 8, 8, 8, 8, 8], [2, 8, 8, 8, 2, 2, 8, 8, 8, 2, 2, 8, 8, 8, 2, 2, 8, 8, 8, 2, 2, 8, 8, 8, 2], [2, 2, 8, 2, 2, 2, 2, 8, 2, 2, 2, 2, 8, 2, 2, 2, 2, 8, 2, 2, 2, 2, 8, 2, 2]], "output": [[2, 2, 8, 2, 2], [2, 1, 6, 1, 2], [8, 1, 1, 1, 8], [8, 1, 6, 1, 8], [2, 1, 1, 1, 2], [2, 1, 6, 1, 2], [2, 1, 1, 1, 2], [8, 1, 6, 1, 8], [8, 1, 1, 1, 8], [2, 1, 6, 1, 2], [2, 2, 8, 2, 2]]}, {"input": [[1, 3, 3, 3, 1, 3, 3, 3, 1, 1, 3, 3, 3, 1, 3, 3, 3, 1, 1, 3, 3, 3, 1, 3, 3, 3, 1], [3, 1, 3, 1, 1, 1, 3, 1, 3, 3, 1, 3, 1, 1, 1, 3, 1, 3, 3, 1, 3, 1, 1, 1, 3, 1, 3], [3, 3, 3, 3, 3, 3, 3, 3, 3, 3, 3, 3, 3, 3, 3, 3, 3, 3, 3, 3, 3, 3, 3, 3, 3, 3, 3], [3, 1, 4, 4, 4, 4, 4, 1, 3, 3, 1, 3, 3, 3, 3, 3, 1, 3, 3, 1, 3, 3, 3, 3, 3, 1, 3], [3, 3, 3, 3, 4, 3, 3, 3, 3, 3, 3, 4, 4, 4, 4, 4, 3, 3, 3, 3, 3, 3, 3, 3, 3, 3, 3], [1, 1, 3, 3, 3, 3, 3, 1, 1, 1, 1, 3, 3, 4, 3, 3, 1, 1, 1, 1, 3, 3, 3, 3, 3, 1, 1], [3, 3, 3, 3, 3, 3, 3, 3, 3, 3, 3, 3, 3, 4, 3, 3, 3, 3, 3, 3, 3, 3, 3, 3, 3, 3, 3], [3, 1, 3, 3, 3, 3, 3, 1, 3, 3, 1, 6, 6, 3, 6, 6, 1, 3, 3, 1, 3, 3, 3, 3, 3, 1, 3], [3, 3, 6, 6, 3, 6, 6, 3, 3, 3, 3, 6, 6, 3, 6, 6, 3, 3, 3, 3, 3, 3, 3, 3, 3, 3, 3], [3, 1, 3, 1, 1, 1, 3, 1, 3, 3, 1, 3, 1, 1, 1, 3, 1, 3, 3, 1, 3, 1, 1, 1, 3, 1, 3], [1, 3, 3, 3, 1, 3, 3, 3, 1, 1, 3, 3, 3, 1, 3, 3, 3, 1, 1, 3, 3, 3, 1, 3, 3, 3, 1]], "output": [[1, 3, 3, 3, 1, 3, 3, 3, 1], [3, 1, 3, 1, 1, 1, 3, 1, 3], [3, 3, 3, 3, 3, 3, 3, 3, 3], [3, 1, 3, 3, 3, 3, 3, 1, 3], [3, 3, 3, 3, 3, 3, 3, 3, 3], [1, 1, 4, 4, 4, 4, 4, 1, 1], [3, 3, 6, 6, 4, 6, 6, 3, 3], [3, 1, 6, 6, 4, 6, 6, 1, 3], [3, 3, 6, 6, 4, 6, 6, 3, 3], [3, 1, 3, 1, 1, 1, 3, 1, 3], [1, 3, 3, 3, 1, 3, 3, 3, 1]]}]}