{"train": [{"input": [[0, 0, 0, 0, 0, 0, 0, 0, 0, 0, 0, 0, 0, 0, 0, 0, 0, 0, 0, 0, 0, 0, 0], [0, 0, 0, 0, 0, 0, 5, 5, 5, 0, 5, 5, 5, 0, 5, 5, 5, 0, 5, 5, 5, 0, 0], [0, 0, 0, 0, 0, 0, 0, 5, 0, 0, 0, 5, 0, 0, 0, 5, 0, 0, 0, 5, 0, 0, 0], [0, 1, 8, 1, 8, 0, 5, 5, 5, 0, 5, 5, 5, 0, 5, 5, 5, 0, 5, 5, 5, 0, 0], [0, 8, 8, 1, 1, 0, 0, 0, 0, 0, 0, 0, 0, 0, 0, 0, 0, 0, 0, 0, 0, 0, 0], [0, 1, 1, 4, 1, 0, 5, 5, 5, 0, 5, 5, 5, 0, 5, 5, 5, 0, 5, 5, 5, 0, 0], [0, 1, 1, 4, 4, 0, 0, 5, 0, 0, 0, 5, 0, 0, 0, 5, 0, 0, 0, 5, 0, 0, 0], [0, 0, 0, 0, 0, 0, 5, 5, 5, 0, 5, 5, 5, 0, 5, 5, 5, 0, 5, 5, 5, 0, 0], [0, 0, 0, 0, 0, 0, 0, 0, 0, 0, 0, 0, 0, 0, 0, 0, 0, 0, 0, 0, 0, 0, 0], [0, 0, 0, 0, 0, 0, 5, 5, 5, 0, 5, 5, 5, 0, 5, 5, 5, 0, 5, 5, 5, 0, 0], [0, 0, 0, 0, 0, 0, 0, 5, 0, 0, 0, 5, 0, 0, 0, 5, 0, 0, 0, 5, 0, 0, 0], [0, 0, 0, 0, 0, 0, 5, 5, 5, 0, 5, 5, 5, 0, 5, 5, 5, 0, 5, 5, 5, 0, 0], [0, 0, 0, 0, 0, 0, 0, 0, 0, 0, 0, 0, 0, 0, 0, 0, 0, 0, 0, 0, 0, 0, 0], [0, 0, 0, 0, 0, 0, 5, 5, 5, 0, 5, 5, 5, 0, 5, 5, 5, 0, 5, 5, 5, 0, 0], [0, 0, 0, 0, 0, 0, 0, 5, 0, 0, 0, 5, 0, 0, 0, 5, 0, 0, 0, 5, 0, 0, 0], [0, 0, 0, 0, 0, 0, 5, 5, 5, 0, 5, 5, 5, 0, 5, 5, 5, 0, 5, 5, 5, 0, 0], [0, 0, 0, 0, 0, 0, 0, 0, 0, 0, 0, 0, 0, 0, 0, 0, 0, 0, 0, 0, 0, 0, 0], [0, 0, 0, 0, 0, 0, 0, 0, 0, 0, 0, 0, 0, 0, 0, 0, 0, 0, 0, 0, 0, 0, 0], [0, 0, 0, 0, 0, 0, 0, 0, 0, 0, 0, 0, 0, 0, 0, 0, 0, 0, 0, 0, 0, 0, 0], [0, 0, 0, 0, 0, 0, 0, 0, 0, 0, 0, 0, 0, 0, 0, 0, 0, 0, 0, 0, 0, 0, 0], [0, 0, 0, 0, 0, 0, 0, 0, 0, 0, 0, 0, 0, 0, 0, 0, 0, 0, 0, 0, 0, 0, 0], [0, 0, 0, 0, 0, 0, 0, 0, 0, 0, 0, 0, 0, 0, 0, 0, 0, 0, 0, 0, 0, 0, 0], [0, 0, 0, 0, 0, 0, 0, 0, 0, 0, 0, 0, 0, 0, 0, 0, 0, 0, 0, 0, 0, 0, 0]], "output": [[0, 0, 0, 0, 0, 0, 0, 0, 0, 0, 0, 0, 0, 0, 0, 0, 0, 0, 0, 0, 0, 0, 0], [0, 0, 0, 0, 0, 0, 1, 1, 1, 0, 8, 8, 8, 0, 1, 1, 1, 0, 8, 8, 8, 0, 0], [0, 0, 0, 0, 0, 0, 0, 1, 0, 0, 0, 8, 0, 0, 0, 1, 0, 0, 0, 8, 0, 0, 0], [0, 1, 8, 1, 8, 0, 1, 1, 1, 0, 8, 8, 8, 0, 1, 1, 1, 0, 8, 8, 8, 0, 0], [0, 8, 8, 1, 1, 0, 0, 0, 0, 0, 0, 0, 0, 0, 0, 0, 0, 0, 0, 0, 0, 0, 0], [0, 1, 1, 4, 1, 0, 8, 8, 8, 0, 8, 8, 8, 0, 1, 1, 1, 0, 1, 1, 1, 0, 0], [0, 1, 1, 4, 4, 0, 0, 8, 0, 0, 0, 8, 0, 0, 0, 1, 0, 0, 0, 1, 0, 0, 0], [0, 0, 0, 0, 0, 0, 8, 8, 8, 0, 8, 8, 8, 0, 1, 1, 1, 0, 1, 1, 1, 0, 0], [0, 0, 0, 0, 0, 0, 0, 0, 0, 0, 0, 0, 0, 0, 0, 0, 0, 0, 0, 0, 0, 0, 0], [0, 0, 0, 0, 0, 0, 1, 1, 1, 0, 1, 1, 1, 0, 4, 4, 4, 0, 1, 1, 1, 0, 0], [0, 0, 0, 0, 0, 0, 0, 1, 0, 0, 0, 1, 0, 0, 0, 4, 0, 0, 0, 1, 0, 0, 0], [0, 0, 0, 0, 0, 0, 1, 1, 1, 0, 1, 1, 1, 0, 4, 4, 4, 0, 1, 1, 1, 0, 0], [0, 0, 0, 0, 0, 0, 0, 0, 0, 0, 0, 0, 0, 0, 0, 0, 0, 0, 0, 0, 0, 0, 0], [0, 0, 0, 0, 0, 0, 1, 1, 1, 0, 1, 1, 1, 0, 4, 4, 4, 0, 4, 4, 4, 0, 0], [0, 0, 0, 0, 0, 0, 0, 1, 0, 0, 0, 1, 0, 0, 0, 4, 0, 0, 0, 4, 0, 0, 0], [0, 0, 0, 0, 0, 0, 1, 1, 1, 0, 1, 1, 1, 0, 4, 4, 4, 0, 4, 4, 4, 0, 0], [0, 0, 0, 0, 0, 0, 0, 0, 0, 0, 0, 0, 0, 0, 0, 0, 0, 0, 0, 0, 0, 0, 0], [0, 0, 0, 0, 0, 0, 0, 0, 0, 0, 0, 0, 0, 0, 0, 0, 0, 0, 0, 0, 0, 0, 0], [0, 0, 0, 0, 0, 0, 0, 0, 0, 0, 0, 0, 0, 0, 0, 0, 0, 0, 0, 0, 0, 0, 0], [0, 0, 0, 0, 0, 0, 0, 0, 0, 0, 0, 0, 0, 0, 0, 0, 0, 0, 0, 0, 0, 0, 0], [0, 0, 0, 0, 0, 0, 0, 0, 0, 0, 0, 0, 0, 0, 0, 0, 0, 0, 0, 0, 0, 0, 0], [0, 0, 0, 0, 0, 0, 0, 0, 0, 0, 0, 0, 0, 0, 0, 0, 0, 0, 0, 0, 0, 0, 0], [0, 0, 0, 0, 0, 0, 0, 0, 0, 0, 0, 0, 0, 0, 0, 0, 0, 0, 0, 0, 0, 0, 0]]}, {"input": [[0, 0, 0, 0, 0, 0, 0, 0, 0, 0, 0, 0, 0, 0, 0, 0, 0, 0, 0, 0, 0, 0, 0], [0, 0, 5, 5, 5, 0, 5, 5, 5, 0, 5, 5, 5, 0, 5, 5, 5, 0, 5, 5, 5, 0, 0], [0, 0, 5, 0, 5, 0, 5, 0, 5, 0, 5, 0, 5, 0, 5, 0, 5, 0, 5, 0, 5, 0, 0], [0, 0, 5, 5, 5, 0, 5, 5, 5, 0, 5, 5, 5, 0, 5, 5, 5, 0, 5, 5, 5, 0, 0], [0, 0, 0, 0, 0, 0, 0, 0, 0, 0, 0, 0, 0, 0, 0, 0, 0, 0, 0, 0, 0, 0, 0], [0, 0, 5, 5, 5, 0, 5, 5, 5, 0, 5, 5, 5, 0, 5, 5, 5, 0, 5, 5, 5, 0, 0], [0, 0, 5, 0, 5, 0, 5, 0, 5, 0, 5, 0, 5, 0, 5, 0, 5, 0, 5, 0, 5, 0, 0], [0, 0, 5, 5, 5, 0, 5, 5, 5, 0, 5, 5, 5, 0, 5, 5, 5, 0, 5, 5, 5, 0, 0], [0, 0, 0, 0, 0, 0, 0, 0, 0, 0, 0, 0, 0, 0, 0, 0, 0, 0, 0, 0, 0, 0, 0], [0, 0, 5, 5, 5, 0, 5, 5, 5, 0, 5, 5, 5, 0, 5, 5, 5, 0, 5, 5, 5, 0, 0], [0, 0, 5, 0, 5, 0, 5, 0, 5, 0, 5, 0, 5, 0, 5, 0, 5, 0, 5, 0, 5, 0, 0], [0, 0, 5, 5, 5, 0, 5, 5, 5, 0, 5, 5, 5, 0, 5, 5, 5, 0, 5, 5, 5, 0, 0], [0, 0, 0, 0, 0, 0, 0, 0, 0, 0, 0, 0, 0, 0, 0, 0, 0, 0, 0, 0, 0, 0, 0], [0, 0, 0, 0, 0, 0, 0, 0, 0, 0, 0, 0, 0, 0, 0, 0, 0, 0, 0, 0, 0, 0, 0], [0, 0, 0, 0, 0, 0, 0, 0, 0, 0, 0, 0, 0, 0, 0, 0, 0, 0, 0, 0, 0, 0, 0], [0, 0, 0, 0, 0, 0, 0, 0, 0, 0, 0, 0, 0, 0, 0, 0, 0, 0, 0, 0, 0, 0, 0], [0, 0, 0, 0, 0, 0, 0, 0, 0, 0, 0, 0, 0, 0, 0, 0, 0, 0, 0, 0, 0, 0, 0], [0, 0, 0, 0, 0, 0, 0, 0, 0, 0, 0, 0, 0, 0, 0, 0, 0, 0, 0, 0, 0, 0, 0], [0, 0, 0, 0, 0, 0, 0, 0, 0, 0, 0, 0, 0, 0, 0, 0, 0, 0, 0, 0, 0, 0, 0], [0, 2, 1, 1, 3, 1, 0, 0, 0, 0, 0, 0, 0, 0, 0, 0, 0, 0, 0, 0, 0, 0, 0], [0, 1, 2, 2, 1, 1, 0, 0, 0, 0, 0, 0, 0, 0, 0, 0, 0, 0, 0, 0, 0, 0, 0], [0, 2, 1, 2, 3, 2, 0, 0, 0, 0, 0, 0, 0, 0, 0, 0, 0, 0, 0, 0, 0, 0, 0], [0, 0, 0, 0, 0, 0, 0, 0, 0, 0, 0, 0, 0, 0, 0, 0, 0, 0, 0, 0, 0, 0, 0]], "output": [[0, 0, 0, 0, 0, 0, 0, 0, 0, 0, 0, 0, 0, 0, 0, 0, 0, 0, 0, 0, 0, 0, 0], [0, 0, 2, 2, 2, 0, 1, 1, 1, 0, 1, 1, 1, 0, 3, 3, 3, 0, 1, 1, 1, 0, 0], [0, 0, 2, 0, 2, 0, 1, 0, 1, 0, 1, 0, 1, 0, 3, 0, 3, 0, 1, 0, 1, 0, 0], [0, 0, 2, 2, 2, 0, 1, 1, 1, 0, 1, 1, 1, 0, 3, 3, 3, 0, 1, 1, 1, 0, 0], [0, 0, 0, 0, 0, 0, 0, 0, 0, 0, 0, 0, 0, 0, 0, 0, 0, 0, 0, 0, 0, 0, 0], [0, 0, 1, 1, 1, 0, 2, 2, 2, 0, 2, 2, 2, 0, 1, 1, 1, 0, 1, 1, 1, 0, 0], [0, 0, 1, 0, 1, 0, 2, 0, 2, 0, 2, 0, 2, 0, 1, 0, 1, 0, 1, 0, 1, 0, 0], [0, 0, 1, 1, 1, 0, 2, 2, 2, 0, 2, 2, 2, 0, 1, 1, 1, 0, 1, 1, 1, 0, 0], [0, 0, 0, 0, 0, 0, 0, 0, 0, 0, 0, 0, 0, 0, 0, 0, 0, 0, 0, 0, 0, 0, 0], [0, 0, 2, 2, 2, 0, 1, 1, 1, 0, 2, 2, 2, 0, 3, 3, 3, 0, 2, 2, 2, 0, 0], [0, 0, 2, 0, 2, 0, 1, 0, 1, 0, 2, 0, 2, 0, 3, 0, 3, 0, 2, 0, 2, 0, 0], [0, 0, 2, 2, 2, 0, 1, 1, 1, 0, 2, 2, 2, 0, 3, 3, 3, 0, 2, 2, 2, 0, 0], [0, 0, 0, 0, 0, 0, 0, 0, 0, 0, 0, 0, 0, 0, 0, 0, 0, 0, 0, 0, 0, 0, 0], [0, 0, 0, 0, 0, 0, 0, 0, 0, 0, 0, 0, 0, 0, 0, 0, 0, 0, 0, 0, 0, 0, 0], [0, 0, 0, 0, 0, 0, 0, 0, 0, 0, 0, 0, 0, 0, 0, 0, 0, 0, 0, 0, 0, 0, 0], [0, 0, 0, 0, 0, 0, 0, 0, 0, 0, 0, 0, 0, 0, 0, 0, 0, 0, 0, 0, 0, 0, 0], [0, 0, 0, 0, 0, 0, 0, 0, 0, 0, 0, 0, 0, 0, 0, 0, 0, 0, 0, 0, 0, 0, 0], [0, 0, 0, 0, 0, 0, 0, 0, 0, 0, 0, 0, 0, 0, 0, 0, 0, 0, 0, 0, 0, 0, 0], [0, 0, 0, 0, 0, 0, 0, 0, 0, 0, 0, 0, 0, 0, 0, 0, 0, 0, 0, 0, 0, 0, 0], [0, 2, 1, 1, 3, 1, 0, 0, 0, 0, 0, 0, 0, 0, 0, 0, 0, 0, 0, 0, 0, 0, 0], [0, 1, 2, 2, 1, 1, 0, 0, 0, 0, 0, 0, 0, 0, 0, 0, 0, 0, 0, 0, 0, 0, 0], [0, 2, 1, 2, 3, 2, 0, 0, 0, 0, 0, 0, 0, 0, 0, 0, 0, 0, 0, 0, 0, 0, 0], [0, 0, 0, 0, 0, 0, 0, 0, 0, 0, 0, 0, 0, 0, 0, 0, 0, 0, 0, 0, 0, 0, 0]]}], "test": [{"input": [[0, 0, 0, 0, 0, 0, 0, 0, 0, 0, 0, 0, 0, 0, 0, 0, 0, 0, 0, 0, 0, 0, 0], [0, 0, 0, 0, 0, 0, 0, 5, 5, 5, 0, 5, 5, 5, 0, 5, 5, 5, 0, 5, 5, 5, 0], [0, 2, 1, 2, 2, 0, 0, 5, 0, 5, 0, 5, 0, 5, 0, 5, 0, 5, 0, 5, 0, 5, 0], [0, 8, 1, 4, 4, 0, 0, 5, 0, 5, 0, 5, 0, 5, 0, 5, 0, 5, 0, 5, 0, 5, 0], [0, 3, 1, 4, 4, 0, 0, 0, 0, 0, 0, 0, 0, 0, 0, 0, 0, 0, 0, 0, 0, 0, 0], [0, 8, 1, 3, 1, 0, 0, 5, 5, 5, 0, 5, 5, 5, 0, 5, 5, 5, 0, 5, 5, 5, 0], [0, 8, 1, 1, 1, 0, 0, 5, 0, 5, 0, 5, 0, 5, 0, 5, 0, 5, 0, 5, 0, 5, 0], [0, 0, 0, 0, 0, 0, 0, 5, 0, 5, 0, 5, 0, 5, 0, 5, 0, 5, 0, 5, 0, 5, 0], [0, 0, 0, 0, 0, 0, 0, 0, 0, 0, 0, 0, 0, 0, 0, 0, 0, 0, 0, 0, 0, 0, 0], [0, 0, 0, 0, 0, 0, 0, 5, 5, 5, 0, 5, 5, 5, 0, 5, 5, 5, 0, 5, 5, 5, 0], [0, 0, 0, 0, 0, 0, 0, 5, 0, 5, 0, 5, 0, 5, 0, 5, 0, 5, 0, 5, 0, 5, 0], [0, 0, 0, 0, 0, 0, 0, 5, 0, 5, 0, 5, 0, 5, 0, 5, 0, 5, 0, 5, 0, 5, 0], [0, 0, 0, 0, 0, 0, 0, 0, 0, 0, 0, 0, 0, 0, 0, 0, 0, 0, 0, 0, 0, 0, 0], [0, 0, 0, 0, 0, 0, 0, 5, 5, 5, 0, 5, 5, 5, 0, 5, 5, 5, 0, 5, 5, 5, 0], [0, 0, 0, 0, 0, 0, 0, 5, 0, 5, 0, 5, 0, 5, 0, 5, 0, 5, 0, 5, 0, 5, 0], [0, 0, 0, 0, 0, 0, 0, 5, 0, 5, 0, 5, 0, 5, 0, 5, 0, 5, 0, 5, 0, 5, 0], [0, 0, 0, 0, 0, 0, 0, 0, 0, 0, 0, 0, 0, 0, 0, 0, 0, 0, 0, 0, 0, 0, 0], [0, 0, 0, 0, 0, 0, 0, 5, 5, 5, 0, 5, 5, 5, 0, 5, 5, 5, 0, 5, 5, 5, 0], [0, 0, 0, 0, 0, 0, 0, 5, 0, 5, 0, 5, 0, 5, 0, 5, 0, 5, 0, 5, 0, 5, 0], [0, 0, 0, 0, 0, 0, 0, 5, 0, 5, 0, 5, 0, 5, 0, 5, 0, 5, 0, 5, 0, 5, 0], [0, 0, 0, 0, 0, 0, 0, 0, 0, 0, 0, 0, 0, 0, 0, 0, 0, 0, 0, 0, 0, 0, 0], [0, 0, 0, 0, 0, 0, 0, 0, 0, 0, 0, 0, 0, 0, 0, 0, 0, 0, 0, 0, 0, 0, 0], [0, 0, 0, 0, 0, 0, 0, 0, 0, 0, 0, 0, 0, 0, 0, 0, 0, 0, 0, 0, 0, 0, 0]], "output": [[0, 0, 0, 0, 0, 0, 0, 0, 0, 0, 0, 0, 0, 0, 0, 0, 0, 0, 0, 0, 0, 0, 0], [0, 0, 0, 0, 0, 0, 0, 2, 2, 2, 0, 1, 1, 1, 0, 2, 2, 2, 0, 2, 2, 2, 0], [0, 2, 1, 2, 2, 0, 0, 2, 0, 2, 0, 1, 0, 1, 0, 2, 0, 2, 0, 2, 0, 2, 0], [0, 8, 1, 4, 4, 0, 0, 2, 0, 2, 0, 1, 0, 1, 0, 2, 0, 2, 0, 2, 0, 2, 0], [0, 3, 1, 4, 4, 0, 0, 0, 0, 0, 0, 0, 0, 0, 0, 0, 0, 0, 0, 0, 0, 0, 0], [0, 8, 1, 3, 1, 0, 0, 8, 8, 8, 0, 1, 1, 1, 0, 4, 4, 4, 0, 4, 4, 4, 0], [0, 8, 1, 1, 1, 0, 0, 8, 0, 8, 0, 1, 0, 1, 0, 4, 0, 4, 0, 4, 0, 4, 0], [0, 0, 0, 0, 0, 0, 0, 8, 0, 8, 0, 1, 0, 1, 0, 4, 0, 4, 0, 4, 0, 4, 0], [0, 0, 0, 0, 0, 0, 0, 0, 0, 0, 0, 0, 0, 0, 0, 0, 0, 0, 0, 0, 0, 0, 0], [0, 0, 0, 0, 0, 0, 0, 3, 3, 3, 0, 1, 1, 1, 0, 4, 4, 4, 0, 4, 4, 4, 0], [0, 0, 0, 0, 0, 0, 0, 3, 0, 3, 0, 1, 0, 1, 0, 4, 0, 4, 0, 4, 0, 4, 0], [0, 0, 0, 0, 0, 0, 0, 3, 0, 3, 0, 1, 0, 1, 0, 4, 0, 4, 0, 4, 0, 4, 0], [0, 0, 0, 0, 0, 0, 0, 0, 0, 0, 0, 0, 0, 0, 0, 0, 0, 0, 0, 0, 0, 0, 0], [0, 0, 0, 0, 0, 0, 0, 8, 8, 8, 0, 1, 1, 1, 0, 3, 3, 3, 0, 1, 1, 1, 0], [0, 0, 0, 0, 0, 0, 0, 8, 0, 8, 0, 1, 0, 1, 0, 3, 0, 3, 0, 1, 0, 1, 0], [0, 0, 0, 0, 0, 0, 0, 8, 0, 8, 0, 1, 0, 1, 0, 3, 0, 3, 0, 1, 0, 1, 0], [0, 0, 0, 0, 0, 0, 0, 0, 0, 0, 0, 0, 0, 0, 0, 0, 0, 0, 0, 0, 0, 0, 0], [0, 0, 0, 0, 0, 0, 0, 8, 8, 8, 0, 1, 1, 1, 0, 1, 1, 1, 0, 1, 1, 1, 0], [0, 0, 0, 0, 0, 0, 0, 8, 0, 8, 0, 1, 0, 1, 0, 1, 0, 1, 0, 1, 0, 1, 0], [0, 0, 0, 0, 0, 0, 0, 8, 0, 8, 0, 1, 0, 1, 0, 1, 0, 1, 0, 1, 0, 1, 0], [0, 0, 0, 0, 0, 0, 0, 0, 0, 0, 0, 0, 0, 0, 0, 0, 0, 0, 0, 0, 0, 0, 0], [0, 0, 0, 0, 0, 0, 0, 0, 0, 0, 0, 0, 0, 0, 0, 0, 0, 0, 0, 0, 0, 0, 0], [0, 0, 0, 0, 0, 0, 0, 0, 0, 0, 0, 0, 0, 0, 0, 0, 0, 0, 0, 0, 0, 0, 0]]}]}