{"train": [{"input": [[7, 7, 7, 7, 9, 9, 7, 7, 7, 7, 7, 7, 7, 7, 7, 7], [7, 7, 7, 7, 9, 9, 7, 7, 7, 7, 7, 7, 7, 3, 3, 3], [7, 7, 7, 7, 7, 7, 7, 7, 7, 7, 7, 7, 7, 3, 3, 3], [7, 7, 7, 7, 7, 7, 7, 7, 7, 7, 7, 7, 7, 3, 3, 3], [7, 7, 7, 7, 7, 7, 7, 7, 9, 9, 7, 7, 7, 7, 7, 7], [7, 7, 7, 7, 7, 7, 7, 7, 9, 9, 7, 7, 7, 7, 7, 7], [7, 7, 1, 1, 1, 7, 7, 7, 7, 7, 7, 7, 7, 7, 4, 4], [7, 7, 1, 1, 1, 7, 7, 3, 3, 3, 7, 7, 7, 7, 4, 4], [7, 7, 1, 1, 1, 7, 7, 3, 3, 3, 7, 7, 7, 7, 7, 7], [7, 7, 7, 7, 7, 7, 7, 3, 3, 3, 7, 7, 7, 7, 7, 7], [7, 7, 7, 7, 7, 7, 7, 7, 7, 7, 7, 7, 7, 7, 7, 7], [7, 7, 7, 7, 7, 7, 7, 7, 7, 7, 7, 7, 7, 7, 7, 7], [7, 7, 7, 7, 7, 7, 7, 7, 7, 7, 7, 7, 7, 7, 7, 7], [7, 7, 7, 7, 7, 7, 7, 7, 7, 1, 1, 1, 7, 7, 7, 7], [7, 7, 7, 7, 7, 7, 4, 4, 7, 1, 1, 1, 7, 7, 7, 7], [7, 7, 7, 7, 7, 7, 4, 4, 7, 1, 1, 1, 7, 7, 7, 7]], "output": [[7, 7, 7, 7, 9, 9, 7, 7, 7, 7, 7, 7, 7, 7, 7, 7], [7, 7, 7, 7, 9, 9, 7, 7, 7, 7, 7, 7, 7, 3, 3, 3], [7, 7, 7, 7, 7, 7, 9, 7, 7, 7, 7, 7, 7, 3, 3, 3], [7, 7, 7, 7, 7, 7, 7, 9, 7, 7, 7, 7, 7, 3, 3, 3], [7, 7, 7, 7, 7, 7, 7, 7, 9, 9, 7, 7, 3, 7, 7, 7], [7, 7, 7, 7, 7, 7, 7, 7, 9, 9, 7, 3, 7, 7, 7, 7], [7, 7, 1, 1, 1, 7, 7, 7, 7, 7, 3, 7, 7, 7, 4, 4], [7, 7, 1, 1, 1, 7, 7, 3, 3, 3, 7, 7, 7, 7, 4, 4], [7, 7, 1, 1, 1, 7, 7, 3, 3, 3, 7, 7, 7, 4, 7, 7], [7, 7, 7, 7, 7, 1, 7, 3, 3, 3, 7, 7, 4, 7, 7, 7], [7, 7, 7, 7, 7, 7, 1, 7, 7, 7, 7, 4, 7, 7, 7, 7], [7, 7, 7, 7, 7, 7, 7, 1, 7, 7, 4, 7, 7, 7, 7, 7], [7, 7, 7, 7, 7, 7, 7, 7, 1, 4, 7, 7, 7, 7, 7, 7], [7, 7, 7, 7, 7, 7, 7, 7, 4, 1, 1, 1, 7, 7, 7, 7], [7, 7, 7, 7, 7, 7, 4, 4, 7, 1, 1, 1, 7, 7, 7, 7], [7, 7, 7, 7, 7, 7, 4, 4, 7, 1, 1, 1, 7, 7, 7, 7]]}, {"input": [[7, 7, 7, 7, 7, 7, 7, 7, 7, 7, 7, 7, 7, 7, 7, 7], [7, 7, 7, 7, 7, 7, 7, 7, 7, 7, 7, 7, 7, 7, 7, 7], [7, 7, 8, 8, 8, 7, 7, 7, 7, 7, 7, 7, 4, 4, 7, 7], [7, 7, 8, 8, 8, 7, 7, 7, 7, 7, 7, 7, 4, 4, 7, 7], [7, 7, 8, 8, 8, 7, 7, 7, 7, 7, 7, 7, 7, 7, 7, 7], [7, 7, 7, 7, 7, 7, 7, 7, 7, 7, 7, 7, 7, 7, 7, 7], [7, 7, 7, 7, 7, 7, 7, 7, 7, 7, 7, 7, 7, 7, 7, 7], [7, 7, 7, 7, 7, 7, 7, 7, 7, 7, 7, 7, 7, 7, 7, 7], [7, 7, 7, 7, 7, 7, 7, 7, 7, 7, 7, 7, 7, 7, 7, 7], [7, 9, 9, 7, 7, 4, 4, 7, 7, 7, 7, 7, 7, 7, 7, 7], [7, 9, 9, 7, 7, 4, 4, 7, 7, 7, 7, 7, 7, 7, 7, 7], [7, 7, 7, 7, 7, 7, 7, 7, 7, 7, 7, 8, 8, 8, 7, 7], [7, 7, 7, 7, 7, 7, 7, 7, 7, 7, 7, 8, 8, 8, 7, 7], [7, 7, 7, 7, 7, 7, 7, 7, 7, 7, 7, 8, 8, 8, 7, 7], [7, 7, 7, 7, 7, 7, 9, 9, 7, 7, 7, 7, 7, 7, 7, 7], [7, 7, 7, 7, 7, 7, 9, 9, 7, 7, 7, 7, 7, 7, 7, 7]], "output": [[7, 7, 7, 7, 7, 7, 7, 7, 7, 7, 7, 7, 7, 7, 7, 7], [7, 7, 7, 7, 7, 7, 7, 7, 7, 7, 7, 7, 7, 7, 7, 7], [7, 7, 8, 8, 8, 7, 7, 7, 7, 7, 7, 7, 4, 4, 7, 7], [7, 7, 8, 8, 8, 7, 7, 7, 7, 7, 7, 7, 4, 4, 7, 7], [7, 7, 8, 8, 8, 7, 7, 7, 7, 7, 7, 4, 7, 7, 7, 7], [7, 7, 7, 7, 7, 8, 7, 7, 7, 7, 4, 7, 7, 7, 7, 7], [7, 7, 7, 7, 7, 7, 8, 7, 7, 4, 7, 7, 7, 7, 7, 7], [7, 7, 7, 7, 7, 7, 7, 8, 4, 7, 7, 7, 7, 7, 7, 7], [7, 7, 7, 7, 7, 7, 7, 4, 8, 7, 7, 7, 7, 7, 7, 7], [7, 9, 9, 7, 7, 4, 4, 7, 7, 8, 7, 7, 7, 7, 7, 7], [7, 9, 9, 7, 7, 4, 4, 7, 7, 7, 8, 7, 7, 7, 7, 7], [7, 7, 7, 9, 7, 7, 7, 7, 7, 7, 7, 8, 8, 8, 7, 7], [7, 7, 7, 7, 9, 7, 7, 7, 7, 7, 7, 8, 8, 8, 7, 7], [7, 7, 7, 7, 7, 9, 7, 7, 7, 7, 7, 8, 8, 8, 7, 7], [7, 7, 7, 7, 7, 7, 9, 9, 7, 7, 7, 7, 7, 7, 7, 7], [7, 7, 7, 7, 7, 7, 9, 9, 7, 7, 7, 7, 7, 7, 7, 7]]}, {"input": [[0, 0, 7, 7, 7, 7, 7, 7, 7, 7, 7, 7, 7, 7, 7, 7], [0, 0, 7, 7, 7, 7, 7, 7, 9, 9, 9, 7, 7, 7, 7, 7], [7, 7, 7, 7, 7, 7, 7, 7, 9, 9, 9, 7, 7, 7, 7, 7], [7, 7, 7, 7, 7, 7, 7, 7, 9, 9, 9, 7, 7, 7, 7, 7], [7, 7, 7, 7, 0, 0, 7, 7, 7, 7, 7, 7, 7, 7, 7, 7], [7, 7, 7, 7, 0, 0, 7, 7, 7, 7, 7, 7, 7, 7, 7, 7], [7, 7, 7, 7, 7, 7, 7, 7, 7, 7, 7, 7, 7, 7, 5, 5], [7, 7, 9, 9, 9, 7, 7, 3, 3, 7, 7, 7, 7, 7, 5, 5], [7, 7, 9, 9, 9, 7, 7, 3, 3, 7, 7, 7, 7, 7, 7, 7], [7, 7, 9, 9, 9, 7, 7, 7, 7, 7, 7, 7, 7, 7, 7, 7], [7, 7, 7, 7, 7, 7, 7, 7, 7, 7, 7, 7, 7, 7, 7, 7], [7, 7, 7, 7, 7, 7, 7, 7, 7, 7, 7, 7, 7, 7, 7, 7], [7, 7, 7, 7, 7, 7, 7, 7, 7, 7, 7, 7, 3, 3, 7, 7], [7, 7, 7, 7, 7, 7, 7, 5, 5, 7, 7, 7, 3, 3, 7, 7], [7, 7, 7, 7, 7, 7, 7, 5, 5, 7, 7, 7, 7, 7, 7, 7], [7, 7, 7, 7, 7, 7, 7, 7, 7, 7, 7, 7, 7, 7, 7, 7]], "output": [[0, 0, 7, 7, 7, 7, 7, 7, 7, 7, 7, 7, 7, 7, 7, 7], [0, 0, 7, 7, 7, 7, 7, 7, 9, 9, 9, 7, 7, 7, 7, 7], [7, 7, 0, 7, 7, 7, 7, 7, 9, 9, 9, 7, 7, 7, 7, 7], [7, 7, 7, 0, 7, 7, 7, 7, 9, 9, 9, 7, 7, 7, 7, 7], [7, 7, 7, 7, 0, 0, 7, 9, 7, 7, 7, 7, 7, 7, 7, 7], [7, 7, 7, 7, 0, 0, 9, 7, 7, 7, 7, 7, 7, 7, 7, 7], [7, 7, 7, 7, 7, 9, 7, 7, 7, 7, 7, 7, 7, 7, 5, 5], [7, 7, 9, 9, 9, 7, 7, 3, 3, 7, 7, 7, 7, 7, 5, 5], [7, 7, 9, 9, 9, 7, 7, 3, 3, 7, 7, 7, 7, 5, 7, 7], [7, 7, 9, 9, 9, 7, 7, 7, 7, 3, 7, 7, 5, 7, 7, 7], [7, 7, 7, 7, 7, 7, 7, 7, 7, 7, 3, 5, 7, 7, 7, 7], [7, 7, 7, 7, 7, 7, 7, 7, 7, 7, 5, 3, 7, 7, 7, 7], [7, 7, 7, 7, 7, 7, 7, 7, 7, 5, 7, 7, 3, 3, 7, 7], [7, 7, 7, 7, 7, 7, 7, 5, 5, 7, 7, 7, 3, 3, 7, 7], [7, 7, 7, 7, 7, 7, 7, 5, 5, 7, 7, 7, 7, 7, 7, 7], [7, 7, 7, 7, 7, 7, 7, 7, 7, 7, 7, 7, 7, 7, 7, 7]]}], "test": [{"input": [[7, 7, 7, 7, 7, 7, 7, 7, 7, 4, 4, 7, 7, 7, 7, 7], [7, 7, 7, 7, 7, 7, 7, 7, 7, 4, 4, 7, 7, 7, 7, 7], [7, 7, 7, 7, 7, 7, 7, 7, 7, 7, 7, 7, 7, 7, 7, 7], [7, 7, 7, 7, 7, 7, 7, 7, 7, 7, 1, 1, 7, 7, 7, 7], [7, 7, 7, 7, 7, 4, 4, 7, 7, 7, 1, 1, 7, 7, 7, 7], [7, 7, 6, 6, 7, 4, 4, 7, 7, 7, 7, 7, 7, 7, 7, 7], [7, 7, 6, 6, 7, 7, 7, 7, 8, 8, 8, 7, 7, 7, 7, 7], [7, 7, 7, 7, 7, 7, 7, 7, 8, 8, 8, 7, 7, 7, 1, 1], [7, 7, 7, 7, 7, 7, 7, 7, 8, 8, 8, 7, 7, 7, 1, 1], [7, 7, 7, 7, 7, 7, 7, 7, 7, 7, 7, 7, 7, 7, 7, 7], [7, 7, 7, 7, 7, 7, 7, 7, 7, 7, 7, 7, 7, 3, 3, 7], [7, 7, 7, 7, 7, 7, 7, 7, 6, 6, 7, 7, 7, 3, 3, 7], [7, 7, 7, 7, 7, 7, 7, 7, 6, 6, 7, 7, 7, 7, 7, 7], [7, 8, 8, 8, 7, 7, 7, 7, 7, 7, 7, 7, 7, 7, 7, 7], [7, 8, 8, 8, 7, 7, 7, 7, 7, 3, 3, 7, 7, 7, 7, 7], [7, 8, 8, 8, 7, 7, 7, 7, 7, 3, 3, 7, 7, 7, 7, 7]], "output": [[7, 7, 7, 7, 7, 7, 7, 7, 7, 4, 4, 7, 7, 7, 7, 7], [7, 7, 7, 7, 7, 7, 7, 7, 7, 4, 4, 7, 7, 7, 7, 7], [7, 7, 7, 7, 7, 7, 7, 7, 4, 7, 7, 7, 7, 7, 7, 7], [7, 7, 7, 7, 7, 7, 7, 4, 7, 7, 1, 1, 7, 7, 7, 7], [7, 7, 7, 7, 7, 4, 4, 7, 7, 7, 1, 1, 7, 7, 7, 7], [7, 7, 6, 6, 7, 4, 4, 7, 7, 7, 7, 7, 1, 7, 7, 7], [7, 7, 6, 6, 7, 7, 7, 7, 8, 8, 8, 7, 7, 1, 7, 7], [7, 7, 7, 7, 6, 7, 7, 7, 8, 8, 8, 7, 7, 7, 1, 1], [7, 7, 7, 7, 7, 6, 7, 7, 8, 8, 8, 7, 7, 7, 1, 1], [7, 7, 7, 7, 7, 7, 6, 8, 7, 7, 7, 7, 7, 7, 7, 7], [7, 7, 7, 7, 7, 7, 8, 6, 7, 7, 7, 7, 7, 3, 3, 7], [7, 7, 7, 7, 7, 8, 7, 7, 6, 6, 7, 7, 7, 3, 3, 7], [7, 7, 7, 7, 8, 7, 7, 7, 6, 6, 7, 7, 3, 7, 7, 7], [7, 8, 8, 8, 7, 7, 7, 7, 7, 7, 7, 3, 7, 7, 7, 7], [7, 8, 8, 8, 7, 7, 7, 7, 7, 3, 3, 7, 7, 7, 7, 7], [7, 8, 8, 8, 7, 7, 7, 7, 7, 3, 3, 7, 7, 7, 7, 7]]}]}