{"train": [{"input": [[0, 8, 0, 0, 4, 0, 5, 5, 0], [8, 8, 0, 8, 4, 5, 0, 0, 5], [8, 8, 0, 0, 4, 5, 0, 0, 5], [0, 8, 0, 8, 4, 0, 0, 5, 0], [0, 0, 8, 0, 4, 0, 5, 0, 5]], "output": [[0, 0, 2, 0], [0, 2, 0, 0], [0, 2, 0, 2], [0, 2, 2, 2], [0, 2, 2, 2]]}, {"input": [[0, 8, 0, 0, 4, 5, 0, 5, 0], [0, 8, 0, 8, 4, 5, 0, 5, 5], [0, 8, 0, 8, 4, 0, 0, 0, 5], [0, 8, 0, 8, 4, 0, 5, 0, 5], [0, 0, 0, 8, 4, 0, 0, 5, 0]], "output": [[2, 2, 2, 0], [2, 2, 2, 0], [0, 2, 0, 0], [0, 0, 0, 0], [0, 0, 2, 2]]}, {"input": [[0, 0, 0, 8, 4, 0, 5, 5, 5], [0, 8, 8, 8, 4, 0, 5, 0, 0], [8, 0, 0, 0, 4, 0, 5, 0, 5], [8, 0, 8, 8, 4, 5, 5, 5, 0], [0, 8, 8, 0, 4, 5, 0, 0, 5]], "output": [[0, 2, 2, 0], [0, 0, 2, 2], [2, 2, 0, 2], [0, 2, 0, 2], [2, 2, 2, 2]]}, {"input": [[8, 8, 0, 0, 4, 0, 5, 5, 0], [8, 8, 0, 8, 4, 0, 0, 5, 5], [0, 0, 0, 0, 4, 0, 0, 5, 0], [8, 8, 0, 0, 4, 0, 5, 5, 5], [8, 0, 0, 8, 4, 0, 0, 0, 5]], "output": [[2, 0, 2, 0], [2, 2, 2, 0], [0, 0, 2, 0], [2, 0, 2, 2], [2, 0, 0, 0]]}], "test": [{"input": [[0, 8, 0, 0, 4, 5, 0, 0, 0], [0, 8, 0, 8, 4, 5, 5, 0, 5], [8, 8, 0, 8, 4, 0, 0, 5, 5], [8, 8, 8, 8, 4, 5, 0, 5, 5], [0, 0, 8, 8, 4, 5, 0, 5, 0]], "output": [[2, 2, 0, 0], [2, 0, 0, 0], [2, 2, 2, 0], [0, 2, 0, 0], [2, 0, 0, 2]]}]}