{"train": [{"input": [[2, 7, 3, 5, 0, 0, 0, 0, 0, 0, 0, 0, 0], [2, 3, 3, 5, 0, 0, 0, 0, 1, 0, 0, 0, 0], [3, 7, 7, 5, 0, 0, 0, 0, 0, 0, 0, 0, 0], [0, 0, 0, 5, 0, 0, 0, 0, 0, 0, 0, 0, 0], [0, 0, 0, 5, 0, 1, 0, 0, 0, 0, 0, 1, 0], [0, 0, 0, 5, 0, 0, 0, 0, 0, 0, 0, 0, 0], [0, 0, 0, 5, 0, 0, 0, 0, 0, 0, 0, 0, 0], [0, 0, 0, 5, 0, 1, 0, 0, 1, 0, 0, 0, 0], [0, 0, 0, 5, 0, 0, 0, 0, 0, 0, 0, 0, 0]], "output": [[2, 7, 3, 5, 0, 0, 0, 2, 7, 3, 0, 0, 0], [2, 3, 3, 5, 0, 0, 0, 2, 3, 3, 0, 0, 0], [3, 7, 7, 5, 0, 0, 0, 3, 7, 7, 0, 0, 0], [0, 0, 0, 5, 2, 7, 3, 0, 0, 0, 2, 7, 3], [0, 0, 0, 5, 2, 3, 3, 0, 0, 0, 2, 3, 3], [0, 0, 0, 5, 3, 7, 7, 0, 0, 0, 3, 7, 7], [0, 0, 0, 5, 2, 7, 3, 2, 7, 3, 0, 0, 0], [0, 0, 0, 5, 2, 3, 3, 2, 3, 3, 0, 0, 0], [0, 0, 0, 5, 3, 7, 7, 3, 7, 7, 0, 0, 0]]}, {"input": [[4, 2, 2, 5, 0, 0, 0, 0, 0, 0, 0, 0, 0], [2, 6, 2, 5, 0, 1, 0, 0, 0, 0, 0, 0, 0], [6, 4, 4, 5, 0, 0, 0, 0, 0, 0, 0, 0, 0], [0, 0, 0, 5, 0, 0, 0, 0, 0, 0, 0, 0, 0], [0, 0, 0, 5, 0, 0, 0, 0, 1, 0, 0, 0, 0], [0, 0, 0, 5, 0, 0, 0, 0, 0, 0, 0, 0, 0], [0, 0, 0, 5, 0, 0, 0, 0, 0, 0, 0, 0, 0], [0, 0, 0, 5, 0, 0, 0, 0, 1, 0, 0, 0, 0], [0, 0, 0, 5, 0, 0, 0, 0, 0, 0, 0, 0, 0]], "output": [[4, 2, 2, 5, 4, 2, 2, 0, 0, 0, 0, 0, 0], [2, 6, 2, 5, 2, 6, 2, 0, 0, 0, 0, 0, 0], [6, 4, 4, 5, 6, 4, 4, 0, 0, 0, 0, 0, 0], [0, 0, 0, 5, 0, 0, 0, 4, 2, 2, 0, 0, 0], [0, 0, 0, 5, 0, 0, 0, 2, 6, 2, 0, 0, 0], [0, 0, 0, 5, 0, 0, 0, 6, 4, 4, 0, 0, 0], [0, 0, 0, 5, 0, 0, 0, 4, 2, 2, 0, 0, 0], [0, 0, 0, 5, 0, 0, 0, 2, 6, 2, 0, 0, 0], [0, 0, 0, 5, 0, 0, 0, 6, 4, 4, 0, 0, 0]]}, {"input": [[3, 8, 6, 5, 0, 0, 0, 0, 0, 0, 0, 0, 0], [9, 8, 2, 5, 0, 1, 0, 0, 0, 0, 0, 1, 0], [9, 9, 9, 5, 0, 0, 0, 0, 0, 0, 0, 0, 0], [0, 0, 0, 5, 0, 0, 0, 0, 0, 0, 0, 0, 0], [0, 0, 0, 5, 0, 0, 0, 0, 1, 0, 0, 0, 0], [0, 0, 0, 5, 0, 0, 0, 0, 0, 0, 0, 0, 0], [0, 0, 0, 5, 0, 0, 0, 0, 0, 0, 0, 0, 0], [0, 0, 0, 5, 0, 0, 0, 0, 1, 0, 0, 1, 0], [0, 0, 0, 5, 0, 0, 0, 0, 0, 0, 0, 0, 0]], "output": [[3, 8, 6, 5, 3, 8, 6, 0, 0, 0, 3, 8, 6], [9, 8, 2, 5, 9, 8, 2, 0, 0, 0, 9, 8, 2], [9, 9, 9, 5, 9, 9, 9, 0, 0, 0, 9, 9, 9], [0, 0, 0, 5, 0, 0, 0, 3, 8, 6, 0, 0, 0], [0, 0, 0, 5, 0, 0, 0, 9, 8, 2, 0, 0, 0], [0, 0, 0, 5, 0, 0, 0, 9, 9, 9, 0, 0, 0], [0, 0, 0, 5, 0, 0, 0, 3, 8, 6, 3, 8, 6], [0, 0, 0, 5, 0, 0, 0, 9, 8, 2, 9, 8, 2], [0, 0, 0, 5, 0, 0, 0, 9, 9, 9, 9, 9, 9]]}], "test": [{"input": [[3, 3, 9, 5, 0, 0, 0, 0, 0, 0, 0, 0, 0], [8, 4, 4, 5, 0, 0, 0, 0, 1, 0, 0, 1, 0], [8, 9, 8, 5, 0, 0, 0, 0, 0, 0, 0, 0, 0], [0, 0, 0, 5, 0, 0, 0, 0, 0, 0, 0, 0, 0], [0, 0, 0, 5, 0, 1, 0, 0, 0, 0, 0, 1, 0], [0, 0, 0, 5, 0, 0, 0, 0, 0, 0, 0, 0, 0], [0, 0, 0, 5, 0, 0, 0, 0, 0, 0, 0, 0, 0], [0, 0, 0, 5, 0, 1, 0, 0, 1, 0, 0, 0, 0], [0, 0, 0, 5, 0, 0, 0, 0, 0, 0, 0, 0, 0]], "output": [[3, 3, 9, 5, 0, 0, 0, 3, 3, 9, 3, 3, 9], [8, 4, 4, 5, 0, 0, 0, 8, 4, 4, 8, 4, 4], [8, 9, 8, 5, 0, 0, 0, 8, 9, 8, 8, 9, 8], [0, 0, 0, 5, 3, 3, 9, 0, 0, 0, 3, 3, 9], [0, 0, 0, 5, 8, 4, 4, 0, 0, 0, 8, 4, 4], [0, 0, 0, 5, 8, 9, 8, 0, 0, 0, 8, 9, 8], [0, 0, 0, 5, 3, 3, 9, 3, 3, 9, 0, 0, 0], [0, 0, 0, 5, 8, 4, 4, 8, 4, 4, 0, 0, 0], [0, 0, 0, 5, 8, 9, 8, 8, 9, 8, 0, 0, 0]]}]}