{"train": [{"input": [[0, 0, 1, 1, 1, 1, 1, 1, 1, 0], [0, 0, 1, 1, 0, 1, 1, 1, 1, 0], [0, 0, 1, 1, 0, 1, 0, 1, 1, 0], [0, 0, 1, 1, 0, 1, 0, 1, 1, 0], [0, 0, 0, 0, 0, 0, 0, 1, 1, 0], [0, 0, 0, 0, 0, 0, 0, 0, 0, 0], [0, 0, 0, 0, 0, 0, 2, 0, 0, 0], [0, 0, 0, 0, 0, 0, 2, 0, 0, 0], [0, 0, 0, 0, 0, 0, 2, 0, 0, 0], [0, 0, 0, 0, 2, 0, 2, 0, 0, 0]], "output": [[0, 0, 1, 1, 1, 1, 1, 1, 1, 0], [0, 0, 1, 1, 2, 1, 1, 1, 1, 0], [0, 0, 1, 1, 0, 1, 2, 1, 1, 0], [0, 0, 1, 1, 0, 1, 2, 1, 1, 0], [0, 0, 0, 0, 0, 0, 2, 1, 1, 0], [0, 0, 0, 0, 0, 0, 2, 0, 0, 0], [0, 0, 0, 0, 0, 0, 0, 0, 0, 0], [0, 0, 0, 0, 0, 0, 0, 0, 0, 0], [0, 0, 0, 0, 0, 0, 0, 0, 0, 0], [0, 0, 0, 0, 0, 0, 0, 0, 0, 0]]}, {"input": [[0, 0, 1, 1, 1, 1, 1, 0, 0, 0], [0, 0, 1, 1, 1, 1, 1, 0, 0, 0], [0, 0, 1, 1, 0, 1, 1, 0, 0, 0], [0, 0, 1, 1, 0, 1, 1, 0, 0, 0], [0, 0, 0, 0, 0, 0, 0, 0, 0, 0], [0, 0, 0, 0, 0, 0, 0, 0, 0, 0], [0, 0, 0, 0, 0, 0, 0, 0, 0, 0], [0, 0, 0, 0, 2, 0, 0, 0, 0, 0], [0, 0, 0, 0, 2, 0, 0, 0, 0, 0], [0, 0, 0, 0, 2, 0, 0, 0, 0, 0]], "output": [[0, 0, 1, 1, 1, 1, 1, 0, 0, 0], [0, 0, 1, 1, 1, 1, 1, 0, 0, 0], [0, 0, 1, 1, 2, 1, 1, 0, 0, 0], [0, 0, 1, 1, 2, 1, 1, 0, 0, 0], [0, 0, 0, 0, 2, 0, 0, 0, 0, 0], [0, 0, 0, 0, 0, 0, 0, 0, 0, 0], [0, 0, 0, 0, 0, 0, 0, 0, 0, 0], [0, 0, 0, 0, 0, 0, 0, 0, 0, 0], [0, 0, 0, 0, 0, 0, 0, 0, 0, 0], [0, 0, 0, 0, 0, 0, 0, 0, 0, 0]]}, {"input": [[0, 1, 1, 1, 1, 1, 1, 1, 1, 1], [0, 1, 1, 0, 1, 1, 1, 1, 1, 1], [0, 1, 1, 0, 1, 1, 1, 1, 0, 1], [0, 1, 1, 0, 0, 1, 0, 1, 0, 1], [0, 0, 0, 0, 0, 0, 0, 0, 0, 0], [0, 0, 0, 0, 0, 0, 0, 0, 0, 0], [0, 0, 0, 0, 0, 0, 2, 0, 0, 0], [0, 0, 0, 2, 0, 0, 2, 0, 2, 0], [0, 0, 0, 2, 2, 0, 2, 0, 2, 0], [0, 0, 0, 2, 2, 0, 2, 0, 2, 0]], "output": [[0, 1, 1, 1, 1, 1, 1, 1, 1, 1], [0, 1, 1, 2, 1, 1, 1, 1, 1, 1], [0, 1, 1, 2, 1, 1, 1, 1, 2, 1], [0, 1, 1, 2, 2, 1, 2, 1, 2, 1], [0, 0, 0, 0, 2, 0, 2, 0, 2, 0], [0, 0, 0, 0, 0, 0, 2, 0, 0, 0], [0, 0, 0, 0, 0, 0, 2, 0, 0, 0], [0, 0, 0, 0, 0, 0, 0, 0, 0, 0], [0, 0, 0, 0, 0, 0, 0, 0, 0, 0], [0, 0, 0, 0, 0, 0, 0, 0, 0, 0]]}], "test": [{"input": [[0, 1, 1, 1, 1, 1, 1, 1, 1, 1], [0, 1, 0, 1, 1, 1, 1, 1, 0, 1], [0, 1, 0, 1, 0, 1, 0, 1, 0, 1], [0, 1, 0, 1, 0, 0, 0, 1, 0, 1], [0, 0, 0, 1, 0, 0, 0, 0, 2, 1], [0, 0, 0, 0, 0, 0, 0, 0, 2, 0], [0, 0, 0, 0, 0, 2, 0, 0, 2, 0], [0, 0, 2, 0, 0, 2, 0, 0, 2, 0], [0, 0, 2, 0, 2, 2, 0, 0, 2, 0], [0, 0, 2, 0, 2, 2, 2, 0, 2, 0]], "output": [[0, 1, 1, 1, 1, 1, 1, 1, 1, 1], [0, 1, 2, 1, 1, 1, 1, 1, 2, 1], [0, 1, 2, 1, 2, 1, 2, 1, 2, 1], [0, 1, 2, 1, 2, 2, 0, 1, 2, 1], [0, 0, 0, 1, 0, 2, 0, 0, 2, 1], [0, 0, 0, 0, 0, 2, 0, 0, 2, 0], [0, 0, 0, 0, 0, 2, 0, 0, 2, 0], [0, 0, 0, 0, 0, 0, 0, 0, 0, 0], [0, 0, 0, 0, 0, 0, 0, 0, 0, 0], [0, 0, 0, 0, 0, 0, 0, 0, 0, 0]]}]}