{"train": [{"input": [[2, 3, 3, 3, 2], [3, 3, 5, 3, 3], [3, 5, 5, 5, 3], [3, 3, 5, 3, 3], [2, 3, 3, 3, 2]], "output": [[2, 3, 3, 3, 2, 2, 5, 3, 2, 5], [3, 3, 5, 3, 3, 2, 5, 3, 2, 5], [3, 5, 5, 5, 3, 2, 5, 3, 2, 5], [3, 3, 5, 3, 3, 2, 5, 3, 2, 5], [2, 3, 3, 3, 2, 2, 5, 3, 2, 5], [2, 2, 2, 2, 2, 5, 5, 3, 2, 5], [5, 5, 5, 5, 5, 5, 3, 3, 2, 5], [3, 3, 3, 3, 3, 3, 3, 2, 2, 5], [2, 2, 2, 2, 2, 2, 2, 2, 5, 5], [5, 5, 5, 5, 5, 5, 5, 5, 5, 3]]}, {"input": [[9, 8, 8, 8, 9], [8, 8, 2, 8, 8], [8, 2, 2, 2, 8], [8, 8, 2, 8, 8], [9, 8, 8, 8, 9]], "output": [[9, 8, 8, 8, 9, 9, 2, 8, 9, 2], [8, 8, 2, 8, 8, 9, 2, 8, 9, 2], [8, 2, 2, 2, 8, 9, 2, 8, 9, 2], [8, 8, 2, 8, 8, 9, 2, 8, 9, 2], [9, 8, 8, 8, 9, 9, 2, 8, 9, 2], [9, 9, 9, 9, 9, 2, 2, 8, 9, 2], [2, 2, 2, 2, 2, 2, 8, 8, 9, 2], [8, 8, 8, 8, 8, 8, 8, 9, 9, 2], [9, 9, 9, 9, 9, 9, 9, 9, 2, 2], [2, 2, 2, 2, 2, 2, 2, 2, 2, 8]]}], "test": [{"input": [[5, 1, 1, 1, 5], [1, 1, 9, 1, 1], [1, 9, 9, 9, 1], [1, 1, 9, 1, 1], [5, 1, 1, 1, 5]], "output": [[5, 1, 1, 1, 5, 5, 9, 1, 5, 9], [1, 1, 9, 1, 1, 5, 9, 1, 5, 9], [1, 9, 9, 9, 1, 5, 9, 1, 5, 9], [1, 1, 9, 1, 1, 5, 9, 1, 5, 9], [5, 1, 1, 1, 5, 5, 9, 1, 5, 9], [5, 5, 5, 5, 5, 9, 9, 1, 5, 9], [9, 9, 9, 9, 9, 9, 1, 1, 5, 9], [1, 1, 1, 1, 1, 1, 1, 5, 5, 9], [5, 5, 5, 5, 5, 5, 5, 5, 9, 9], [9, 9, 9, 9, 9, 9, 9, 9, 9, 1]]}]}