{"train": [{"input": [[0, 0, 3, 3], [0, 3, 0, 3], [3, 3, 3, 0]], "output": [[0, 0, 3, 3, 3, 3, 0, 0], [0, 3, 0, 3, 3, 0, 3, 0], [3, 3, 3, 0, 0, 3, 3, 3], [3, 3, 3, 0, 0, 3, 3, 3], [0, 3, 0, 3, 3, 0, 3, 0], [0, 0, 3, 3, 3, 3, 0, 0]]}, {"input": [[0, 0, 8, 0], [0, 8, 0, 8], [0, 0, 8, 0]], "output": [[0, 0, 8, 0, 0, 8, 0, 0], [0, 8, 0, 8, 8, 0, 8, 0], [0, 0, 8, 0, 0, 8, 0, 0], [0, 0, 8, 0, 0, 8, 0, 0], [0, 8, 0, 8, 8, 0, 8, 0], [0, 0, 8, 0, 0, 8, 0, 0]]}, {"input": [[3, 3, 3, 3], [3, 0, 0, 0], [3, 0, 0, 0]], "output": [[3, 3, 3, 3, 3, 3, 3, 3], [3, 0, 0, 0, 0, 0, 0, 3], [3, 0, 0, 0, 0, 0, 0, 3], [3, 0, 0, 0, 0, 0, 0, 3], [3, 0, 0, 0, 0, 0, 0, 3], [3, 3, 3, 3, 3, 3, 3, 3]]}], "test": [{"input": [[4, 0, 0, 0], [0, 0, 0, 4], [4, 4, 0, 0]], "output": [[4, 0, 0, 0, 0, 0, 0, 4], [0, 0, 0, 4, 4, 0, 0, 0], [4, 4, 0, 0, 0, 0, 4, 4], [4, 4, 0, 0, 0, 0, 4, 4], [0, 0, 0, 4, 4, 0, 0, 0], [4, 0, 0, 0, 0, 0, 0, 4]]}]}