{"train": [{"input": [[7, 7, 2, 7, 7, 7, 7], [7, 7, 2, 2, 2, 7, 7], [7, 7, 7, 7, 2, 7, 7], [2, 2, 7, 7, 2, 2, 2], [7, 2, 7, 7, 7, 7, 7], [7, 2, 2, 2, 2, 7, 7], [7, 7, 7, 7, 2, 7, 7]], "output": [[3, 3, 2, 5, 5, 5, 5], [3, 3, 2, 2, 2, 5, 5], [3, 3, 3, 3, 2, 5, 5], [2, 2, 3, 3, 2, 2, 2], [5, 2, 3, 3, 3, 3, 3], [5, 2, 2, 2, 2, 3, 3], [5, 5, 5, 5, 2, 3, 3]]}, {"input": [[2, 7, 7, 7, 7, 7, 7], [2, 7, 7, 7, 7, 7, 7], [2, 7, 7, 7, 7, 7, 7], [2, 2, 2, 7, 7, 7, 7], [7, 7, 2, 7, 7, 7, 7], [7, 7, 2, 2, 2, 7, 7], [7, 7, 7, 7, 2, 2, 2]], "output": [[2, 3, 3, 3, 3, 3, 3], [2, 3, 3, 3, 3, 3, 3], [2, 3, 3, 3, 3, 3, 3], [2, 2, 2, 3, 3, 3, 3], [5, 5, 2, 3, 3, 3, 3], [5, 5, 2, 2, 2, 3, 3], [5, 5, 5, 5, 2, 2, 2]]}, {"input": [[7, 7, 7, 7, 7, 2, 7, 7], [7, 7, 7, 7, 7, 2, 7, 7], [2, 2, 2, 2, 7, 2, 7, 7], [7, 7, 7, 2, 7, 2, 7, 7], [7, 7, 7, 2, 7, 2, 7, 7], [2, 2, 7, 2, 7, 2, 2, 7], [7, 2, 7, 2, 7, 7, 2, 2], [7, 2, 7, 2, 7, 7, 7, 7]], "output": [[5, 5, 5, 5, 5, 2, 3, 3], [5, 5, 5, 5, 5, 2, 3, 3], [2, 2, 2, 2, 5, 2, 3, 3], [3, 3, 3, 2, 5, 2, 3, 3], [3, 3, 3, 2, 5, 2, 3, 3], [2, 2, 3, 2, 5, 2, 2, 3], [5, 2, 3, 2, 5, 5, 2, 2], [5, 2, 3, 2, 5, 5, 5, 5]]}], "test": [{"input": [[7, 7, 7, 7, 7, 7, 7, 7, 7], [7, 7, 7, 7, 7, 7, 7, 7, 7], [2, 2, 2, 2, 2, 2, 2, 2, 7], [7, 7, 7, 7, 7, 7, 7, 2, 7], [2, 2, 2, 2, 2, 2, 7, 2, 2], [7, 7, 7, 7, 7, 2, 7, 7, 7], [2, 2, 2, 2, 7, 2, 2, 7, 7], [7, 7, 7, 2, 7, 7, 2, 2, 2], [7, 7, 7, 2, 7, 7, 7, 7, 7]], "output": [[3, 3, 3, 3, 3, 3, 3, 3, 3], [3, 3, 3, 3, 3, 3, 3, 3, 3], [2, 2, 2, 2, 2, 2, 2, 2, 3], [5, 5, 5, 5, 5, 5, 5, 2, 3], [2, 2, 2, 2, 2, 2, 5, 2, 2], [3, 3, 3, 3, 3, 2, 5, 5, 5], [2, 2, 2, 2, 3, 2, 2, 5, 5], [5, 5, 5, 2, 3, 3, 2, 2, 2], [5, 5, 5, 2, 3, 3, 3, 3, 3]]}]}