{"train": [{"input": [[5, 5, 7, 7, 7, 7], [5, 5, 7, 7, 7, 7], [5, 9, 7, 7, 7, 7], [5, 5, 7, 7, 7, 7], [7, 7, 7, 7, 7, 7], [7, 7, 7, 7, 5, 5], [7, 7, 7, 7, 5, 5], [7, 7, 7, 7, 5, 9], [7, 7, 7, 7, 5, 5]], "output": [[7, 1, 1, 1, 1, 1, 1, 1, 1, 1, 7], [1, 7, 7, 7, 7, 7, 5, 5, 9, 5, 1], [1, 7, 7, 7, 7, 7, 5, 5, 5, 5, 1], [1, 7, 7, 7, 7, 7, 7, 7, 7, 7, 1], [1, 7, 7, 7, 7, 7, 7, 7, 7, 7, 1], [1, 5, 5, 9, 5, 7, 7, 7, 7, 7, 1], [1, 5, 5, 5, 5, 7, 7, 7, 7, 7, 1], [7, 1, 1, 1, 1, 1, 1, 1, 1, 1, 7], [1, 7, 7, 7, 7, 7, 5, 5, 9, 5, 1], [1, 7, 7, 7, 7, 7, 5, 5, 5, 5, 1], [1, 7, 7, 7, 7, 7, 7, 7, 7, 7, 1], [1, 7, 7, 7, 7, 7, 7, 7, 7, 7, 1], [1, 5, 5, 9, 5, 7, 7, 7, 7, 7, 1], [1, 5, 5, 5, 5, 7, 7, 7, 7, 7, 1], [7, 1, 1, 1, 1, 1, 1, 1, 1, 1, 7]]}, {"input": [[5, 5, 5, 7, 7, 7, 7, 7], [5, 5, 5, 7, 7, 7, 7, 7], [9, 5, 5, 7, 7, 7, 7, 7], [7, 7, 7, 7, 7, 7, 7, 7], [7, 7, 7, 7, 7, 5, 5, 5], [7, 7, 7, 7, 7, 5, 5, 5], [7, 7, 7, 7, 7, 9, 5, 5]], "output": [[7, 1, 1, 1, 1, 1, 1, 1, 7], [1, 7, 7, 7, 7, 5, 5, 5, 1], [1, 7, 7, 7, 7, 5, 5, 5, 1], [1, 7, 7, 7, 7, 5, 5, 9, 1], [1, 7, 7, 7, 7, 7, 7, 7, 1], [1, 7, 7, 7, 7, 7, 7, 7, 1], [1, 5, 5, 5, 7, 7, 7, 7, 1], [1, 5, 5, 5, 7, 7, 7, 7, 1], [1, 5, 5, 9, 7, 7, 7, 7, 1], [7, 1, 1, 1, 1, 1, 1, 1, 7], [1, 7, 7, 7, 7, 5, 5, 5, 1], [1, 7, 7, 7, 7, 5, 5, 5, 1], [1, 7, 7, 7, 7, 5, 5, 9, 1], [1, 7, 7, 7, 7, 7, 7, 7, 1], [1, 7, 7, 7, 7, 7, 7, 7, 1], [1, 5, 5, 5, 7, 7, 7, 7, 1], [1, 5, 5, 5, 7, 7, 7, 7, 1], [1, 5, 5, 9, 7, 7, 7, 7, 1], [7, 1, 1, 1, 1, 1, 1, 1, 7]]}, {"input": [[5, 9, 7, 7, 7], [5, 5, 7, 7, 7], [7, 7, 7, 7, 7], [7, 7, 7, 5, 9], [7, 7, 7, 5, 5]], "output": [[7, 1, 1, 1, 1, 1, 7], [1, 7, 7, 7, 9, 5, 1], [1, 7, 7, 7, 5, 5, 1], [1, 7, 7, 7, 7, 7, 1], [1, 9, 5, 7, 7, 7, 1], [1, 5, 5, 7, 7, 7, 1], [7, 1, 1, 1, 1, 1, 7], [1, 7, 7, 7, 9, 5, 1], [1, 7, 7, 7, 5, 5, 1], [1, 7, 7, 7, 7, 7, 1], [1, 9, 5, 7, 7, 7, 1], [1, 5, 5, 7, 7, 7, 1], [7, 1, 1, 1, 1, 1, 7]]}], "test": [{"input": [[5, 5, 5, 5, 7, 7, 7, 7, 7, 7], [5, 5, 5, 5, 7, 7, 5, 5, 5, 5], [5, 5, 5, 5, 7, 7, 5, 5, 5, 5], [9, 5, 5, 5, 7, 7, 5, 5, 5, 5], [7, 7, 7, 7, 7, 7, 9, 5, 5, 5]], "output": [[7, 1, 1, 1, 1, 1, 7], [1, 7, 5, 5, 5, 5, 1], [1, 7, 5, 5, 5, 5, 1], [1, 7, 5, 5, 5, 5, 1], [1, 7, 5, 5, 5, 9, 1], [1, 7, 7, 7, 7, 7, 1], [1, 7, 7, 7, 7, 7, 1], [1, 5, 5, 5, 5, 7, 1], [1, 5, 5, 5, 5, 7, 1], [1, 5, 5, 5, 5, 7, 1], [1, 5, 5, 5, 9, 7, 1], [7, 1, 1, 1, 1, 1, 7], [1, 7, 5, 5, 5, 5, 1], [1, 7, 5, 5, 5, 5, 1], [1, 7, 5, 5, 5, 5, 1], [1, 7, 5, 5, 5, 9, 1], [1, 7, 7, 7, 7, 7, 1], [1, 7, 7, 7, 7, 7, 1], [1, 5, 5, 5, 5, 7, 1], [1, 5, 5, 5, 5, 7, 1], [1, 5, 5, 5, 5, 7, 1], [1, 5, 5, 5, 9, 7, 1], [7, 1, 1, 1, 1, 1, 7]]}]}