{"train": [{"input": [[1, 1, 0, 3, 3, 0, 2, 2, 0, 5, 5, 5, 0, 5, 5, 5, 0, 5, 5, 5], [1, 1, 0, 3, 3, 0, 2, 2, 0, 5, 0, 5, 0, 0, 5, 0, 0, 5, 0, 0], [0, 0, 0, 0, 0, 0, 0, 0, 0, 5, 5, 5, 0, 5, 5, 5, 0, 5, 5, 5], [0, 0, 0, 0, 0, 0, 0, 0, 0, 0, 0, 0, 0, 0, 0, 0, 0, 0, 0, 0], [0, 0, 0, 0, 0, 0, 0, 0, 0, 0, 0, 0, 0, 0, 0, 0, 0, 0, 0, 0], [0, 0, 0, 0, 0, 0, 0, 0, 0, 0, 0, 0, 0, 0, 0, 0, 0, 0, 0, 0], [0, 0, 0, 1, 2, 3, 1, 2, 0, 0, 0, 0, 0, 0, 0, 0, 0, 0, 0, 0], [0, 0, 0, 2, 1, 3, 2, 1, 0, 0, 0, 0, 0, 0, 0, 0, 0, 0, 0, 0], [0, 0, 0, 3, 3, 3, 3, 3, 0, 0, 0, 0, 0, 0, 0, 0, 0, 0, 0, 0], [0, 0, 0, 1, 2, 3, 1, 2, 0, 0, 0, 0, 0, 0, 0, 0, 0, 0, 0, 0], [0, 0, 0, 2, 1, 3, 2, 1, 0, 0, 0, 0, 0, 0, 0, 0, 0, 0, 0, 0], [0, 0, 0, 0, 0, 0, 0, 0, 0, 0, 0, 0, 0, 0, 0, 0, 0, 0, 0, 0], [0, 0, 0, 0, 0, 0, 0, 0, 0, 0, 0, 0, 0, 0, 0, 0, 0, 0, 0, 0], [0, 0, 0, 0, 0, 0, 0, 0, 0, 0, 0, 0, 0, 0, 0, 0, 0, 0, 0, 0], [0, 0, 0, 0, 0, 0, 0, 0, 0, 0, 0, 0, 0, 0, 0, 0, 0, 0, 0, 0]], "output": [[1, 1, 1, 2, 2, 2, 3, 3, 3, 1, 1, 1, 2, 2, 2], [1, 0, 1, 2, 0, 0, 0, 3, 0, 1, 0, 1, 2, 0, 0], [1, 1, 1, 2, 2, 2, 3, 3, 3, 1, 1, 1, 2, 2, 2], [2, 2, 2, 1, 1, 1, 3, 3, 3, 2, 2, 2, 1, 1, 1], [2, 0, 0, 1, 0, 1, 0, 3, 0, 2, 0, 0, 1, 0, 1], [2, 2, 2, 1, 1, 1, 3, 3, 3, 2, 2, 2, 1, 1, 1], [3, 3, 3, 3, 3, 3, 3, 3, 3, 3, 3, 3, 3, 3, 3], [0, 3, 0, 0, 3, 0, 0, 3, 0, 0, 3, 0, 0, 3, 0], [3, 3, 3, 3, 3, 3, 3, 3, 3, 3, 3, 3, 3, 3, 3], [1, 1, 1, 2, 2, 2, 3, 3, 3, 1, 1, 1, 2, 2, 2], [1, 0, 1, 2, 0, 0, 0, 3, 0, 1, 0, 1, 2, 0, 0], [1, 1, 1, 2, 2, 2, 3, 3, 3, 1, 1, 1, 2, 2, 2], [2, 2, 2, 1, 1, 1, 3, 3, 3, 2, 2, 2, 1, 1, 1], [2, 0, 0, 1, 0, 1, 0, 3, 0, 2, 0, 0, 1, 0, 1], [2, 2, 2, 1, 1, 1, 3, 3, 3, 2, 2, 2, 1, 1, 1]]}, {"input": [[2, 2, 0, 4, 4, 0, 5, 5, 5, 5, 5, 0, 5, 5, 5, 5, 5], [2, 2, 0, 4, 4, 0, 5, 0, 0, 0, 0, 0, 5, 0, 0, 0, 5], [0, 0, 0, 0, 0, 0, 5, 0, 5, 5, 5, 0, 5, 0, 5, 5, 5], [0, 0, 0, 0, 0, 0, 5, 0, 0, 0, 0, 0, 5, 0, 5, 5, 0], [0, 0, 0, 0, 0, 0, 5, 5, 5, 5, 5, 0, 5, 5, 5, 0, 0], [0, 0, 0, 0, 0, 0, 0, 0, 0, 0, 0, 0, 0, 0, 0, 0, 0], [0, 0, 0, 0, 0, 0, 0, 0, 0, 0, 0, 0, 0, 0, 0, 0, 0], [0, 0, 0, 0, 4, 2, 4, 2, 0, 0, 0, 0, 0, 0, 0, 0, 0], [0, 0, 0, 0, 2, 2, 4, 2, 0, 0, 0, 0, 0, 0, 0, 0, 0], [0, 0, 0, 0, 4, 4, 4, 2, 0, 0, 0, 0, 0, 0, 0, 0, 0], [0, 0, 0, 0, 2, 2, 2, 2, 0, 0, 0, 0, 0, 0, 0, 0, 0], [0, 0, 0, 0, 0, 0, 0, 0, 0, 0, 0, 0, 0, 0, 0, 0, 0], [0, 0, 0, 0, 0, 0, 0, 0, 0, 0, 0, 0, 0, 0, 0, 0, 0], [0, 0, 0, 0, 0, 0, 0, 0, 0, 0, 0, 0, 0, 0, 0, 0, 0], [0, 0, 0, 0, 0, 0, 0, 0, 0, 0, 0, 0, 0, 0, 0, 0, 0]], "output": [[4, 4, 4, 4, 4, 2, 2, 2, 2, 2, 4, 4, 4, 4, 4, 2, 2, 2, 2, 2], [4, 0, 0, 0, 4, 2, 0, 0, 0, 0, 4, 0, 0, 0, 4, 2, 0, 0, 0, 0], [4, 0, 4, 4, 4, 2, 0, 2, 2, 2, 4, 0, 4, 4, 4, 2, 0, 2, 2, 2], [4, 0, 4, 4, 0, 2, 0, 0, 0, 0, 4, 0, 4, 4, 0, 2, 0, 0, 0, 0], [4, 4, 4, 0, 0, 2, 2, 2, 2, 2, 4, 4, 4, 0, 0, 2, 2, 2, 2, 2], [2, 2, 2, 2, 2, 2, 2, 2, 2, 2, 4, 4, 4, 4, 4, 2, 2, 2, 2, 2], [2, 0, 0, 0, 0, 2, 0, 0, 0, 0, 4, 0, 0, 0, 4, 2, 0, 0, 0, 0], [2, 0, 2, 2, 2, 2, 0, 2, 2, 2, 4, 0, 4, 4, 4, 2, 0, 2, 2, 2], [2, 0, 0, 0, 0, 2, 0, 0, 0, 0, 4, 0, 4, 4, 0, 2, 0, 0, 0, 0], [2, 2, 2, 2, 2, 2, 2, 2, 2, 2, 4, 4, 4, 0, 0, 2, 2, 2, 2, 2], [4, 4, 4, 4, 4, 4, 4, 4, 4, 4, 4, 4, 4, 4, 4, 2, 2, 2, 2, 2], [4, 0, 0, 0, 4, 4, 0, 0, 0, 4, 4, 0, 0, 0, 4, 2, 0, 0, 0, 0], [4, 0, 4, 4, 4, 4, 0, 4, 4, 4, 4, 0, 4, 4, 4, 2, 0, 2, 2, 2], [4, 0, 4, 4, 0, 4, 0, 4, 4, 0, 4, 0, 4, 4, 0, 2, 0, 0, 0, 0], [4, 4, 4, 0, 0, 4, 4, 4, 0, 0, 4, 4, 4, 0, 0, 2, 2, 2, 2, 2], [2, 2, 2, 2, 2, 2, 2, 2, 2, 2, 2, 2, 2, 2, 2, 2, 2, 2, 2, 2], [2, 0, 0, 0, 0, 2, 0, 0, 0, 0, 2, 0, 0, 0, 0, 2, 0, 0, 0, 0], [2, 0, 2, 2, 2, 2, 0, 2, 2, 2, 2, 0, 2, 2, 2, 2, 0, 2, 2, 2], [2, 0, 0, 0, 0, 2, 0, 0, 0, 0, 2, 0, 0, 0, 0, 2, 0, 0, 0, 0], [2, 2, 2, 2, 2, 2, 2, 2, 2, 2, 2, 2, 2, 2, 2, 2, 2, 2, 2, 2]]}, {"input": [[8, 8, 0, 1, 1, 0, 5, 5, 5, 5, 5, 0, 5, 5, 5, 5, 5], [8, 8, 0, 1, 1, 0, 5, 0, 0, 0, 5, 0, 5, 0, 0, 0, 5], [0, 0, 0, 0, 0, 0, 5, 0, 5, 0, 5, 0, 5, 0, 5, 0, 5], [0, 0, 0, 0, 0, 0, 5, 0, 5, 5, 5, 0, 5, 5, 5, 0, 5], [0, 0, 0, 0, 0, 0, 5, 0, 0, 0, 0, 0, 0, 0, 0, 0, 5], [0, 0, 0, 0, 0, 0, 0, 0, 0, 0, 0, 0, 0, 0, 0, 0, 0], [0, 0, 8, 1, 8, 1, 8, 1, 0, 0, 0, 0, 0, 0, 0, 0, 0], [0, 0, 1, 8, 1, 8, 1, 8, 0, 0, 0, 0, 0, 0, 0, 0, 0], [0, 0, 8, 1, 8, 1, 8, 1, 0, 0, 0, 0, 0, 0, 0, 0, 0], [0, 0, 1, 8, 1, 8, 1, 8, 0, 0, 0, 0, 0, 0, 0, 0, 0], [0, 0, 8, 1, 8, 1, 8, 1, 0, 0, 0, 0, 0, 0, 0, 0, 0], [0, 0, 1, 8, 1, 8, 1, 8, 0, 0, 0, 0, 0, 0, 0, 0, 0], [0, 0, 0, 0, 0, 0, 0, 0, 0, 0, 0, 0, 0, 0, 0, 0, 0], [0, 0, 0, 0, 0, 0, 0, 0, 0, 0, 0, 0, 0, 0, 0, 0, 0], [0, 0, 0, 0, 0, 0, 0, 0, 0, 0, 0, 0, 0, 0, 0, 0, 0]], "output": [[8, 8, 8, 8, 8, 1, 1, 1, 1, 1, 8, 8, 8, 8, 8, 1, 1, 1, 1, 1, 8, 8, 8, 8, 8, 1, 1, 1, 1, 1], [8, 0, 0, 0, 8, 1, 0, 0, 0, 1, 8, 0, 0, 0, 8, 1, 0, 0, 0, 1, 8, 0, 0, 0, 8, 1, 0, 0, 0, 1], [8, 0, 8, 0, 8, 1, 0, 1, 0, 1, 8, 0, 8, 0, 8, 1, 0, 1, 0, 1, 8, 0, 8, 0, 8, 1, 0, 1, 0, 1], [8, 0, 8, 8, 8, 1, 1, 1, 0, 1, 8, 0, 8, 8, 8, 1, 1, 1, 0, 1, 8, 0, 8, 8, 8, 1, 1, 1, 0, 1], [8, 0, 0, 0, 0, 0, 0, 0, 0, 1, 8, 0, 0, 0, 0, 0, 0, 0, 0, 1, 8, 0, 0, 0, 0, 0, 0, 0, 0, 1], [1, 1, 1, 1, 1, 8, 8, 8, 8, 8, 1, 1, 1, 1, 1, 8, 8, 8, 8, 8, 1, 1, 1, 1, 1, 8, 8, 8, 8, 8], [1, 0, 0, 0, 1, 8, 0, 0, 0, 8, 1, 0, 0, 0, 1, 8, 0, 0, 0, 8, 1, 0, 0, 0, 1, 8, 0, 0, 0, 8], [1, 0, 1, 0, 1, 8, 0, 8, 0, 8, 1, 0, 1, 0, 1, 8, 0, 8, 0, 8, 1, 0, 1, 0, 1, 8, 0, 8, 0, 8], [1, 1, 1, 0, 1, 8, 0, 8, 8, 8, 1, 1, 1, 0, 1, 8, 0, 8, 8, 8, 1, 1, 1, 0, 1, 8, 0, 8, 8, 8], [0, 0, 0, 0, 1, 8, 0, 0, 0, 0, 0, 0, 0, 0, 1, 8, 0, 0, 0, 0, 0, 0, 0, 0, 1, 8, 0, 0, 0, 0], [8, 8, 8, 8, 8, 1, 1, 1, 1, 1, 8, 8, 8, 8, 8, 1, 1, 1, 1, 1, 8, 8, 8, 8, 8, 1, 1, 1, 1, 1], [8, 0, 0, 0, 8, 1, 0, 0, 0, 1, 8, 0, 0, 0, 8, 1, 0, 0, 0, 1, 8, 0, 0, 0, 8, 1, 0, 0, 0, 1], [8, 0, 8, 0, 8, 1, 0, 1, 0, 1, 8, 0, 8, 0, 8, 1, 0, 1, 0, 1, 8, 0, 8, 0, 8, 1, 0, 1, 0, 1], [8, 0, 8, 8, 8, 1, 1, 1, 0, 1, 8, 0, 8, 8, 8, 1, 1, 1, 0, 1, 8, 0, 8, 8, 8, 1, 1, 1, 0, 1], [8, 0, 0, 0, 0, 0, 0, 0, 0, 1, 8, 0, 0, 0, 0, 0, 0, 0, 0, 1, 8, 0, 0, 0, 0, 0, 0, 0, 0, 1], [1, 1, 1, 1, 1, 8, 8, 8, 8, 8, 1, 1, 1, 1, 1, 8, 8, 8, 8, 8, 1, 1, 1, 1, 1, 8, 8, 8, 8, 8], [1, 0, 0, 0, 1, 8, 0, 0, 0, 8, 1, 0, 0, 0, 1, 8, 0, 0, 0, 8, 1, 0, 0, 0, 1, 8, 0, 0, 0, 8], [1, 0, 1, 0, 1, 8, 0, 8, 0, 8, 1, 0, 1, 0, 1, 8, 0, 8, 0, 8, 1, 0, 1, 0, 1, 8, 0, 8, 0, 8], [1, 1, 1, 0, 1, 8, 0, 8, 8, 8, 1, 1, 1, 0, 1, 8, 0, 8, 8, 8, 1, 1, 1, 0, 1, 8, 0, 8, 8, 8], [0, 0, 0, 0, 1, 8, 0, 0, 0, 0, 0, 0, 0, 0, 1, 8, 0, 0, 0, 0, 0, 0, 0, 0, 1, 8, 0, 0, 0, 0], [8, 8, 8, 8, 8, 1, 1, 1, 1, 1, 8, 8, 8, 8, 8, 1, 1, 1, 1, 1, 8, 8, 8, 8, 8, 1, 1, 1, 1, 1], [8, 0, 0, 0, 8, 1, 0, 0, 0, 1, 8, 0, 0, 0, 8, 1, 0, 0, 0, 1, 8, 0, 0, 0, 8, 1, 0, 0, 0, 1], [8, 0, 8, 0, 8, 1, 0, 1, 0, 1, 8, 0, 8, 0, 8, 1, 0, 1, 0, 1, 8, 0, 8, 0, 8, 1, 0, 1, 0, 1], [8, 0, 8, 8, 8, 1, 1, 1, 0, 1, 8, 0, 8, 8, 8, 1, 1, 1, 0, 1, 8, 0, 8, 8, 8, 1, 1, 1, 0, 1], [8, 0, 0, 0, 0, 0, 0, 0, 0, 1, 8, 0, 0, 0, 0, 0, 0, 0, 0, 1, 8, 0, 0, 0, 0, 0, 0, 0, 0, 1], [1, 1, 1, 1, 1, 8, 8, 8, 8, 8, 1, 1, 1, 1, 1, 8, 8, 8, 8, 8, 1, 1, 1, 1, 1, 8, 8, 8, 8, 8], [1, 0, 0, 0, 1, 8, 0, 0, 0, 8, 1, 0, 0, 0, 1, 8, 0, 0, 0, 8, 1, 0, 0, 0, 1, 8, 0, 0, 0, 8], [1, 0, 1, 0, 1, 8, 0, 8, 0, 8, 1, 0, 1, 0, 1, 8, 0, 8, 0, 8, 1, 0, 1, 0, 1, 8, 0, 8, 0, 8], [1, 1, 1, 0, 1, 8, 0, 8, 8, 8, 1, 1, 1, 0, 1, 8, 0, 8, 8, 8, 1, 1, 1, 0, 1, 8, 0, 8, 8, 8], [0, 0, 0, 0, 1, 8, 0, 0, 0, 0, 0, 0, 0, 0, 1, 8, 0, 0, 0, 0, 0, 0, 0, 0, 1, 8, 0, 0, 0, 0]]}], "test": [{"input": [[1, 1, 0, 2, 2, 0, 3, 3, 0, 8, 8, 0, 5, 5, 5, 0, 5, 5, 5, 0, 5, 5, 5, 0, 5, 5, 5], [1, 1, 0, 2, 2, 0, 3, 3, 0, 8, 8, 0, 5, 0, 0, 0, 0, 0, 5, 0, 5, 0, 5, 0, 0, 5, 0], [0, 0, 0, 0, 0, 0, 0, 0, 0, 0, 0, 0, 5, 5, 5, 0, 5, 5, 5, 0, 5, 5, 5, 0, 5, 5, 5], [0, 0, 0, 0, 0, 0, 0, 0, 0, 0, 0, 0, 0, 0, 0, 0, 0, 0, 0, 0, 0, 0, 0, 0, 0, 0, 0], [0, 0, 0, 0, 0, 0, 0, 0, 0, 0, 0, 0, 0, 0, 0, 0, 0, 0, 0, 0, 0, 0, 0, 0, 0, 0, 0], [0, 0, 0, 0, 0, 0, 0, 0, 0, 0, 0, 0, 0, 0, 0, 0, 0, 0, 0, 0, 0, 0, 0, 0, 0, 0, 0], [0, 0, 0, 0, 0, 2, 2, 1, 8, 8, 8, 3, 0, 0, 0, 0, 0, 0, 0, 0, 0, 0, 0, 0, 0, 0, 0], [0, 0, 0, 0, 0, 2, 1, 1, 8, 2, 1, 3, 0, 0, 0, 0, 0, 0, 0, 0, 0, 0, 0, 0, 0, 0, 0], [0, 0, 0, 0, 0, 1, 1, 8, 8, 2, 1, 3, 0, 0, 0, 0, 0, 0, 0, 0, 0, 0, 0, 0, 0, 0, 0], [0, 0, 0, 0, 0, 8, 8, 8, 2, 2, 1, 8, 0, 0, 0, 0, 0, 0, 0, 0, 0, 0, 0, 0, 0, 0, 0], [0, 0, 0, 0, 0, 8, 2, 2, 2, 1, 1, 8, 0, 0, 0, 0, 0, 0, 0, 0, 0, 0, 0, 0, 0, 0, 0], [0, 0, 0, 0, 0, 8, 1, 1, 1, 1, 8, 2, 0, 0, 0, 0, 0, 0, 0, 0, 0, 0, 0, 0, 0, 0, 0], [0, 0, 0, 0, 0, 3, 3, 3, 8, 8, 2, 2, 0, 0, 0, 0, 0, 0, 0, 0, 0, 0, 0, 0, 0, 0, 0], [0, 0, 0, 0, 0, 0, 0, 0, 0, 0, 0, 0, 0, 0, 0, 0, 0, 0, 0, 0, 0, 0, 0, 0, 0, 0, 0], [0, 0, 0, 0, 0, 0, 0, 0, 0, 0, 0, 0, 0, 0, 0, 0, 0, 0, 0, 0, 0, 0, 0, 0, 0, 0, 0]], "output": [[2, 2, 2, 2, 2, 2, 1, 1, 1, 8, 8, 8, 8, 8, 8, 8, 8, 8, 3, 3, 3], [0, 0, 2, 0, 0, 2, 1, 0, 0, 0, 8, 0, 0, 8, 0, 0, 8, 0, 3, 0, 3], [2, 2, 2, 2, 2, 2, 1, 1, 1, 8, 8, 8, 8, 8, 8, 8, 8, 8, 3, 3, 3], [2, 2, 2, 1, 1, 1, 1, 1, 1, 8, 8, 8, 2, 2, 2, 1, 1, 1, 3, 3, 3], [0, 0, 2, 1, 0, 0, 1, 0, 0, 0, 8, 0, 0, 0, 2, 1, 0, 0, 3, 0, 3], [2, 2, 2, 1, 1, 1, 1, 1, 1, 8, 8, 8, 2, 2, 2, 1, 1, 1, 3, 3, 3], [1, 1, 1, 1, 1, 1, 8, 8, 8, 8, 8, 8, 2, 2, 2, 1, 1, 1, 3, 3, 3], [1, 0, 0, 1, 0, 0, 0, 8, 0, 0, 8, 0, 0, 0, 2, 1, 0, 0, 3, 0, 3], [1, 1, 1, 1, 1, 1, 8, 8, 8, 8, 8, 8, 2, 2, 2, 1, 1, 1, 3, 3, 3], [8, 8, 8, 8, 8, 8, 8, 8, 8, 2, 2, 2, 2, 2, 2, 1, 1, 1, 8, 8, 8], [0, 8, 0, 0, 8, 0, 0, 8, 0, 0, 0, 2, 0, 0, 2, 1, 0, 0, 0, 8, 0], [8, 8, 8, 8, 8, 8, 8, 8, 8, 2, 2, 2, 2, 2, 2, 1, 1, 1, 8, 8, 8], [8, 8, 8, 2, 2, 2, 2, 2, 2, 2, 2, 2, 1, 1, 1, 1, 1, 1, 8, 8, 8], [0, 8, 0, 0, 0, 2, 0, 0, 2, 0, 0, 2, 1, 0, 0, 1, 0, 0, 0, 8, 0], [8, 8, 8, 2, 2, 2, 2, 2, 2, 2, 2, 2, 1, 1, 1, 1, 1, 1, 8, 8, 8], [8, 8, 8, 1, 1, 1, 1, 1, 1, 1, 1, 1, 1, 1, 1, 8, 8, 8, 2, 2, 2], [0, 8, 0, 1, 0, 0, 1, 0, 0, 1, 0, 0, 1, 0, 0, 0, 8, 0, 0, 0, 2], [8, 8, 8, 1, 1, 1, 1, 1, 1, 1, 1, 1, 1, 1, 1, 8, 8, 8, 2, 2, 2], [3, 3, 3, 3, 3, 3, 3, 3, 3, 8, 8, 8, 8, 8, 8, 2, 2, 2, 2, 2, 2], [3, 0, 3, 3, 0, 3, 3, 0, 3, 0, 8, 0, 0, 8, 0, 0, 0, 2, 0, 0, 2], [3, 3, 3, 3, 3, 3, 3, 3, 3, 8, 8, 8, 8, 8, 8, 2, 2, 2, 2, 2, 2]]}, {"input": [[1, 1, 0, 4, 4, 0, 8, 8, 0, 5, 5, 5, 5, 5, 5, 0, 5, 5, 5, 5, 5, 5, 0, 5, 5, 5, 5, 5, 5], [1, 1, 0, 4, 4, 0, 8, 8, 0, 5, 0, 0, 0, 0, 5, 0, 5, 0, 0, 0, 0, 5, 0, 5, 0, 0, 0, 0, 5], [0, 0, 0, 0, 0, 0, 0, 0, 0, 5, 0, 5, 5, 0, 5, 0, 5, 0, 5, 5, 0, 5, 0, 5, 0, 5, 5, 0, 5], [0, 0, 0, 0, 0, 0, 0, 0, 0, 5, 0, 5, 5, 0, 5, 0, 5, 0, 5, 5, 5, 5, 0, 5, 0, 5, 5, 0, 5], [0, 0, 0, 0, 0, 0, 0, 0, 0, 5, 0, 5, 0, 0, 5, 0, 5, 0, 0, 0, 0, 0, 0, 5, 0, 0, 0, 0, 5], [0, 0, 0, 0, 0, 0, 0, 0, 0, 5, 0, 5, 5, 5, 5, 0, 5, 5, 5, 5, 5, 5, 0, 5, 5, 5, 5, 5, 5], [0, 0, 0, 0, 0, 0, 0, 0, 0, 0, 0, 0, 0, 0, 0, 0, 0, 0, 0, 0, 0, 0, 0, 0, 0, 0, 0, 0, 0], [0, 0, 0, 0, 0, 0, 0, 0, 0, 0, 0, 0, 0, 0, 0, 0, 0, 0, 0, 0, 0, 0, 0, 0, 0, 0, 0, 0, 0], [0, 0, 0, 0, 0, 0, 0, 0, 0, 0, 0, 0, 0, 0, 0, 0, 0, 0, 0, 0, 0, 0, 0, 0, 0, 0, 0, 0, 0], [0, 0, 0, 0, 4, 1, 4, 1, 4, 0, 0, 0, 0, 0, 0, 0, 0, 0, 0, 0, 0, 0, 0, 0, 0, 0, 0, 0, 0], [0, 0, 0, 0, 8, 8, 8, 8, 8, 0, 0, 0, 0, 0, 0, 0, 0, 0, 0, 0, 0, 0, 0, 0, 0, 0, 0, 0, 0], [0, 0, 0, 0, 1, 4, 1, 4, 1, 0, 0, 0, 0, 0, 0, 0, 0, 0, 0, 0, 0, 0, 0, 0, 0, 0, 0, 0, 0], [0, 0, 0, 0, 8, 8, 8, 8, 8, 0, 0, 0, 0, 0, 0, 0, 0, 0, 0, 0, 0, 0, 0, 0, 0, 0, 0, 0, 0], [0, 0, 0, 0, 4, 1, 4, 1, 4, 0, 0, 0, 0, 0, 0, 0, 0, 0, 0, 0, 0, 0, 0, 0, 0, 0, 0, 0, 0], [0, 0, 0, 0, 0, 0, 0, 0, 0, 0, 0, 0, 0, 0, 0, 0, 0, 0, 0, 0, 0, 0, 0, 0, 0, 0, 0, 0, 0]], "output": [[4, 4, 4, 4, 4, 4, 1, 1, 1, 1, 1, 1, 4, 4, 4, 4, 4, 4, 1, 1, 1, 1, 1, 1, 4, 4, 4, 4, 4, 4], [4, 0, 0, 0, 0, 4, 1, 0, 0, 0, 0, 1, 4, 0, 0, 0, 0, 4, 1, 0, 0, 0, 0, 1, 4, 0, 0, 0, 0, 4], [4, 0, 4, 4, 0, 4, 1, 0, 1, 1, 0, 1, 4, 0, 4, 4, 0, 4, 1, 0, 1, 1, 0, 1, 4, 0, 4, 4, 0, 4], [4, 0, 4, 4, 4, 4, 1, 0, 1, 1, 0, 1, 4, 0, 4, 4, 4, 4, 1, 0, 1, 1, 0, 1, 4, 0, 4, 4, 4, 4], [4, 0, 0, 0, 0, 0, 1, 0, 1, 0, 0, 1, 4, 0, 0, 0, 0, 0, 1, 0, 1, 0, 0, 1, 4, 0, 0, 0, 0, 0], [4, 4, 4, 4, 4, 4, 1, 0, 1, 1, 1, 1, 4, 4, 4, 4, 4, 4, 1, 0, 1, 1, 1, 1, 4, 4, 4, 4, 4, 4], [8, 8, 8, 8, 8, 8, 8, 8, 8, 8, 8, 8, 8, 8, 8, 8, 8, 8, 8, 8, 8, 8, 8, 8, 8, 8, 8, 8, 8, 8], [8, 0, 0, 0, 0, 8, 8, 0, 0, 0, 0, 8, 8, 0, 0, 0, 0, 8, 8, 0, 0, 0, 0, 8, 8, 0, 0, 0, 0, 8], [8, 0, 8, 8, 0, 8, 8, 0, 8, 8, 0, 8, 8, 0, 8, 8, 0, 8, 8, 0, 8, 8, 0, 8, 8, 0, 8, 8, 0, 8], [8, 0, 8, 8, 0, 8, 8, 0, 8, 8, 0, 8, 8, 0, 8, 8, 0, 8, 8, 0, 8, 8, 0, 8, 8, 0, 8, 8, 0, 8], [8, 0, 0, 0, 0, 8, 8, 0, 0, 0, 0, 8, 8, 0, 0, 0, 0, 8, 8, 0, 0, 0, 0, 8, 8, 0, 0, 0, 0, 8], [8, 8, 8, 8, 8, 8, 8, 8, 8, 8, 8, 8, 8, 8, 8, 8, 8, 8, 8, 8, 8, 8, 8, 8, 8, 8, 8, 8, 8, 8], [1, 1, 1, 1, 1, 1, 4, 4, 4, 4, 4, 4, 1, 1, 1, 1, 1, 1, 4, 4, 4, 4, 4, 4, 1, 1, 1, 1, 1, 1], [1, 0, 0, 0, 0, 1, 4, 0, 0, 0, 0, 4, 1, 0, 0, 0, 0, 1, 4, 0, 0, 0, 0, 4, 1, 0, 0, 0, 0, 1], [1, 0, 1, 1, 0, 1, 4, 0, 4, 4, 0, 4, 1, 0, 1, 1, 0, 1, 4, 0, 4, 4, 0, 4, 1, 0, 1, 1, 0, 1], [1, 0, 1, 1, 0, 1, 4, 0, 4, 4, 4, 4, 1, 0, 1, 1, 0, 1, 4, 0, 4, 4, 4, 4, 1, 0, 1, 1, 0, 1], [1, 0, 1, 0, 0, 1, 4, 0, 0, 0, 0, 0, 1, 0, 1, 0, 0, 1, 4, 0, 0, 0, 0, 0, 1, 0, 1, 0, 0, 1], [1, 0, 1, 1, 1, 1, 4, 4, 4, 4, 4, 4, 1, 0, 1, 1, 1, 1, 4, 4, 4, 4, 4, 4, 1, 0, 1, 1, 1, 1], [8, 8, 8, 8, 8, 8, 8, 8, 8, 8, 8, 8, 8, 8, 8, 8, 8, 8, 8, 8, 8, 8, 8, 8, 8, 8, 8, 8, 8, 8], [8, 0, 0, 0, 0, 8, 8, 0, 0, 0, 0, 8, 8, 0, 0, 0, 0, 8, 8, 0, 0, 0, 0, 8, 8, 0, 0, 0, 0, 8], [8, 0, 8, 8, 0, 8, 8, 0, 8, 8, 0, 8, 8, 0, 8, 8, 0, 8, 8, 0, 8, 8, 0, 8, 8, 0, 8, 8, 0, 8], [8, 0, 8, 8, 0, 8, 8, 0, 8, 8, 0, 8, 8, 0, 8, 8, 0, 8, 8, 0, 8, 8, 0, 8, 8, 0, 8, 8, 0, 8], [8, 0, 0, 0, 0, 8, 8, 0, 0, 0, 0, 8, 8, 0, 0, 0, 0, 8, 8, 0, 0, 0, 0, 8, 8, 0, 0, 0, 0, 8], [8, 8, 8, 8, 8, 8, 8, 8, 8, 8, 8, 8, 8, 8, 8, 8, 8, 8, 8, 8, 8, 8, 8, 8, 8, 8, 8, 8, 8, 8], [4, 4, 4, 4, 4, 4, 1, 1, 1, 1, 1, 1, 4, 4, 4, 4, 4, 4, 1, 1, 1, 1, 1, 1, 4, 4, 4, 4, 4, 4], [4, 0, 0, 0, 0, 4, 1, 0, 0, 0, 0, 1, 4, 0, 0, 0, 0, 4, 1, 0, 0, 0, 0, 1, 4, 0, 0, 0, 0, 4], [4, 0, 4, 4, 0, 4, 1, 0, 1, 1, 0, 1, 4, 0, 4, 4, 0, 4, 1, 0, 1, 1, 0, 1, 4, 0, 4, 4, 0, 4], [4, 0, 4, 4, 4, 4, 1, 0, 1, 1, 0, 1, 4, 0, 4, 4, 4, 4, 1, 0, 1, 1, 0, 1, 4, 0, 4, 4, 4, 4], [4, 0, 0, 0, 0, 0, 1, 0, 1, 0, 0, 1, 4, 0, 0, 0, 0, 0, 1, 0, 1, 0, 0, 1, 4, 0, 0, 0, 0, 0], [4, 4, 4, 4, 4, 4, 1, 0, 1, 1, 1, 1, 4, 4, 4, 4, 4, 4, 1, 0, 1, 1, 1, 1, 4, 4, 4, 4, 4, 4]]}]}