{"train": [{"input": [[1, 2, 5, 0, 7, 4, 7, 0, 5, 2, 1, 4, 5, 0, 7, 6, 7, 4, 5, 2, 1, 2, 5, 4, 7, 6, 7, 0, 5], [2, 1, 2, 5, 0, 4, 6, 7, 0, 5, 2, 4, 2, 5, 0, 7, 6, 4, 0, 5, 2, 1, 2, 4, 0, 7, 6, 7, 0], [5, 2, 1, 2, 5, 4, 7, 6, 7, 0, 5, 4, 1, 2, 5, 0, 7, 4, 7, 0, 5, 2, 1, 4, 5, 0, 7, 6, 7], [0, 5, 2, 1, 2, 4, 0, 7, 6, 7, 0, 4, 2, 1, 2, 5, 0, 4, 6, 7, 0, 5, 2, 4, 2, 5, 0, 7, 6], [7, 0, 5, 2, 1, 4, 5, 0, 7, 6, 7, 4, 5, 2, 1, 2, 5, 4, 7, 6, 7, 0, 5, 4, 1, 2, 5, 0, 7], [4, 4, 4, 4, 4, 4, 4, 4, 4, 4, 4, 4, 4, 4, 4, 4, 4, 4, 4, 4, 4, 4, 4, 4, 4, 4, 4, 4, 4], [7, 6, 7, 0, 5, 4, 1, 2, 5, 0, 7, 4, 7, 0, 5, 2, 1, 4, 5, 0, 7, 6, 7, 4, 5, 2, 1, 2, 5], [0, 7, 6, 7, 0, 4, 2, 1, 2, 5, 0, 4, 6, 7, 0, 5, 2, 4, 2, 5, 0, 7, 6, 4, 0, 5, 2, 1, 2], [5, 0, 7, 6, 7, 4, 5, 2, 1, 2, 5, 4, 7, 6, 7, 0, 5, 4, 1, 2, 5, 0, 7, 4, 7, 0, 5, 2, 1], [2, 5, 0, 7, 6, 4, 0, 5, 2, 1, 2, 4, 0, 7, 6, 7, 0, 4, 2, 1, 2, 5, 0, 4, 6, 7, 0, 5, 2], [1, 2, 5, 0, 7, 4, 7, 0, 5, 2, 1, 4, 5, 0, 7, 6, 7, 4, 5, 2, 1, 2, 5, 4, 7, 6, 7, 0, 5], [4, 4, 4, 4, 4, 4, 4, 4, 4, 4, 4, 4, 4, 4, 4, 4, 4, 4, 4, 4, 4, 4, 4, 4, 4, 4, 4, 4, 4], [5, 2, 1, 2, 5, 4, 1, 1, 1, 1, 1, 4, 8, 8, 8, 8, 8, 4, 7, 0, 5, 2, 1, 4, 5, 0, 7, 6, 7], [0, 5, 2, 1, 2, 4, 1, 1, 1, 1, 1, 4, 8, 8, 8, 8, 8, 4, 6, 7, 0, 5, 2, 4, 2, 5, 0, 7, 6], [7, 0, 5, 2, 1, 4, 1, 1, 1, 1, 1, 4, 8, 8, 8, 8, 8, 4, 7, 6, 7, 0, 5, 4, 1, 2, 5, 0, 7], [6, 7, 0, 5, 2, 4, 1, 1, 1, 1, 1, 4, 8, 8, 8, 8, 8, 4, 0, 7, 6, 7, 0, 4, 2, 1, 2, 5, 0], [7, 6, 7, 0, 5, 4, 1, 1, 1, 1, 1, 4, 8, 8, 8, 8, 8, 4, 5, 0, 7, 6, 7, 4, 5, 2, 1, 2, 5], [4, 4, 4, 4, 4, 4, 4, 4, 4, 4, 4, 4, 4, 4, 4, 4, 4, 4, 4, 4, 4, 4, 4, 4, 4, 4, 4, 4, 4], [5, 0, 7, 6, 7, 4, 0, 0, 0, 0, 0, 4, 3, 3, 3, 3, 3, 4, 1, 2, 5, 0, 7, 4, 7, 0, 5, 2, 1], [2, 5, 0, 7, 6, 4, 0, 0, 0, 0, 0, 4, 3, 3, 3, 3, 3, 4, 2, 1, 2, 5, 0, 4, 6, 7, 0, 5, 2], [1, 2, 5, 0, 7, 4, 0, 0, 0, 0, 0, 4, 3, 3, 3, 3, 3, 4, 5, 2, 1, 2, 5, 4, 7, 6, 7, 0, 5], [2, 1, 2, 5, 0, 4, 0, 0, 0, 0, 0, 4, 3, 3, 3, 3, 3, 4, 0, 5, 2, 1, 2, 4, 0, 7, 6, 7, 0], [5, 2, 1, 2, 5, 4, 0, 0, 0, 0, 0, 4, 3, 3, 3, 3, 3, 4, 7, 0, 5, 2, 1, 4, 5, 0, 7, 6, 7], [4, 4, 4, 4, 4, 4, 4, 4, 4, 4, 4, 4, 4, 4, 4, 4, 4, 4, 4, 4, 4, 4, 4, 4, 4, 4, 4, 4, 4], [7, 0, 5, 2, 1, 4, 5, 0, 7, 6, 7, 4, 5, 2, 1, 2, 5, 4, 7, 6, 7, 0, 5, 4, 1, 2, 5, 0, 7], [6, 7, 0, 5, 2, 4, 2, 5, 0, 7, 6, 4, 0, 5, 2, 1, 2, 4, 0, 7, 6, 7, 0, 4, 2, 1, 2, 5, 0], [7, 6, 7, 0, 5, 4, 1, 2, 5, 0, 7, 4, 7, 0, 5, 2, 1, 4, 5, 0, 7, 6, 7, 4, 5, 2, 1, 2, 5], [0, 7, 6, 7, 0, 4, 2, 1, 2, 5, 0, 4, 6, 7, 0, 5, 2, 4, 2, 5, 0, 7, 6, 4, 0, 5, 2, 1, 2], [5, 0, 7, 6, 7, 4, 5, 2, 1, 2, 5, 4, 7, 6, 7, 0, 5, 4, 1, 2, 5, 0, 7, 4, 7, 0, 5, 2, 1]], "output": [[1, 8], [0, 3]]}, {"input": [[0, 1, 4, 9, 8, 5, 6, 9, 4, 8, 0, 1, 4, 9, 8, 5, 6, 9, 4, 8, 0, 1, 4, 9, 8, 5, 6, 9, 4], [1, 4, 9, 6, 8, 6, 9, 4, 1, 8, 1, 4, 9, 6, 8, 6, 9, 4, 1, 8, 1, 4, 9, 6, 8, 6, 9, 4, 1], [4, 9, 6, 5, 8, 9, 4, 1, 0, 8, 4, 9, 6, 5, 8, 9, 4, 1, 0, 8, 4, 9, 6, 5, 8, 9, 4, 1, 0], [9, 6, 5, 6, 8, 4, 1, 0, 1, 8, 9, 6, 5, 6, 8, 4, 1, 0, 1, 8, 9, 6, 5, 6, 8, 4, 1, 0, 1], [8, 8, 8, 8, 8, 8, 8, 8, 8, 8, 8, 8, 8, 8, 8, 8, 8, 8, 8, 8, 8, 8, 8, 8, 8, 8, 8, 8, 8], [5, 6, 9, 4, 8, 2, 2, 2, 2, 8, 2, 2, 2, 2, 8, 2, 2, 2, 2, 8, 5, 6, 9, 4, 8, 0, 1, 4, 9], [6, 9, 4, 1, 8, 2, 2, 2, 2, 8, 2, 2, 2, 2, 8, 2, 2, 2, 2, 8, 6, 9, 4, 1, 8, 1, 4, 9, 6], [9, 4, 1, 0, 8, 2, 2, 2, 2, 8, 2, 2, 2, 2, 8, 2, 2, 2, 2, 8, 9, 4, 1, 0, 8, 4, 9, 6, 5], [4, 1, 0, 1, 8, 2, 2, 2, 2, 8, 2, 2, 2, 2, 8, 2, 2, 2, 2, 8, 4, 1, 0, 1, 8, 9, 6, 5, 6], [8, 8, 8, 8, 8, 8, 8, 8, 8, 8, 8, 8, 8, 8, 8, 8, 8, 8, 8, 8, 8, 8, 8, 8, 8, 8, 8, 8, 8], [0, 1, 4, 9, 8, 3, 3, 3, 3, 8, 9, 9, 9, 9, 8, 2, 2, 2, 2, 8, 0, 1, 4, 9, 8, 5, 6, 9, 4], [1, 4, 9, 6, 8, 3, 3, 3, 3, 8, 9, 9, 9, 9, 8, 2, 2, 2, 2, 8, 1, 4, 9, 6, 8, 6, 9, 4, 1], [4, 9, 6, 5, 8, 3, 3, 3, 3, 8, 9, 9, 9, 9, 8, 2, 2, 2, 2, 8, 4, 9, 6, 5, 8, 9, 4, 1, 0], [9, 6, 5, 6, 8, 3, 3, 3, 3, 8, 9, 9, 9, 9, 8, 2, 2, 2, 2, 8, 9, 6, 5, 6, 8, 4, 1, 0, 1], [8, 8, 8, 8, 8, 8, 8, 8, 8, 8, 8, 8, 8, 8, 8, 8, 8, 8, 8, 8, 8, 8, 8, 8, 8, 8, 8, 8, 8], [5, 6, 9, 4, 8, 2, 2, 2, 2, 8, 1, 1, 1, 1, 8, 2, 2, 2, 2, 8, 5, 6, 9, 4, 8, 0, 1, 4, 9], [6, 9, 4, 1, 8, 2, 2, 2, 2, 8, 1, 1, 1, 1, 8, 2, 2, 2, 2, 8, 6, 9, 4, 1, 8, 1, 4, 9, 6], [9, 4, 1, 0, 8, 2, 2, 2, 2, 8, 1, 1, 1, 1, 8, 2, 2, 2, 2, 8, 9, 4, 1, 0, 8, 4, 9, 6, 5], [4, 1, 0, 1, 8, 2, 2, 2, 2, 8, 1, 1, 1, 1, 8, 2, 2, 2, 2, 8, 4, 1, 0, 1, 8, 9, 6, 5, 6], [8, 8, 8, 8, 8, 8, 8, 8, 8, 8, 8, 8, 8, 8, 8, 8, 8, 8, 8, 8, 8, 8, 8, 8, 8, 8, 8, 8, 8], [0, 1, 4, 9, 8, 5, 6, 9, 4, 8, 0, 1, 4, 9, 8, 5, 6, 9, 4, 8, 0, 1, 4, 9, 8, 5, 6, 9, 4], [1, 4, 9, 6, 8, 6, 9, 4, 1, 8, 1, 4, 9, 6, 8, 6, 9, 4, 1, 8, 1, 4, 9, 6, 8, 6, 9, 4, 1], [4, 9, 6, 5, 8, 9, 4, 1, 0, 8, 4, 9, 6, 5, 8, 9, 4, 1, 0, 8, 4, 9, 6, 5, 8, 9, 4, 1, 0], [9, 6, 5, 6, 8, 4, 1, 0, 1, 8, 9, 6, 5, 6, 8, 4, 1, 0, 1, 8, 9, 6, 5, 6, 8, 4, 1, 0, 1], [8, 8, 8, 8, 8, 8, 8, 8, 8, 8, 8, 8, 8, 8, 8, 8, 8, 8, 8, 8, 8, 8, 8, 8, 8, 8, 8, 8, 8], [5, 6, 9, 4, 8, 0, 1, 4, 9, 8, 5, 6, 9, 4, 8, 0, 1, 4, 9, 8, 5, 6, 9, 4, 8, 0, 1, 4, 9], [6, 9, 4, 1, 8, 1, 4, 9, 6, 8, 6, 9, 4, 1, 8, 1, 4, 9, 6, 8, 6, 9, 4, 1, 8, 1, 4, 9, 6], [9, 4, 1, 0, 8, 4, 9, 6, 5, 8, 9, 4, 1, 0, 8, 4, 9, 6, 5, 8, 9, 4, 1, 0, 8, 4, 9, 6, 5], [4, 1, 0, 1, 8, 9, 6, 5, 6, 8, 4, 1, 0, 1, 8, 9, 6, 5, 6, 8, 4, 1, 0, 1, 8, 9, 6, 5, 6]], "output": [[2, 2, 2], [3, 9, 2], [2, 1, 2]]}], "test": [{"input": [[2, 3, 6, 1, 8, 7, 9, 1, 6, 3, 2, 3, 6, 9, 8, 7, 8, 1, 6, 3, 9, 3, 6, 1, 8, 7, 8], [3, 2, 3, 6, 1, 8, 9, 8, 1, 6, 3, 2, 3, 9, 1, 8, 7, 8, 1, 6, 9, 2, 3, 6, 1, 8, 7], [6, 3, 2, 3, 6, 1, 9, 7, 8, 1, 6, 3, 2, 9, 6, 1, 8, 7, 8, 1, 9, 3, 2, 3, 6, 1, 8], [1, 6, 3, 2, 3, 6, 9, 8, 7, 8, 1, 6, 3, 9, 3, 6, 1, 8, 7, 8, 9, 6, 3, 2, 3, 6, 1], [8, 1, 6, 3, 2, 3, 9, 1, 8, 7, 8, 1, 6, 9, 2, 3, 6, 1, 8, 7, 9, 1, 6, 3, 2, 3, 6], [7, 8, 1, 6, 3, 2, 9, 6, 1, 8, 7, 8, 1, 9, 3, 2, 3, 6, 1, 8, 9, 8, 1, 6, 3, 2, 3], [9, 9, 9, 9, 9, 9, 9, 9, 9, 9, 9, 9, 9, 9, 9, 9, 9, 9, 9, 9, 9, 9, 9, 9, 9, 9, 9], [8, 8, 8, 8, 8, 8, 9, 2, 2, 2, 2, 2, 2, 9, 1, 6, 3, 2, 3, 6, 9, 8, 7, 8, 1, 6, 3], [8, 8, 8, 8, 8, 8, 9, 2, 2, 2, 2, 2, 2, 9, 8, 1, 6, 3, 2, 3, 9, 1, 8, 7, 8, 1, 6], [8, 8, 8, 8, 8, 8, 9, 2, 2, 2, 2, 2, 2, 9, 7, 8, 1, 6, 3, 2, 9, 6, 1, 8, 7, 8, 1], [8, 8, 8, 8, 8, 8, 9, 2, 2, 2, 2, 2, 2, 9, 8, 7, 8, 1, 6, 3, 9, 3, 6, 1, 8, 7, 8], [8, 8, 8, 8, 8, 8, 9, 2, 2, 2, 2, 2, 2, 9, 1, 8, 7, 8, 1, 6, 9, 2, 3, 6, 1, 8, 7], [8, 8, 8, 8, 8, 8, 9, 2, 2, 2, 2, 2, 2, 9, 6, 1, 8, 7, 8, 1, 9, 3, 2, 3, 6, 1, 8], [9, 9, 9, 9, 9, 9, 9, 9, 9, 9, 9, 9, 9, 9, 9, 9, 9, 9, 9, 9, 9, 9, 9, 9, 9, 9, 9], [2, 2, 2, 2, 2, 2, 9, 6, 6, 6, 6, 6, 6, 9, 2, 3, 6, 1, 8, 7, 9, 1, 6, 3, 2, 3, 6], [2, 2, 2, 2, 2, 2, 9, 6, 6, 6, 6, 6, 6, 9, 3, 2, 3, 6, 1, 8, 9, 8, 1, 6, 3, 2, 3], [2, 2, 2, 2, 2, 2, 9, 6, 6, 6, 6, 6, 6, 9, 6, 3, 2, 3, 6, 1, 9, 7, 8, 1, 6, 3, 2], [2, 2, 2, 2, 2, 2, 9, 6, 6, 6, 6, 6, 6, 9, 1, 6, 3, 2, 3, 6, 9, 8, 7, 8, 1, 6, 3], [2, 2, 2, 2, 2, 2, 9, 6, 6, 6, 6, 6, 6, 9, 8, 1, 6, 3, 2, 3, 9, 1, 8, 7, 8, 1, 6], [2, 2, 2, 2, 2, 2, 9, 6, 6, 6, 6, 6, 6, 9, 7, 8, 1, 6, 3, 2, 9, 6, 1, 8, 7, 8, 1], [9, 9, 9, 9, 9, 9, 9, 9, 9, 9, 9, 9, 9, 9, 9, 9, 9, 9, 9, 9, 9, 9, 9, 9, 9, 9, 9], [1, 1, 1, 1, 1, 1, 9, 1, 1, 1, 1, 1, 1, 9, 1, 8, 7, 8, 1, 6, 9, 2, 3, 6, 1, 8, 7], [1, 1, 1, 1, 1, 1, 9, 1, 1, 1, 1, 1, 1, 9, 6, 1, 8, 7, 8, 1, 9, 3, 2, 3, 6, 1, 8], [1, 1, 1, 1, 1, 1, 9, 1, 1, 1, 1, 1, 1, 9, 3, 6, 1, 8, 7, 8, 9, 6, 3, 2, 3, 6, 1], [1, 1, 1, 1, 1, 1, 9, 1, 1, 1, 1, 1, 1, 9, 2, 3, 6, 1, 8, 7, 9, 1, 6, 3, 2, 3, 6], [1, 1, 1, 1, 1, 1, 9, 1, 1, 1, 1, 1, 1, 9, 3, 2, 3, 6, 1, 8, 9, 8, 1, 6, 3, 2, 3], [1, 1, 1, 1, 1, 1, 9, 1, 1, 1, 1, 1, 1, 9, 6, 3, 2, 3, 6, 1, 9, 7, 8, 1, 6, 3, 2]], "output": [[8, 2], [2, 6], [1, 1]]}]}