{"train": [{"input": [[7, 0], [0, 7]], "output": [[0, 7, 0, 7], [7, 0, 7, 0], [0, 7, 0, 7], [7, 0, 7, 0]]}, {"input": [[0, 8, 0], [8, 0, 8], [0, 0, 0]], "output": [[8, 0, 8, 8, 0, 8], [0, 8, 0, 0, 8, 0], [8, 8, 8, 8, 8, 8], [8, 0, 8, 8, 0, 8], [0, 8, 0, 0, 8, 0], [8, 8, 8, 8, 8, 8]]}, {"input": [[4, 0, 0, 0], [0, 4, 4, 4], [0, 0, 4, 0], [0, 4, 0, 0]], "output": [[0, 4, 4, 4, 0, 4, 4, 4], [4, 0, 0, 0, 4, 0, 0, 0], [4, 4, 0, 4, 4, 4, 0, 4], [4, 0, 4, 4, 4, 0, 4, 4], [0, 4, 4, 4, 0, 4, 4, 4], [4, 0, 0, 0, 4, 0, 0, 0], [4, 4, 0, 4, 4, 4, 0, 4], [4, 0, 4, 4, 4, 0, 4, 4]]}], "test": [{"input": [[0, 1, 0, 1], [1, 0, 0, 1], [0, 0, 1, 0], [1, 0, 0, 0]], "output": [[1, 0, 1, 0, 1, 0, 1, 0], [0, 1, 1, 0, 0, 1, 1, 0], [1, 1, 0, 1, 1, 1, 0, 1], [0, 1, 1, 1, 0, 1, 1, 1], [1, 0, 1, 0, 1, 0, 1, 0], [0, 1, 1, 0, 0, 1, 1, 0], [1, 1, 0, 1, 1, 1, 0, 1], [0, 1, 1, 1, 0, 1, 1, 1]]}]}