{"train": [{"input": [[2, 2, 2, 2, 2], [8, 8, 8, 8, 8], [0, 0, 0, 0, 0], [0, 0, 0, 0, 0], [0, 0, 0, 0, 0], [0, 0, 0, 0, 0], [0, 0, 0, 0, 0], [0, 0, 0, 0, 0], [0, 0, 0, 0, 0], [0, 0, 0, 0, 0]], "output": [[2, 2, 2, 2, 2], [8, 8, 8, 8, 8], [0, 0, 0, 0, 0], [0, 0, 0, 0, 0], [0, 0, 0, 0, 0], [0, 0, 0, 0, 0], [0, 0, 0, 0, 0], [0, 0, 0, 0, 0], [8, 8, 8, 8, 8], [2, 2, 2, 2, 2]]}, {"input": [[2, 2, 2], [2, 2, 2], [3, 3, 3], [0, 0, 0], [0, 0, 0], [0, 0, 0], [0, 0, 0], [0, 0, 0], [0, 0, 0], [0, 0, 0]], "output": [[2, 2, 2], [2, 2, 2], [3, 3, 3], [0, 0, 0], [0, 0, 0], [0, 0, 0], [0, 0, 0], [3, 3, 3], [2, 2, 2], [2, 2, 2]]}], "test": [{"input": [[3, 3, 3, 3, 3, 3], [5, 5, 5, 5, 5, 5], [5, 5, 5, 5, 5, 5], [0, 0, 0, 0, 0, 0], [0, 0, 0, 0, 0, 0], [0, 0, 0, 0, 0, 0], [0, 0, 0, 0, 0, 0], [0, 0, 0, 0, 0, 0], [0, 0, 0, 0, 0, 0], [0, 0, 0, 0, 0, 0]], "output": [[3, 3, 3, 3, 3, 3], [5, 5, 5, 5, 5, 5], [5, 5, 5, 5, 5, 5], [0, 0, 0, 0, 0, 0], [0, 0, 0, 0, 0, 0], [0, 0, 0, 0, 0, 0], [0, 0, 0, 0, 0, 0], [5, 5, 5, 5, 5, 5], [5, 5, 5, 5, 5, 5], [3, 3, 3, 3, 3, 3]]}]}