{"train": [{"input": [[2, 2, 2, 2, 2, 2, 2, 2, 2, 2], [2, 7, 7, 7, 7, 7, 7, 8, 8, 2], [2, 7, 7, 0, 7, 7, 7, 7, 7, 2], [2, 6, 7, 7, 7, 7, 7, 7, 7, 2], [2, 6, 7, 7, 7, 7, 7, 7, 7, 2], [2, 6, 7, 7, 5, 5, 7, 7, 7, 2], [2, 7, 7, 7, 5, 5, 7, 7, 7, 2], [2, 7, 7, 7, 7, 7, 7, 7, 7, 2], [2, 7, 7, 7, 7, 7, 7, 7, 7, 2], [2, 2, 2, 2, 2, 2, 2, 2, 2, 2]], "output": [[7, 7, 7, 7, 7, 7, 7, 7, 7, 7], [7, 7, 7, 7, 7, 7, 7, 7, 7, 7], [7, 7, 7, 7, 7, 7, 7, 7, 7, 7], [7, 7, 7, 7, 7, 7, 7, 7, 7, 7], [7, 7, 7, 7, 7, 7, 7, 7, 7, 7], [7, 7, 7, 7, 7, 7, 7, 7, 7, 7], [7, 7, 7, 7, 7, 7, 7, 7, 7, 7], [7, 7, 7, 6, 7, 7, 7, 7, 7, 7], [7, 7, 7, 6, 5, 5, 7, 7, 7, 7], [0, 8, 8, 6, 5, 5, 7, 7, 7, 7]]}, {"input": [[1, 1, 1, 1, 7, 7, 7, 7, 7, 7], [1, 1, 1, 1, 7, 7, 7, 7, 7, 7], [1, 1, 1, 1, 7, 7, 7, 7, 7, 7], [7, 7, 7, 7, 7, 7, 7, 5, 5, 7], [7, 7, 7, 7, 8, 7, 7, 5, 5, 7], [7, 7, 7, 7, 7, 7, 7, 7, 7, 7], [7, 9, 9, 9, 7, 7, 7, 7, 7, 7], [7, 9, 9, 9, 7, 7, 7, 7, 7, 7], [7, 7, 7, 7, 7, 7, 7, 7, 7, 7], [7, 7, 7, 7, 7, 7, 7, 7, 7, 7]], "output": [[7, 7, 7, 7, 7, 7, 7, 7, 7, 7], [7, 7, 7, 7, 7, 7, 7, 7, 7, 7], [7, 7, 7, 7, 7, 7, 7, 7, 7, 7], [7, 7, 7, 7, 7, 7, 7, 7, 7, 7], [7, 7, 7, 7, 7, 7, 7, 7, 7, 7], [7, 7, 7, 7, 7, 7, 7, 7, 7, 7], [7, 7, 7, 7, 7, 7, 7, 7, 7, 7], [7, 7, 7, 7, 7, 7, 1, 1, 1, 1], [7, 5, 5, 9, 9, 9, 1, 1, 1, 1], [8, 5, 5, 9, 9, 9, 1, 1, 1, 1]]}, {"input": [[7, 7, 7, 7, 7, 7, 7, 7, 7, 7], [7, 7, 7, 7, 7, 7, 7, 7, 1, 7], [7, 7, 7, 7, 7, 7, 7, 7, 1, 1], [7, 7, 7, 7, 7, 7, 7, 7, 9, 7], [7, 7, 7, 7, 7, 7, 7, 7, 9, 7], [3, 3, 3, 3, 7, 7, 7, 7, 9, 7], [7, 7, 7, 7, 7, 7, 7, 7, 9, 7], [7, 7, 7, 7, 7, 7, 7, 7, 9, 7], [7, 7, 7, 7, 7, 7, 7, 7, 7, 7], [7, 7, 7, 7, 7, 7, 7, 7, 7, 7]], "output": [[7, 7, 7, 7, 7, 7, 7, 7, 7, 7], [7, 7, 7, 7, 7, 7, 7, 7, 7, 7], [7, 7, 7, 7, 7, 7, 7, 7, 7, 7], [7, 7, 7, 7, 7, 7, 7, 7, 7, 7], [7, 7, 7, 7, 7, 7, 7, 7, 7, 7], [7, 7, 7, 7, 7, 7, 9, 7, 7, 7], [7, 7, 7, 7, 7, 7, 9, 7, 7, 7], [7, 7, 7, 7, 7, 7, 9, 7, 7, 7], [1, 7, 7, 7, 7, 7, 9, 7, 7, 7], [1, 1, 3, 3, 3, 3, 9, 7, 7, 7]]}], "test": [{"input": [[7, 7, 1, 7, 7, 7, 4, 4, 7, 7], [7, 7, 1, 1, 7, 7, 4, 4, 7, 7], [7, 7, 1, 1, 7, 7, 4, 4, 7, 7], [7, 7, 7, 7, 7, 7, 4, 4, 7, 7], [7, 7, 7, 7, 7, 7, 1, 7, 7, 7], [7, 7, 7, 7, 7, 7, 1, 7, 7, 7], [7, 7, 7, 7, 6, 7, 1, 7, 7, 7], [7, 7, 7, 6, 6, 7, 1, 7, 7, 7], [7, 7, 7, 7, 7, 7, 1, 7, 7, 7], [7, 7, 7, 7, 7, 7, 1, 1, 7, 7]], "output": [[7, 7, 7, 7, 7, 7, 7, 7, 7, 7], [7, 7, 7, 7, 7, 7, 7, 7, 7, 7], [7, 7, 7, 7, 7, 7, 7, 7, 7, 7], [7, 7, 7, 7, 7, 7, 7, 7, 7, 7], [7, 7, 7, 7, 1, 7, 7, 7, 7, 7], [7, 7, 7, 7, 1, 7, 7, 7, 7, 7], [7, 7, 7, 7, 1, 7, 4, 4, 7, 7], [7, 7, 1, 7, 1, 7, 4, 4, 7, 7], [7, 6, 1, 1, 1, 7, 4, 4, 7, 7], [6, 6, 1, 1, 1, 1, 4, 4, 7, 7]]}]}