{"train": [{"input": [[0, 0, 2, 1, 2, 1, 0, 1, 2, 2, 0, 1, 0, 0, 2, 1, 0, 1, 0, 1, 2, 0, 0], [0, 0, 2, 1, 2, 1, 0, 1, 2, 2, 0, 1, 0, 0, 2, 1, 0, 1, 0, 1, 2, 0, 0], [2, 2, 2, 1, 2, 1, 2, 1, 2, 2, 2, 1, 2, 2, 2, 1, 2, 1, 2, 1, 2, 2, 2], [1, 1, 1, 1, 1, 1, 1, 1, 1, 1, 1, 1, 1, 1, 1, 1, 1, 1, 1, 1, 1, 1, 1], [2, 2, 2, 1, 2, 1, 2, 1, 2, 2, 2, 1, 2, 2, 2, 1, 2, 1, 2, 1, 2, 2, 2], [1, 1, 1, 1, 1, 1, 1, 1, 1, 1, 1, 1, 1, 1, 1, 1, 1, 1, 1, 1, 1, 1, 1], [0, 0, 2, 1, 2, 1, 0, 1, 8, 8, 0, 1, 0, 0, 2, 1, 0, 1, 0, 1, 2, 0, 0], [1, 1, 1, 1, 1, 1, 1, 1, 1, 1, 1, 1, 1, 1, 1, 1, 1, 1, 1, 1, 1, 1, 1], [2, 2, 2, 1, 2, 1, 2, 1, 2, 2, 2, 1, 2, 2, 2, 1, 8, 1, 2, 1, 2, 2, 2], [2, 2, 2, 1, 2, 1, 2, 1, 2, 2, 2, 1, 2, 2, 2, 1, 8, 1, 2, 1, 2, 2, 2], [0, 0, 2, 1, 2, 1, 0, 1, 2, 2, 0, 1, 0, 0, 2, 1, 0, 1, 0, 1, 2, 0, 0], [1, 1, 1, 1, 1, 1, 1, 1, 1, 1, 1, 1, 1, 1, 1, 1, 1, 1, 1, 1, 1, 1, 1], [0, 0, 2, 1, 2, 1, 0, 1, 2, 2, 0, 1, 0, 0, 2, 1, 0, 1, 0, 1, 2, 0, 0], [0, 0, 2, 1, 2, 1, 0, 1, 2, 2, 0, 1, 0, 0, 2, 1, 0, 1, 0, 1, 2, 0, 0], [2, 2, 2, 1, 2, 1, 2, 1, 2, 2, 2, 1, 2, 2, 2, 1, 2, 1, 2, 1, 2, 2, 2], [1, 1, 1, 1, 1, 1, 1, 1, 1, 1, 1, 1, 1, 1, 1, 1, 1, 1, 1, 1, 1, 1, 1], [0, 0, 2, 1, 2, 1, 0, 1, 2, 2, 0, 1, 0, 0, 2, 1, 0, 1, 0, 1, 2, 0, 0], [1, 1, 1, 1, 1, 1, 1, 1, 1, 1, 1, 1, 1, 1, 1, 1, 1, 1, 1, 1, 1, 1, 1], [0, 0, 2, 1, 2, 1, 0, 1, 2, 2, 0, 1, 0, 0, 2, 1, 0, 1, 0, 1, 2, 0, 0], [1, 1, 1, 1, 1, 1, 1, 1, 1, 1, 1, 1, 1, 1, 1, 1, 1, 1, 1, 1, 1, 1, 1], [2, 2, 2, 1, 2, 1, 2, 1, 2, 2, 2, 1, 2, 2, 2, 1, 2, 1, 2, 1, 2, 2, 2], [0, 0, 2, 1, 2, 1, 0, 1, 2, 2, 0, 1, 0, 0, 2, 1, 0, 1, 0, 1, 2, 0, 0], [0, 0, 2, 1, 2, 1, 0, 1, 2, 2, 0, 1, 0, 0, 2, 1, 0, 1, 0, 1, 2, 0, 0]], "output": [[0, 0, 2, 1, 2, 1, 0, 1, 2, 2, 0, 1, 0, 0, 2, 1, 0, 1, 0, 1, 2, 0, 0], [0, 0, 2, 1, 2, 1, 0, 1, 2, 2, 0, 1, 0, 0, 2, 1, 0, 1, 0, 1, 2, 0, 0], [2, 2, 2, 1, 2, 1, 2, 1, 2, 2, 2, 1, 2, 2, 2, 1, 2, 1, 2, 1, 2, 2, 2], [1, 1, 1, 1, 1, 1, 1, 1, 1, 1, 1, 1, 1, 1, 1, 1, 1, 1, 1, 1, 1, 1, 1], [2, 2, 2, 1, 2, 1, 2, 1, 2, 2, 2, 1, 2, 2, 2, 1, 2, 1, 2, 1, 2, 2, 2], [1, 1, 1, 1, 1, 1, 1, 1, 1, 1, 1, 1, 1, 1, 1, 1, 1, 1, 1, 1, 1, 1, 1], [0, 0, 2, 1, 2, 1, 0, 1, 8, 8, 0, 1, 0, 0, 2, 1, 0, 1, 0, 1, 2, 0, 0], [1, 1, 1, 1, 1, 1, 1, 1, 1, 1, 1, 1, 1, 1, 1, 1, 1, 1, 1, 1, 1, 1, 1], [2, 2, 2, 1, 2, 1, 8, 1, 2, 2, 2, 1, 2, 2, 2, 1, 8, 1, 8, 1, 2, 2, 2], [2, 2, 2, 1, 2, 1, 8, 1, 2, 2, 2, 1, 2, 2, 2, 1, 8, 1, 8, 1, 2, 2, 2], [0, 0, 2, 1, 2, 1, 0, 1, 2, 2, 0, 1, 0, 0, 2, 1, 0, 1, 0, 1, 2, 0, 0], [1, 1, 1, 1, 1, 1, 1, 1, 1, 1, 1, 1, 1, 1, 1, 1, 1, 1, 1, 1, 1, 1, 1], [0, 0, 2, 1, 2, 1, 0, 1, 2, 2, 0, 1, 0, 0, 2, 1, 0, 1, 0, 1, 2, 0, 0], [0, 0, 2, 1, 2, 1, 0, 1, 2, 2, 0, 1, 0, 0, 2, 1, 0, 1, 0, 1, 2, 0, 0], [2, 2, 2, 1, 2, 1, 2, 1, 2, 2, 2, 1, 2, 2, 2, 1, 2, 1, 2, 1, 2, 2, 2], [1, 1, 1, 1, 1, 1, 1, 1, 1, 1, 1, 1, 1, 1, 1, 1, 1, 1, 1, 1, 1, 1, 1], [0, 0, 2, 1, 2, 1, 0, 1, 8, 8, 0, 1, 0, 0, 2, 1, 0, 1, 0, 1, 2, 0, 0], [1, 1, 1, 1, 1, 1, 1, 1, 1, 1, 1, 1, 1, 1, 1, 1, 1, 1, 1, 1, 1, 1, 1], [0, 0, 2, 1, 2, 1, 0, 1, 8, 8, 0, 1, 0, 0, 2, 1, 0, 1, 0, 1, 2, 0, 0], [1, 1, 1, 1, 1, 1, 1, 1, 1, 1, 1, 1, 1, 1, 1, 1, 1, 1, 1, 1, 1, 1, 1], [2, 2, 2, 1, 2, 1, 2, 1, 2, 2, 2, 1, 2, 2, 2, 1, 2, 1, 2, 1, 2, 2, 2], [0, 0, 2, 1, 2, 1, 0, 1, 2, 2, 0, 1, 0, 0, 2, 1, 0, 1, 0, 1, 2, 0, 0], [0, 0, 2, 1, 2, 1, 0, 1, 2, 2, 0, 1, 0, 0, 2, 1, 0, 1, 0, 1, 2, 0, 0]]}, {"input": [[0, 0, 1, 2, 0, 1, 0, 2, 1, 0, 0, 2, 0, 0, 1, 2, 0, 1, 0, 2, 1], [0, 0, 1, 2, 0, 1, 0, 2, 1, 0, 0, 2, 0, 0, 1, 2, 0, 1, 0, 2, 1], [1, 1, 1, 2, 1, 1, 1, 2, 1, 1, 1, 2, 1, 1, 1, 2, 1, 1, 1, 2, 1], [2, 2, 2, 2, 2, 2, 2, 2, 2, 2, 2, 2, 2, 2, 2, 2, 2, 2, 2, 2, 2], [0, 0, 1, 2, 0, 1, 0, 2, 1, 0, 0, 2, 0, 0, 1, 2, 0, 8, 0, 2, 1], [1, 1, 1, 2, 1, 1, 1, 2, 1, 1, 1, 2, 1, 1, 1, 2, 8, 8, 8, 2, 1], [0, 0, 1, 2, 0, 1, 0, 2, 1, 0, 0, 2, 0, 0, 1, 2, 0, 8, 0, 2, 1], [2, 2, 2, 2, 2, 2, 2, 2, 2, 2, 2, 2, 2, 2, 2, 2, 2, 2, 2, 2, 2], [1, 1, 1, 2, 1, 1, 1, 2, 1, 1, 1, 2, 1, 1, 1, 2, 1, 1, 1, 2, 1], [0, 0, 1, 2, 0, 1, 0, 2, 1, 0, 0, 2, 0, 0, 1, 2, 0, 1, 0, 2, 1], [0, 0, 1, 2, 0, 1, 0, 2, 1, 0, 0, 2, 0, 0, 1, 2, 0, 1, 0, 2, 1], [2, 2, 2, 2, 2, 2, 2, 2, 2, 2, 2, 2, 2, 2, 2, 2, 2, 2, 2, 2, 2], [0, 0, 1, 2, 0, 1, 0, 2, 1, 0, 0, 2, 0, 0, 1, 2, 0, 1, 0, 2, 1], [0, 0, 1, 2, 0, 1, 0, 2, 1, 0, 0, 2, 0, 0, 1, 2, 0, 1, 0, 2, 1], [1, 1, 1, 2, 1, 1, 1, 2, 1, 1, 1, 2, 1, 1, 1, 2, 1, 1, 1, 2, 1], [2, 2, 2, 2, 2, 2, 2, 2, 2, 2, 2, 2, 2, 2, 2, 2, 2, 2, 2, 2, 2], [0, 0, 1, 2, 0, 1, 0, 2, 1, 0, 0, 2, 0, 0, 1, 2, 0, 1, 0, 2, 1], [1, 1, 1, 2, 1, 1, 1, 2, 1, 1, 1, 2, 1, 1, 1, 2, 1, 1, 1, 2, 1], [0, 0, 1, 2, 0, 1, 0, 2, 1, 0, 0, 2, 0, 0, 1, 2, 0, 1, 0, 2, 1], [2, 2, 2, 2, 2, 2, 2, 2, 2, 2, 2, 2, 2, 2, 2, 2, 2, 2, 2, 2, 2], [1, 1, 1, 2, 1, 1, 1, 2, 1, 1, 1, 2, 1, 1, 1, 2, 1, 1, 1, 2, 1]], "output": [[0, 0, 1, 2, 0, 1, 0, 2, 1, 0, 0, 2, 0, 0, 1, 2, 0, 1, 0, 2, 1], [0, 0, 1, 2, 0, 1, 0, 2, 1, 0, 0, 2, 0, 0, 1, 2, 0, 1, 0, 2, 1], [1, 1, 1, 2, 1, 1, 1, 2, 1, 1, 1, 2, 1, 1, 1, 2, 1, 1, 1, 2, 1], [2, 2, 2, 2, 2, 2, 2, 2, 2, 2, 2, 2, 2, 2, 2, 2, 2, 2, 2, 2, 2], [0, 0, 1, 2, 0, 8, 0, 2, 1, 0, 0, 2, 0, 0, 1, 2, 0, 8, 0, 2, 1], [1, 1, 1, 2, 8, 8, 8, 2, 1, 1, 1, 2, 1, 1, 1, 2, 8, 8, 8, 2, 1], [0, 0, 1, 2, 0, 8, 0, 2, 1, 0, 0, 2, 0, 0, 1, 2, 0, 8, 0, 2, 1], [2, 2, 2, 2, 2, 2, 2, 2, 2, 2, 2, 2, 2, 2, 2, 2, 2, 2, 2, 2, 2], [1, 1, 1, 2, 1, 1, 1, 2, 1, 1, 1, 2, 1, 1, 1, 2, 1, 1, 1, 2, 1], [0, 0, 1, 2, 0, 1, 0, 2, 1, 0, 0, 2, 0, 0, 1, 2, 0, 1, 0, 2, 1], [0, 0, 1, 2, 0, 1, 0, 2, 1, 0, 0, 2, 0, 0, 1, 2, 0, 1, 0, 2, 1], [2, 2, 2, 2, 2, 2, 2, 2, 2, 2, 2, 2, 2, 2, 2, 2, 2, 2, 2, 2, 2], [0, 0, 1, 2, 0, 1, 0, 2, 1, 0, 0, 2, 0, 0, 1, 2, 0, 1, 0, 2, 1], [0, 0, 1, 2, 0, 1, 0, 2, 1, 0, 0, 2, 0, 0, 1, 2, 0, 1, 0, 2, 1], [1, 1, 1, 2, 1, 1, 1, 2, 1, 1, 1, 2, 1, 1, 1, 2, 1, 1, 1, 2, 1], [2, 2, 2, 2, 2, 2, 2, 2, 2, 2, 2, 2, 2, 2, 2, 2, 2, 2, 2, 2, 2], [0, 0, 1, 2, 0, 8, 0, 2, 1, 0, 0, 2, 0, 0, 1, 2, 0, 8, 0, 2, 1], [1, 1, 1, 2, 8, 8, 8, 2, 1, 1, 1, 2, 1, 1, 1, 2, 8, 8, 8, 2, 1], [0, 0, 1, 2, 0, 8, 0, 2, 1, 0, 0, 2, 0, 0, 1, 2, 0, 8, 0, 2, 1], [2, 2, 2, 2, 2, 2, 2, 2, 2, 2, 2, 2, 2, 2, 2, 2, 2, 2, 2, 2, 2], [1, 1, 1, 2, 1, 1, 1, 2, 1, 1, 1, 2, 1, 1, 1, 2, 1, 1, 1, 2, 1]]}, {"input": [[0, 0, 1, 1, 2, 2, 0, 1, 1, 2, 0, 1, 0, 0, 2, 1, 0], [0, 0, 1, 1, 2, 2, 0, 1, 1, 2, 0, 1, 0, 0, 2, 1, 0], [1, 1, 1, 1, 2, 2, 1, 1, 1, 2, 1, 1, 1, 1, 2, 1, 1], [1, 1, 1, 1, 1, 1, 1, 1, 1, 1, 1, 1, 1, 1, 1, 1, 1], [2, 2, 2, 1, 1, 8, 1, 1, 1, 2, 1, 1, 2, 2, 2, 1, 2], [2, 2, 2, 1, 8, 1, 8, 1, 2, 1, 2, 1, 2, 2, 2, 1, 2], [0, 0, 1, 1, 1, 8, 0, 1, 1, 2, 0, 1, 0, 0, 2, 1, 0], [1, 1, 1, 1, 1, 1, 1, 1, 1, 1, 1, 1, 1, 1, 1, 1, 1], [1, 1, 1, 1, 1, 2, 1, 1, 1, 2, 1, 1, 1, 1, 2, 1, 1], [8, 8, 8, 1, 2, 1, 2, 1, 2, 1, 2, 1, 2, 2, 2, 1, 2], [0, 0, 1, 1, 1, 2, 0, 1, 1, 2, 0, 1, 0, 0, 2, 1, 0], [1, 1, 1, 1, 1, 1, 1, 1, 1, 1, 1, 1, 1, 1, 1, 1, 1], [0, 0, 1, 1, 2, 2, 0, 1, 1, 2, 0, 1, 0, 0, 2, 1, 0], [0, 0, 1, 1, 2, 2, 0, 1, 1, 2, 0, 1, 0, 0, 2, 1, 0], [2, 2, 2, 1, 2, 2, 2, 1, 2, 2, 2, 1, 2, 2, 2, 1, 2], [1, 1, 1, 1, 1, 1, 1, 1, 1, 1, 1, 1, 1, 1, 1, 1, 1], [0, 0, 1, 1, 2, 2, 0, 1, 1, 2, 0, 1, 0, 0, 2, 1, 0]], "output": [[0, 0, 1, 1, 2, 2, 0, 1, 1, 2, 0, 1, 0, 0, 2, 1, 0], [0, 0, 1, 1, 2, 2, 0, 1, 1, 2, 0, 1, 0, 0, 2, 1, 0], [1, 1, 1, 1, 2, 2, 1, 1, 1, 2, 1, 1, 1, 1, 2, 1, 1], [1, 1, 1, 1, 1, 1, 1, 1, 1, 1, 1, 1, 1, 1, 1, 1, 1], [2, 2, 2, 1, 1, 8, 1, 1, 1, 8, 1, 1, 2, 2, 2, 1, 2], [2, 2, 2, 1, 8, 1, 8, 1, 8, 1, 8, 1, 2, 2, 2, 1, 2], [0, 0, 1, 1, 1, 8, 0, 1, 1, 8, 0, 1, 0, 0, 2, 1, 0], [1, 1, 1, 1, 1, 1, 1, 1, 1, 1, 1, 1, 1, 1, 1, 1, 1], [1, 1, 1, 1, 1, 8, 1, 1, 1, 8, 1, 1, 1, 1, 2, 1, 1], [8, 8, 8, 1, 8, 1, 8, 1, 8, 1, 8, 1, 2, 2, 2, 1, 2], [0, 0, 1, 1, 1, 8, 0, 1, 1, 8, 0, 1, 0, 0, 2, 1, 0], [1, 1, 1, 1, 1, 1, 1, 1, 1, 1, 1, 1, 1, 1, 1, 1, 1], [0, 0, 1, 1, 2, 2, 0, 1, 1, 2, 0, 1, 0, 0, 2, 1, 0], [0, 0, 1, 1, 2, 2, 0, 1, 1, 2, 0, 1, 0, 0, 2, 1, 0], [8, 8, 8, 1, 2, 2, 2, 1, 2, 2, 2, 1, 2, 2, 2, 1, 2], [1, 1, 1, 1, 1, 1, 1, 1, 1, 1, 1, 1, 1, 1, 1, 1, 1], [0, 0, 1, 1, 2, 2, 0, 1, 1, 2, 0, 1, 0, 0, 2, 1, 0]]}], "test": [{"input": [[0, 0, 1, 1, 2, 1, 0, 1, 1, 2, 0, 1, 0, 0, 1, 1, 0, 1, 0, 2, 1, 0, 0, 1, 2, 0, 1], [0, 0, 1, 1, 2, 1, 0, 1, 1, 2, 0, 1, 0, 0, 1, 1, 0, 1, 0, 2, 1, 0, 0, 1, 2, 0, 1], [1, 1, 1, 1, 1, 1, 1, 1, 1, 1, 1, 1, 1, 1, 1, 1, 1, 1, 1, 1, 1, 1, 1, 1, 1, 1, 1], [1, 1, 1, 1, 8, 1, 1, 1, 1, 2, 1, 1, 1, 1, 1, 1, 1, 1, 1, 2, 1, 1, 1, 1, 2, 1, 1], [2, 2, 1, 8, 8, 1, 2, 2, 1, 2, 2, 1, 2, 2, 1, 2, 2, 1, 2, 2, 1, 2, 2, 1, 2, 2, 1], [1, 1, 1, 1, 1, 1, 1, 1, 1, 1, 1, 1, 1, 1, 1, 1, 1, 1, 1, 1, 1, 1, 1, 1, 1, 1, 1], [0, 0, 1, 1, 2, 1, 0, 1, 1, 2, 0, 1, 0, 0, 1, 1, 0, 1, 0, 2, 1, 0, 0, 1, 2, 0, 1], [1, 1, 1, 1, 2, 1, 1, 1, 1, 2, 1, 1, 1, 1, 1, 1, 1, 1, 1, 2, 1, 1, 1, 1, 2, 1, 1], [1, 1, 1, 1, 1, 1, 1, 1, 1, 1, 1, 1, 1, 1, 1, 1, 1, 1, 1, 1, 1, 1, 1, 1, 1, 1, 1], [2, 2, 1, 2, 2, 1, 2, 2, 1, 8, 8, 1, 2, 2, 1, 2, 2, 1, 2, 2, 1, 2, 2, 1, 2, 2, 1], [0, 0, 1, 1, 2, 1, 0, 1, 1, 8, 0, 1, 0, 0, 1, 1, 0, 1, 0, 2, 1, 0, 0, 1, 2, 0, 1], [1, 1, 1, 1, 1, 1, 1, 1, 1, 1, 1, 1, 1, 1, 1, 1, 1, 1, 1, 1, 1, 1, 1, 1, 1, 1, 1], [0, 0, 1, 1, 2, 1, 0, 1, 1, 2, 0, 1, 0, 0, 1, 1, 0, 1, 0, 2, 1, 0, 0, 1, 2, 0, 1], [0, 0, 1, 1, 2, 1, 0, 1, 1, 2, 0, 1, 0, 0, 1, 1, 0, 1, 0, 2, 1, 0, 0, 1, 2, 0, 1], [1, 1, 1, 1, 1, 1, 1, 1, 1, 1, 1, 1, 1, 1, 1, 1, 1, 1, 1, 1, 1, 1, 1, 1, 1, 1, 1], [1, 1, 1, 1, 2, 1, 1, 1, 1, 2, 1, 1, 1, 1, 1, 1, 1, 1, 1, 2, 1, 1, 1, 1, 2, 1, 1], [0, 0, 1, 1, 2, 1, 0, 1, 1, 2, 0, 1, 0, 0, 1, 1, 0, 1, 0, 2, 1, 0, 0, 1, 2, 0, 1], [1, 1, 1, 1, 1, 1, 1, 1, 1, 1, 1, 1, 1, 1, 1, 1, 1, 1, 1, 1, 1, 1, 1, 1, 1, 1, 1], [0, 0, 1, 1, 2, 1, 0, 1, 1, 2, 0, 1, 0, 0, 1, 1, 0, 1, 0, 2, 1, 0, 0, 1, 2, 0, 1], [2, 2, 1, 2, 2, 1, 2, 2, 1, 2, 2, 1, 2, 2, 1, 2, 2, 1, 2, 2, 1, 2, 2, 1, 2, 2, 1], [1, 1, 1, 1, 1, 1, 1, 1, 1, 1, 1, 1, 1, 1, 1, 1, 1, 1, 1, 1, 1, 1, 1, 1, 1, 1, 1], [0, 0, 1, 1, 2, 1, 0, 1, 1, 2, 0, 1, 0, 0, 1, 1, 0, 1, 0, 2, 1, 0, 0, 1, 2, 0, 1], [0, 0, 1, 1, 2, 1, 0, 1, 1, 2, 0, 1, 0, 0, 1, 1, 0, 1, 0, 2, 1, 0, 0, 1, 2, 0, 1], [1, 1, 1, 1, 1, 1, 1, 1, 1, 1, 1, 1, 1, 1, 1, 1, 1, 1, 1, 1, 1, 1, 1, 1, 1, 1, 1], [2, 2, 1, 2, 2, 1, 2, 2, 1, 2, 2, 1, 2, 2, 1, 2, 2, 1, 2, 2, 1, 2, 2, 1, 2, 2, 1], [0, 0, 1, 1, 2, 1, 0, 1, 1, 2, 0, 1, 0, 0, 1, 1, 0, 1, 0, 2, 1, 0, 0, 1, 2, 0, 1], [1, 1, 1, 1, 1, 1, 1, 1, 1, 1, 1, 1, 1, 1, 1, 1, 1, 1, 1, 1, 1, 1, 1, 1, 1, 1, 1]], "output": [[0, 0, 1, 1, 2, 1, 0, 1, 1, 2, 0, 1, 0, 0, 1, 1, 0, 1, 0, 2, 1, 0, 0, 1, 2, 0, 1], [0, 0, 1, 1, 2, 1, 0, 1, 1, 2, 0, 1, 0, 0, 1, 1, 0, 1, 0, 2, 1, 0, 0, 1, 2, 0, 1], [1, 1, 1, 1, 1, 1, 1, 1, 1, 1, 1, 1, 1, 1, 1, 1, 1, 1, 1, 1, 1, 1, 1, 1, 1, 1, 1], [1, 1, 1, 1, 8, 1, 1, 1, 1, 2, 1, 1, 1, 1, 1, 1, 1, 1, 1, 8, 1, 1, 1, 1, 2, 1, 1], [2, 2, 1, 8, 8, 1, 2, 2, 1, 2, 2, 1, 2, 2, 1, 2, 2, 1, 8, 8, 1, 2, 2, 1, 2, 2, 1], [1, 1, 1, 1, 1, 1, 1, 1, 1, 1, 1, 1, 1, 1, 1, 1, 1, 1, 1, 1, 1, 1, 1, 1, 1, 1, 1], [0, 0, 1, 1, 2, 1, 0, 1, 1, 2, 0, 1, 0, 0, 1, 1, 0, 1, 0, 2, 1, 0, 0, 1, 2, 0, 1], [1, 1, 1, 1, 2, 1, 1, 1, 1, 2, 1, 1, 1, 1, 1, 1, 1, 1, 1, 2, 1, 1, 1, 1, 2, 1, 1], [1, 1, 1, 1, 1, 1, 1, 1, 1, 1, 1, 1, 1, 1, 1, 1, 1, 1, 1, 1, 1, 1, 1, 1, 1, 1, 1], [2, 2, 1, 2, 2, 1, 2, 2, 1, 8, 8, 1, 2, 2, 1, 2, 2, 1, 2, 2, 1, 2, 2, 1, 8, 8, 1], [0, 0, 1, 1, 2, 1, 0, 1, 1, 8, 0, 1, 0, 0, 1, 1, 0, 1, 0, 2, 1, 0, 0, 1, 8, 0, 1], [1, 1, 1, 1, 1, 1, 1, 1, 1, 1, 1, 1, 1, 1, 1, 1, 1, 1, 1, 1, 1, 1, 1, 1, 1, 1, 1], [0, 0, 1, 1, 2, 1, 0, 1, 1, 2, 0, 1, 0, 0, 1, 1, 0, 1, 0, 2, 1, 0, 0, 1, 2, 0, 1], [0, 0, 1, 1, 2, 1, 0, 1, 1, 2, 0, 1, 0, 0, 1, 1, 0, 1, 0, 2, 1, 0, 0, 1, 2, 0, 1], [1, 1, 1, 1, 1, 1, 1, 1, 1, 1, 1, 1, 1, 1, 1, 1, 1, 1, 1, 1, 1, 1, 1, 1, 1, 1, 1], [1, 1, 1, 1, 2, 1, 1, 1, 1, 2, 1, 1, 1, 1, 1, 1, 1, 1, 1, 2, 1, 1, 1, 1, 2, 1, 1], [0, 0, 1, 1, 2, 1, 0, 1, 1, 2, 0, 1, 0, 0, 1, 1, 0, 1, 0, 2, 1, 0, 0, 1, 2, 0, 1], [1, 1, 1, 1, 1, 1, 1, 1, 1, 1, 1, 1, 1, 1, 1, 1, 1, 1, 1, 1, 1, 1, 1, 1, 1, 1, 1], [0, 0, 1, 1, 8, 1, 0, 1, 1, 2, 0, 1, 0, 0, 1, 1, 0, 1, 0, 8, 1, 0, 0, 1, 2, 0, 1], [2, 2, 1, 8, 8, 1, 2, 2, 1, 2, 2, 1, 2, 2, 1, 2, 2, 1, 8, 8, 1, 2, 2, 1, 2, 2, 1], [1, 1, 1, 1, 1, 1, 1, 1, 1, 1, 1, 1, 1, 1, 1, 1, 1, 1, 1, 1, 1, 1, 1, 1, 1, 1, 1], [0, 0, 1, 1, 2, 1, 0, 1, 1, 2, 0, 1, 0, 0, 1, 1, 0, 1, 0, 2, 1, 0, 0, 1, 2, 0, 1], [0, 0, 1, 1, 2, 1, 0, 1, 1, 2, 0, 1, 0, 0, 1, 1, 0, 1, 0, 2, 1, 0, 0, 1, 2, 0, 1], [1, 1, 1, 1, 1, 1, 1, 1, 1, 1, 1, 1, 1, 1, 1, 1, 1, 1, 1, 1, 1, 1, 1, 1, 1, 1, 1], [2, 2, 1, 2, 2, 1, 2, 2, 1, 8, 8, 1, 2, 2, 1, 2, 2, 1, 2, 2, 1, 2, 2, 1, 8, 8, 1], [0, 0, 1, 1, 2, 1, 0, 1, 1, 8, 0, 1, 0, 0, 1, 1, 0, 1, 0, 2, 1, 0, 0, 1, 8, 0, 1], [1, 1, 1, 1, 1, 1, 1, 1, 1, 1, 1, 1, 1, 1, 1, 1, 1, 1, 1, 1, 1, 1, 1, 1, 1, 1, 1]]}]}