{"train": [{"input": [[2, 3, 3, 3, 3, 3, 3, 3, 3, 3, 3, 2], [8, 2, 2, 2, 2, 2, 2, 2, 2, 2, 2, 4], [8, 2, 2, 2, 2, 2, 2, 8, 2, 2, 4, 4], [8, 2, 3, 2, 2, 1, 2, 2, 2, 2, 2, 4], [8, 4, 2, 2, 1, 2, 1, 2, 2, 3, 2, 4], [8, 2, 2, 2, 2, 1, 2, 2, 3, 2, 2, 4], [8, 2, 2, 2, 2, 2, 2, 2, 2, 2, 2, 4], [8, 2, 3, 2, 0, 2, 2, 8, 8, 8, 2, 4], [8, 8, 2, 2, 2, 2, 2, 2, 2, 2, 2, 4], [8, 2, 2, 2, 4, 2, 4, 2, 2, 2, 2, 4], [8, 2, 2, 4, 2, 4, 2, 2, 2, 2, 2, 4], [2, 1, 1, 1, 1, 1, 1, 1, 1, 1, 1, 2]], "output": [[2, 3, 3, 3, 3, 3, 3, 3, 3, 3, 3, 2], [8, 2, 2, 2, 2, 2, 2, 2, 2, 2, 2, 4], [8, 2, 3, 2, 2, 2, 8, 2, 2, 2, 4, 4], [8, 2, 2, 2, 2, 2, 2, 2, 2, 3, 2, 4], [8, 2, 4, 2, 2, 1, 2, 2, 3, 2, 2, 4], [8, 2, 2, 2, 1, 2, 1, 2, 2, 2, 2, 4], [8, 2, 3, 2, 2, 1, 2, 2, 2, 2, 2, 4], [8, 2, 2, 2, 0, 2, 8, 8, 8, 2, 2, 4], [8, 8, 2, 2, 2, 2, 2, 2, 2, 2, 2, 4], [8, 2, 2, 2, 2, 4, 2, 4, 2, 2, 2, 4], [8, 2, 2, 2, 4, 2, 4, 2, 2, 2, 2, 4], [2, 1, 1, 1, 1, 1, 1, 1, 1, 1, 1, 2]]}, {"input": [[1, 5, 5, 5, 5, 5, 5, 1], [4, 1, 1, 1, 4, 1, 4, 2], [4, 5, 1, 1, 1, 1, 1, 2], [4, 1, 1, 1, 2, 1, 3, 2], [4, 1, 1, 3, 1, 1, 1, 2], [4, 1, 1, 3, 1, 1, 1, 2], [4, 5, 1, 1, 1, 1, 5, 2], [1, 3, 3, 3, 3, 3, 3, 1]], "output": [[1, 5, 5, 5, 5, 5, 5, 1], [4, 5, 1, 4, 1, 4, 1, 2], [4, 1, 1, 1, 1, 1, 1, 2], [4, 1, 1, 1, 1, 2, 1, 2], [4, 1, 1, 1, 1, 1, 3, 2], [4, 5, 1, 3, 1, 1, 5, 2], [4, 1, 1, 3, 1, 1, 1, 2], [1, 3, 3, 3, 3, 3, 3, 1]]}, {"input": [[3, 5, 5, 5, 5, 5, 5, 5, 5, 5, 5, 5, 3], [9, 3, 3, 3, 3, 3, 3, 3, 3, 8, 3, 3, 6], [9, 3, 6, 3, 3, 3, 3, 9, 3, 9, 3, 3, 6], [9, 3, 3, 3, 3, 3, 3, 3, 9, 3, 3, 3, 6], [9, 3, 3, 1, 3, 3, 3, 3, 3, 3, 3, 3, 6], [9, 3, 3, 3, 1, 3, 3, 3, 3, 6, 3, 3, 6], [9, 3, 3, 3, 3, 1, 3, 3, 3, 6, 3, 3, 6], [9, 3, 3, 3, 3, 3, 1, 3, 3, 6, 3, 3, 6], [9, 3, 3, 3, 4, 3, 3, 1, 3, 3, 3, 3, 6], [9, 3, 3, 9, 3, 3, 3, 3, 3, 3, 3, 3, 6], [9, 3, 3, 3, 4, 3, 3, 3, 3, 3, 3, 3, 6], [9, 3, 8, 3, 3, 3, 3, 3, 3, 5, 3, 3, 6], [3, 7, 7, 7, 7, 7, 7, 7, 7, 7, 7, 7, 3]], "output": [[3, 5, 5, 5, 5, 5, 5, 5, 5, 5, 5, 5, 3], [9, 3, 3, 3, 3, 3, 3, 3, 3, 8, 3, 3, 6], [9, 3, 3, 6, 3, 3, 9, 3, 9, 3, 3, 3, 6], [9, 3, 3, 3, 3, 3, 3, 9, 3, 3, 3, 3, 6], [9, 3, 3, 1, 3, 3, 3, 3, 3, 3, 3, 3, 6], [9, 3, 3, 3, 1, 3, 3, 3, 3, 3, 6, 3, 6], [9, 3, 3, 3, 3, 1, 3, 3, 3, 3, 6, 3, 6], [9, 3, 3, 3, 3, 3, 1, 3, 3, 3, 6, 3, 6], [9, 3, 3, 3, 4, 3, 3, 1, 3, 3, 3, 3, 6], [9, 3, 9, 3, 3, 3, 3, 3, 3, 3, 3, 3, 6], [9, 3, 3, 3, 4, 3, 3, 3, 3, 5, 3, 3, 6], [9, 3, 8, 3, 3, 3, 3, 3, 3, 3, 3, 3, 6], [3, 7, 7, 7, 7, 7, 7, 7, 7, 7, 7, 7, 3]]}, {"input": [[0, 2, 2, 2, 2, 2, 2, 2, 2, 0], [1, 0, 0, 0, 0, 0, 0, 0, 0, 3], [1, 0, 2, 0, 4, 0, 0, 0, 0, 3], [1, 0, 0, 0, 0, 0, 0, 1, 0, 3], [1, 0, 0, 0, 0, 3, 0, 0, 0, 3], [1, 0, 1, 0, 0, 0, 0, 0, 0, 3], [1, 0, 0, 0, 0, 0, 0, 4, 0, 3], [1, 0, 0, 0, 0, 0, 2, 0, 0, 3], [1, 0, 0, 3, 0, 0, 0, 0, 0, 3], [0, 4, 4, 4, 4, 4, 4, 4, 4, 0]], "output": [[0, 2, 2, 2, 2, 2, 2, 2, 2, 0], [1, 0, 2, 0, 0, 0, 0, 0, 0, 3], [1, 0, 0, 0, 0, 0, 0, 0, 0, 3], [1, 0, 0, 0, 4, 0, 1, 0, 0, 3], [1, 0, 0, 0, 0, 0, 3, 0, 0, 3], [1, 1, 0, 0, 0, 0, 0, 0, 0, 3], [1, 0, 0, 0, 0, 0, 2, 0, 0, 3], [1, 0, 0, 0, 0, 0, 0, 4, 0, 3], [1, 0, 0, 0, 3, 0, 0, 0, 0, 3], [0, 4, 4, 4, 4, 4, 4, 4, 4, 0]]}], "test": [{"input": [[4, 5, 5, 5, 5, 5, 5, 5, 4], [3, 4, 4, 1, 4, 4, 4, 4, 9], [3, 4, 4, 9, 4, 9, 4, 5, 9], [3, 4, 4, 4, 8, 4, 4, 4, 9], [3, 9, 4, 2, 4, 4, 4, 4, 9], [3, 3, 4, 4, 4, 4, 4, 3, 9], [3, 4, 2, 4, 4, 4, 8, 4, 9], [3, 4, 3, 4, 4, 4, 4, 7, 9], [4, 2, 2, 2, 2, 2, 2, 2, 4]], "output": [[4, 5, 5, 5, 5, 5, 5, 5, 4], [3, 4, 4, 1, 4, 4, 4, 5, 9], [3, 4, 4, 4, 9, 4, 9, 4, 9], [3, 4, 4, 4, 8, 4, 4, 4, 9], [3, 4, 9, 4, 4, 4, 4, 4, 9], [3, 3, 4, 2, 4, 4, 3, 4, 9], [3, 4, 4, 4, 4, 4, 8, 4, 9], [3, 3, 2, 4, 4, 4, 4, 7, 9], [4, 2, 2, 2, 2, 2, 2, 2, 4]]}]}