{"train": [{"input": [[0, 0, 0, 0, 0], [0, 2, 2, 2, 0], [0, 2, 0, 0, 0], [2, 2, 2, 0, 2], [4, 4, 4, 4, 4], [1, 1, 0, 0, 1], [1, 1, 0, 1, 1], [1, 0, 1, 0, 1], [0, 1, 0, 1, 1]], "output": [[3, 3, 0, 0, 3], [3, 3, 3, 3, 3], [3, 3, 3, 0, 3], [3, 3, 3, 3, 3]]}, {"input": [[2, 2, 2, 2, 2], [0, 0, 0, 2, 0], [0, 2, 0, 2, 2], [2, 2, 2, 2, 2], [4, 4, 4, 4, 4], [0, 1, 1, 0, 0], [1, 1, 0, 1, 0], [1, 1, 0, 0, 0], [0, 0, 1, 1, 1]], "output": [[3, 3, 3, 3, 3], [3, 3, 0, 3, 0], [3, 3, 0, 3, 3], [3, 3, 3, 3, 3]]}, {"input": [[0, 2, 0, 0, 2], [0, 2, 2, 0, 2], [0, 0, 0, 2, 2], [0, 0, 2, 2, 0], [4, 4, 4, 4, 4], [1, 0, 1, 0, 0], [1, 0, 0, 1, 0], [0, 0, 0, 0, 1], [0, 1, 1, 1, 0]], "output": [[3, 3, 3, 0, 3], [3, 3, 3, 3, 3], [0, 0, 0, 3, 3], [0, 3, 3, 3, 0]]}, {"input": [[0, 2, 2, 0, 0], [2, 2, 2, 2, 0], [0, 0, 2, 2, 0], [0, 0, 2, 2, 0], [4, 4, 4, 4, 4], [1, 0, 0, 1, 0], [1, 1, 1, 0, 1], [0, 0, 1, 1, 1], [1, 1, 1, 0, 0]], "output": [[3, 3, 3, 3, 0], [3, 3, 3, 3, 3], [0, 0, 3, 3, 3], [3, 3, 3, 3, 0]]}], "test": [{"input": [[0, 2, 2, 2, 2], [0, 0, 0, 2, 0], [0, 2, 0, 0, 0], [2, 2, 2, 0, 2], [4, 4, 4, 4, 4], [0, 0, 1, 0, 0], [0, 0, 0, 0, 1], [1, 0, 0, 1, 1], [0, 0, 0, 0, 1]], "output": [[0, 3, 3, 3, 3], [0, 0, 0, 3, 3], [3, 3, 0, 3, 3], [3, 3, 3, 0, 3]]}]}