{"train": [{"input": [[2, 2, 2, 2, 2, 2, 2, 2, 2, 1, 2, 2, 2, 2, 2, 2, 2, 2, 2, 2], [2, 8, 8, 8, 2, 2, 2, 2, 2, 1, 2, 2, 4, 2, 2, 2, 2, 2, 2, 2], [2, 8, 8, 8, 2, 2, 2, 2, 2, 1, 2, 4, 2, 2, 2, 4, 2, 2, 2, 2], [2, 8, 8, 8, 2, 2, 2, 4, 2, 1, 2, 2, 2, 2, 2, 2, 2, 2, 2, 2], [2, 2, 2, 2, 2, 2, 2, 2, 2, 1, 2, 2, 2, 2, 2, 2, 2, 2, 2, 2], [2, 2, 4, 2, 2, 2, 2, 2, 2, 1, 2, 2, 2, 2, 2, 2, 2, 2, 2, 2], [2, 2, 2, 2, 2, 2, 2, 2, 2, 1, 2, 2, 2, 2, 2, 2, 2, 2, 2, 2], [4, 2, 2, 2, 4, 2, 2, 2, 2, 1, 2, 2, 2, 2, 2, 2, 2, 2, 2, 2], [2, 2, 2, 2, 2, 2, 2, 2, 2, 1, 2, 2, 2, 2, 2, 2, 2, 2, 2, 2], [2, 2, 2, 2, 2, 2, 2, 2, 2, 1, 2, 2, 2, 2, 2, 2, 2, 2, 2, 2], [2, 2, 2, 2, 2, 2, 2, 2, 2, 1, 2, 2, 2, 2, 2, 4, 2, 2, 2, 2], [2, 2, 2, 2, 2, 4, 2, 2, 2, 1, 2, 2, 2, 2, 4, 4, 2, 2, 2, 2], [2, 2, 2, 2, 2, 2, 2, 2, 2, 1, 2, 2, 2, 2, 2, 2, 2, 2, 2, 2], [2, 2, 2, 8, 8, 8, 8, 2, 2, 1, 2, 2, 2, 2, 2, 2, 2, 2, 2, 2], [4, 2, 2, 8, 8, 8, 8, 2, 2, 1, 2, 2, 2, 2, 2, 2, 2, 2, 2, 2], [2, 4, 2, 2, 2, 2, 2, 2, 2, 1, 2, 2, 2, 2, 2, 2, 2, 2, 2, 2], [2, 2, 2, 2, 2, 2, 2, 2, 2, 1, 2, 2, 2, 2, 2, 2, 2, 2, 2, 2], [2, 2, 4, 2, 2, 2, 2, 2, 2, 1, 2, 2, 2, 2, 2, 2, 2, 2, 2, 2], [2, 2, 2, 2, 2, 2, 4, 2, 2, 1, 2, 2, 2, 2, 2, 2, 2, 2, 2, 2], [2, 2, 2, 2, 2, 2, 2, 2, 2, 1, 2, 2, 2, 2, 2, 2, 2, 2, 2, 2]], "output": [[2, 2, 2, 2, 2, 2, 2, 2, 2, 1, 2, 2, 2, 2, 2, 2, 2, 2, 2, 2], [2, 8, 8, 8, 1, 1, 1, 1, 1, 1, 1, 1, 1, 1, 1, 8, 8, 8, 2, 2], [2, 8, 8, 8, 1, 1, 1, 1, 1, 1, 1, 1, 1, 1, 1, 8, 8, 8, 2, 2], [2, 8, 8, 8, 1, 1, 1, 1, 1, 1, 1, 1, 1, 1, 1, 8, 8, 8, 2, 2], [2, 2, 2, 2, 2, 2, 2, 2, 2, 1, 2, 2, 2, 2, 2, 2, 2, 2, 2, 2], [2, 2, 4, 2, 2, 2, 2, 2, 2, 1, 2, 2, 2, 2, 2, 2, 2, 2, 2, 2], [2, 2, 2, 2, 2, 2, 2, 2, 2, 1, 2, 2, 2, 2, 2, 2, 2, 2, 2, 2], [4, 2, 2, 2, 4, 2, 2, 2, 2, 1, 2, 2, 2, 2, 2, 2, 2, 2, 2, 2], [2, 2, 2, 2, 2, 2, 2, 2, 2, 1, 2, 2, 2, 2, 2, 2, 2, 2, 2, 2], [2, 2, 2, 2, 2, 2, 2, 2, 2, 1, 2, 2, 2, 2, 2, 2, 2, 2, 2, 2], [2, 2, 2, 2, 2, 2, 2, 2, 2, 1, 2, 2, 2, 2, 2, 4, 2, 2, 2, 2], [2, 2, 2, 2, 2, 4, 2, 2, 2, 1, 2, 2, 2, 2, 4, 4, 2, 2, 2, 2], [2, 2, 2, 2, 2, 2, 2, 2, 2, 1, 2, 2, 2, 2, 2, 2, 2, 2, 2, 2], [2, 2, 2, 8, 8, 8, 8, 1, 1, 1, 1, 1, 8, 8, 8, 8, 2, 2, 2, 2], [4, 2, 2, 8, 8, 8, 8, 1, 1, 1, 1, 1, 8, 8, 8, 8, 2, 2, 2, 2], [2, 4, 2, 2, 2, 2, 2, 2, 2, 1, 2, 2, 2, 2, 2, 2, 2, 2, 2, 2], [2, 2, 2, 2, 2, 2, 2, 2, 2, 1, 2, 2, 2, 2, 2, 2, 2, 2, 2, 2], [2, 2, 4, 2, 2, 2, 2, 2, 2, 1, 2, 2, 2, 2, 2, 2, 2, 2, 2, 2], [2, 2, 2, 2, 2, 2, 4, 2, 2, 1, 2, 2, 2, 2, 2, 2, 2, 2, 2, 2], [2, 2, 2, 2, 2, 2, 2, 2, 2, 1, 2, 2, 2, 2, 2, 2, 2, 2, 2, 2]]}, {"input": [[8, 8, 8, 8, 8, 8, 8, 8, 8, 8, 1, 8, 8, 8, 8, 8, 8, 8], [8, 1, 8, 8, 8, 8, 8, 8, 8, 8, 8, 1, 8, 8, 8, 8, 8, 8], [8, 1, 8, 8, 8, 8, 8, 8, 8, 8, 8, 8, 8, 8, 8, 8, 1, 8], [8, 8, 8, 8, 8, 8, 8, 8, 8, 8, 8, 8, 8, 1, 8, 8, 8, 8], [8, 8, 1, 8, 8, 8, 8, 8, 8, 8, 8, 8, 8, 8, 8, 8, 1, 8], [8, 8, 8, 8, 1, 8, 8, 1, 8, 8, 1, 8, 8, 8, 8, 8, 8, 8], [8, 8, 8, 8, 8, 8, 8, 8, 8, 8, 8, 8, 1, 8, 8, 8, 8, 8], [8, 1, 8, 8, 8, 8, 8, 1, 8, 8, 8, 1, 8, 8, 8, 8, 8, 8], [2, 2, 2, 2, 2, 2, 2, 2, 2, 2, 2, 2, 2, 2, 2, 2, 2, 2], [8, 8, 8, 8, 1, 1, 8, 8, 8, 8, 8, 8, 8, 8, 8, 8, 8, 1], [8, 8, 8, 8, 1, 8, 8, 1, 8, 8, 1, 8, 8, 8, 8, 8, 8, 8], [1, 8, 8, 8, 8, 8, 8, 1, 8, 8, 8, 8, 8, 8, 8, 8, 1, 8], [8, 8, 1, 8, 8, 8, 8, 8, 8, 8, 8, 8, 1, 8, 8, 8, 8, 8], [8, 1, 8, 8, 8, 8, 8, 8, 8, 8, 8, 8, 8, 8, 8, 8, 8, 8], [8, 3, 3, 8, 1, 8, 8, 1, 8, 3, 3, 3, 8, 1, 8, 8, 8, 8], [8, 3, 3, 8, 8, 8, 8, 8, 8, 3, 3, 3, 8, 8, 8, 8, 8, 8], [8, 8, 8, 8, 8, 1, 8, 8, 8, 3, 3, 3, 8, 8, 8, 8, 8, 8], [8, 8, 8, 8, 8, 8, 8, 1, 8, 8, 8, 8, 8, 8, 8, 8, 8, 8], [8, 8, 8, 1, 8, 8, 8, 8, 8, 8, 8, 8, 8, 1, 8, 8, 8, 8], [1, 8, 8, 8, 8, 8, 8, 8, 1, 8, 8, 8, 1, 8, 8, 8, 8, 1], [8, 8, 8, 8, 8, 8, 8, 8, 8, 8, 8, 8, 1, 8, 8, 1, 8, 8]], "output": [[8, 8, 8, 8, 8, 8, 8, 8, 8, 3, 3, 3, 8, 8, 8, 8, 8, 8], [8, 3, 3, 8, 8, 8, 8, 8, 8, 3, 3, 3, 8, 8, 8, 8, 8, 8], [8, 3, 3, 8, 8, 8, 8, 8, 8, 3, 3, 3, 8, 8, 8, 8, 1, 8], [8, 2, 2, 8, 8, 8, 8, 8, 8, 2, 2, 2, 8, 1, 8, 8, 8, 8], [8, 2, 2, 8, 8, 8, 8, 8, 8, 2, 2, 2, 8, 8, 8, 8, 1, 8], [8, 2, 2, 8, 1, 8, 8, 1, 8, 2, 2, 2, 8, 8, 8, 8, 8, 8], [8, 2, 2, 8, 8, 8, 8, 8, 8, 2, 2, 2, 1, 8, 8, 8, 8, 8], [8, 2, 2, 8, 8, 8, 8, 1, 8, 2, 2, 2, 8, 8, 8, 8, 8, 8], [2, 2, 2, 2, 2, 2, 2, 2, 2, 2, 2, 2, 2, 2, 2, 2, 2, 2], [8, 2, 2, 8, 1, 1, 8, 8, 8, 2, 2, 2, 8, 8, 8, 8, 8, 1], [8, 2, 2, 8, 1, 8, 8, 1, 8, 2, 2, 2, 8, 8, 8, 8, 8, 8], [1, 2, 2, 8, 8, 8, 8, 1, 8, 2, 2, 2, 8, 8, 8, 8, 1, 8], [8, 2, 2, 8, 8, 8, 8, 8, 8, 2, 2, 2, 1, 8, 8, 8, 8, 8], [8, 2, 2, 8, 8, 8, 8, 8, 8, 2, 2, 2, 8, 8, 8, 8, 8, 8], [8, 3, 3, 8, 1, 8, 8, 1, 8, 3, 3, 3, 8, 1, 8, 8, 8, 8], [8, 3, 3, 8, 8, 8, 8, 8, 8, 3, 3, 3, 8, 8, 8, 8, 8, 8], [8, 8, 8, 8, 8, 1, 8, 8, 8, 3, 3, 3, 8, 8, 8, 8, 8, 8], [8, 8, 8, 8, 8, 8, 8, 1, 8, 8, 8, 8, 8, 8, 8, 8, 8, 8], [8, 8, 8, 1, 8, 8, 8, 8, 8, 8, 8, 8, 8, 1, 8, 8, 8, 8], [1, 8, 8, 8, 8, 8, 8, 8, 1, 8, 8, 8, 1, 8, 8, 8, 8, 1], [8, 8, 8, 8, 8, 8, 8, 8, 8, 8, 8, 8, 1, 8, 8, 1, 8, 8]]}], "test": [{"input": [[4, 4, 4, 4, 9, 4, 4, 4, 4, 3, 4, 4, 4, 4, 4, 4, 4, 4, 4, 4, 4, 9, 4], [4, 4, 9, 4, 4, 2, 2, 9, 4, 3, 4, 4, 4, 4, 4, 4, 4, 4, 9, 4, 4, 4, 4], [4, 4, 4, 4, 4, 2, 2, 4, 4, 3, 4, 4, 4, 4, 4, 4, 9, 4, 4, 4, 4, 4, 4], [4, 4, 4, 4, 9, 4, 4, 4, 4, 3, 4, 4, 4, 4, 4, 4, 4, 4, 4, 4, 4, 4, 4], [4, 4, 4, 4, 4, 9, 9, 4, 4, 3, 4, 4, 4, 4, 4, 4, 4, 4, 4, 4, 4, 4, 4], [4, 4, 4, 4, 4, 4, 4, 4, 4, 3, 4, 4, 4, 4, 4, 4, 4, 4, 4, 4, 9, 4, 4], [4, 4, 2, 2, 2, 4, 4, 4, 4, 3, 4, 4, 4, 4, 4, 4, 4, 4, 4, 4, 4, 9, 4], [4, 9, 2, 2, 2, 4, 4, 4, 4, 3, 4, 4, 9, 4, 9, 4, 4, 4, 4, 4, 9, 4, 4], [4, 4, 2, 2, 2, 4, 4, 4, 4, 3, 4, 4, 4, 4, 4, 4, 4, 4, 4, 4, 4, 4, 4], [4, 4, 2, 2, 2, 4, 4, 4, 4, 3, 4, 4, 4, 4, 4, 4, 4, 4, 4, 4, 4, 4, 4], [4, 9, 2, 2, 2, 4, 4, 4, 4, 3, 4, 4, 4, 4, 4, 4, 4, 4, 4, 4, 9, 4, 4], [4, 4, 4, 4, 4, 4, 4, 4, 4, 3, 4, 4, 4, 4, 4, 4, 4, 4, 4, 4, 4, 4, 4], [4, 4, 4, 4, 4, 4, 4, 4, 4, 3, 9, 4, 4, 4, 4, 4, 4, 4, 4, 4, 4, 4, 4], [4, 4, 4, 4, 4, 4, 9, 4, 4, 3, 4, 4, 9, 4, 4, 4, 4, 4, 4, 4, 4, 4, 4], [4, 4, 4, 4, 4, 4, 4, 4, 4, 3, 4, 4, 4, 4, 4, 4, 4, 4, 4, 4, 4, 4, 4], [9, 4, 4, 2, 2, 2, 4, 9, 4, 3, 4, 4, 4, 4, 4, 4, 4, 4, 9, 4, 9, 4, 4], [4, 4, 4, 2, 2, 2, 4, 4, 4, 3, 4, 4, 4, 4, 4, 4, 4, 4, 4, 4, 4, 4, 4], [4, 4, 4, 2, 2, 2, 4, 4, 4, 3, 4, 9, 4, 4, 4, 4, 4, 9, 4, 4, 4, 4, 4], [4, 4, 4, 4, 4, 4, 4, 4, 4, 3, 4, 4, 4, 4, 4, 4, 4, 4, 4, 4, 4, 4, 4]], "output": [[4, 4, 4, 4, 9, 4, 4, 4, 4, 3, 4, 4, 4, 4, 4, 4, 4, 4, 4, 4, 4, 9, 4], [4, 4, 9, 4, 4, 2, 2, 3, 3, 3, 3, 3, 2, 2, 4, 4, 4, 4, 9, 4, 4, 4, 4], [4, 4, 4, 4, 4, 2, 2, 3, 3, 3, 3, 3, 2, 2, 4, 4, 9, 4, 4, 4, 4, 4, 4], [4, 4, 4, 4, 9, 4, 4, 4, 4, 3, 4, 4, 4, 4, 4, 4, 4, 4, 4, 4, 4, 4, 4], [4, 4, 4, 4, 4, 9, 9, 4, 4, 3, 4, 4, 4, 4, 4, 4, 4, 4, 4, 4, 4, 4, 4], [4, 4, 4, 4, 4, 4, 4, 4, 4, 3, 4, 4, 4, 4, 4, 4, 4, 4, 4, 4, 9, 4, 4], [4, 4, 2, 2, 2, 3, 3, 3, 3, 3, 3, 3, 3, 3, 2, 2, 2, 4, 4, 4, 4, 9, 4], [4, 9, 2, 2, 2, 3, 3, 3, 3, 3, 3, 3, 3, 3, 2, 2, 2, 4, 4, 4, 9, 4, 4], [4, 4, 2, 2, 2, 3, 3, 3, 3, 3, 3, 3, 3, 3, 2, 2, 2, 4, 4, 4, 4, 4, 4], [4, 4, 2, 2, 2, 3, 3, 3, 3, 3, 3, 3, 3, 3, 2, 2, 2, 4, 4, 4, 4, 4, 4], [4, 9, 2, 2, 2, 3, 3, 3, 3, 3, 3, 3, 3, 3, 2, 2, 2, 4, 4, 4, 9, 4, 4], [4, 4, 4, 4, 4, 4, 4, 4, 4, 3, 4, 4, 4, 4, 4, 4, 4, 4, 4, 4, 4, 4, 4], [4, 4, 4, 4, 4, 4, 4, 4, 4, 3, 9, 4, 4, 4, 4, 4, 4, 4, 4, 4, 4, 4, 4], [4, 4, 4, 4, 4, 4, 9, 4, 4, 3, 4, 4, 9, 4, 4, 4, 4, 4, 4, 4, 4, 4, 4], [4, 4, 4, 4, 4, 4, 4, 4, 4, 3, 4, 4, 4, 4, 4, 4, 4, 4, 4, 4, 4, 4, 4], [9, 4, 4, 2, 2, 2, 3, 3, 3, 3, 3, 3, 3, 2, 2, 2, 4, 4, 9, 4, 9, 4, 4], [4, 4, 4, 2, 2, 2, 3, 3, 3, 3, 3, 3, 3, 2, 2, 2, 4, 4, 4, 4, 4, 4, 4], [4, 4, 4, 2, 2, 2, 3, 3, 3, 3, 3, 3, 3, 2, 2, 2, 4, 9, 4, 4, 4, 4, 4], [4, 4, 4, 4, 4, 4, 4, 4, 4, 3, 4, 4, 4, 4, 4, 4, 4, 4, 4, 4, 4, 4, 4]]}]}