{"train": [{"input": [[0, 0, 0, 5, 0, 0, 0, 5, 0, 0, 0], [0, 3, 0, 5, 0, 1, 0, 5, 0, 4, 0], [0, 0, 0, 5, 0, 0, 0, 5, 0, 0, 0]], "output": [[8, 8, 8, 5, 6, 6, 6, 5, 9, 9, 9], [8, 8, 8, 5, 6, 6, 6, 5, 9, 9, 9], [8, 8, 8, 5, 6, 6, 6, 5, 9, 9, 9]]}, {"input": [[0, 0, 0, 5, 0, 0, 0, 5, 0, 0, 0], [0, 2, 0, 5, 0, 3, 0, 5, 0, 1, 0], [0, 0, 0, 5, 0, 0, 0, 5, 0, 0, 0]], "output": [[7, 7, 7, 5, 8, 8, 8, 5, 6, 6, 6], [7, 7, 7, 5, 8, 8, 8, 5, 6, 6, 6], [7, 7, 7, 5, 8, 8, 8, 5, 6, 6, 6]]}, {"input": [[0, 0, 0, 5, 0, 0, 0, 5, 0, 0, 0], [0, 4, 0, 5, 0, 1, 0, 5, 0, 2, 0], [0, 0, 0, 5, 0, 0, 0, 5, 0, 0, 0], [5, 5, 5, 5, 5, 5, 5, 5, 5, 5, 5], [0, 0, 0, 5, 0, 0, 0, 5, 0, 0, 0], [0, 2, 0, 5, 0, 3, 0, 5, 0, 4, 0], [0, 0, 0, 5, 0, 0, 0, 5, 0, 0, 0]], "output": [[9, 9, 9, 5, 6, 6, 6, 5, 7, 7, 7], [9, 9, 9, 5, 6, 6, 6, 5, 7, 7, 7], [9, 9, 9, 5, 6, 6, 6, 5, 7, 7, 7], [5, 5, 5, 5, 5, 5, 5, 5, 5, 5, 5], [7, 7, 7, 5, 8, 8, 8, 5, 9, 9, 9], [7, 7, 7, 5, 8, 8, 8, 5, 9, 9, 9], [7, 7, 7, 5, 8, 8, 8, 5, 9, 9, 9]]}, {"input": [[0, 0, 0, 5, 0, 0, 0, 5, 0, 0, 0], [0, 1, 0, 5, 0, 2, 0, 5, 0, 1, 0], [0, 0, 0, 5, 0, 0, 0, 5, 0, 0, 0]], "output": [[6, 6, 6, 5, 7, 7, 7, 5, 6, 6, 6], [6, 6, 6, 5, 7, 7, 7, 5, 6, 6, 6], [6, 6, 6, 5, 7, 7, 7, 5, 6, 6, 6]]}], "test": [{"input": [[0, 0, 0, 5, 0, 0, 0, 5, 0, 0, 0], [0, 2, 0, 5, 0, 3, 0, 5, 0, 4, 0], [0, 0, 0, 5, 0, 0, 0, 5, 0, 0, 0], [5, 5, 5, 5, 5, 5, 5, 5, 5, 5, 5], [0, 0, 0, 5, 0, 0, 0, 5, 0, 0, 0], [0, 1, 0, 5, 0, 1, 0, 5, 0, 3, 0], [0, 0, 0, 5, 0, 0, 0, 5, 0, 0, 0]], "output": [[7, 7, 7, 5, 8, 8, 8, 5, 9, 9, 9], [7, 7, 7, 5, 8, 8, 8, 5, 9, 9, 9], [7, 7, 7, 5, 8, 8, 8, 5, 9, 9, 9], [5, 5, 5, 5, 5, 5, 5, 5, 5, 5, 5], [6, 6, 6, 5, 6, 6, 6, 5, 8, 8, 8], [6, 6, 6, 5, 6, 6, 6, 5, 8, 8, 8], [6, 6, 6, 5, 6, 6, 6, 5, 8, 8, 8]]}]}