{"train": [{"input": [[0, 0, 0, 2, 2, 2, 0, 0, 0], [0, 5, 0, 2, 2, 2, 0, 0, 0], [0, 0, 0, 2, 2, 2, 0, 0, 0], [5, 0, 0, 0, 0, 0, 0, 0, 0], [0, 0, 0, 5, 0, 0, 0, 5, 0], [0, 0, 0, 0, 0, 0, 0, 0, 0], [0, 5, 0, 7, 7, 7, 0, 0, 0], [0, 0, 0, 7, 7, 5, 0, 0, 0], [0, 0, 0, 7, 7, 7, 0, 0, 0]], "output": [[0, 2, 0], [0, 0, 0], [0, 7, 0]]}, {"input": [[3, 3, 3, 0, 0, 0, 8, 8, 8], [3, 3, 3, 0, 0, 0, 8, 5, 8], [3, 3, 3, 0, 0, 0, 8, 8, 8], [0, 0, 0, 7, 5, 7, 0, 0, 0], [0, 0, 0, 7, 7, 7, 0, 0, 0], [0, 0, 0, 7, 7, 7, 0, 0, 0], [6, 6, 6, 0, 0, 5, 9, 9, 9], [6, 6, 6, 0, 0, 0, 9, 9, 9], [6, 5, 6, 0, 5, 0, 9, 9, 5]], "output": [[3, 0, 8], [0, 7, 0], [6, 0, 9]]}], "test": [{"input": [[4, 4, 4, 0, 0, 0, 0, 5, 0], [5, 4, 4, 0, 0, 0, 0, 0, 0], [4, 4, 4, 0, 5, 0, 0, 0, 0], [0, 0, 0, 3, 3, 3, 0, 5, 0], [0, 0, 0, 3, 3, 3, 0, 0, 0], [0, 0, 0, 3, 3, 3, 0, 0, 0], [0, 0, 5, 9, 9, 9, 0, 0, 0], [0, 0, 0, 9, 5, 9, 0, 0, 0], [0, 0, 0, 9, 9, 9, 0, 0, 0]], "output": [[4, 0, 0], [0, 3, 0], [0, 9, 0]]}]}