{"train": [{"input": [[0, 0, 0, 0, 0], [3, 3, 0, 0, 0], [3, 0, 0, 0, 0], [3, 3, 0, 3, 3], [0, 3, 3, 3, 0], [0, 0, 0, 0, 0], [0, 0, 0, 0, 0], [0, 0, 0, 0, 0], [0, 0, 0, 0, 0], [0, 0, 0, 0, 0], [0, 0, 0, 0, 0], [0, 0, 0, 0, 0], [0, 0, 0, 0, 0], [0, 0, 0, 0, 0], [0, 0, 0, 0, 0], [2, 2, 2, 2, 2], [0, 0, 0, 0, 0]], "output": [[0, 0, 0, 0, 0], [0, 0, 0, 0, 0], [0, 0, 0, 0, 0], [0, 0, 0, 0, 0], [0, 0, 0, 0, 0], [0, 0, 0, 0, 0], [0, 0, 0, 0, 0], [0, 0, 0, 0, 0], [0, 0, 0, 0, 0], [0, 0, 0, 0, 0], [8, 8, 8, 8, 8], [3, 3, 0, 0, 0], [3, 0, 0, 0, 0], [3, 3, 0, 3, 3], [0, 3, 3, 3, 0], [2, 2, 2, 2, 2], [0, 0, 0, 0, 0]]}, {"input": [[0, 3, 0, 0, 0, 0, 0, 0, 0, 0, 2, 0, 0, 0, 0, 0], [0, 3, 3, 3, 0, 0, 0, 0, 0, 0, 2, 0, 0, 0, 0, 0], [3, 3, 0, 0, 0, 0, 0, 0, 0, 0, 2, 0, 0, 0, 0, 0], [0, 3, 3, 3, 0, 0, 0, 0, 0, 0, 2, 0, 0, 0, 0, 0]], "output": [[0, 0, 0, 0, 0, 8, 0, 3, 0, 0, 2, 0, 0, 0, 0, 0], [0, 0, 0, 0, 0, 8, 0, 3, 3, 3, 2, 0, 0, 0, 0, 0], [0, 0, 0, 0, 0, 8, 3, 3, 0, 0, 2, 0, 0, 0, 0, 0], [0, 0, 0, 0, 0, 8, 0, 3, 3, 3, 2, 0, 0, 0, 0, 0]]}, {"input": [[0, 0, 0, 0, 0], [0, 0, 0, 0, 0], [0, 0, 0, 0, 0], [2, 2, 2, 2, 2], [0, 0, 0, 0, 0], [0, 0, 0, 0, 0], [0, 0, 0, 0, 0], [0, 0, 0, 0, 0], [0, 0, 0, 0, 0], [0, 0, 0, 0, 0], [0, 0, 0, 0, 0], [3, 3, 3, 3, 0], [3, 0, 0, 3, 0], [3, 3, 0, 3, 0], [0, 0, 0, 0, 0], [0, 0, 0, 0, 0], [0, 0, 0, 0, 0]], "output": [[0, 0, 0, 0, 0], [0, 0, 0, 0, 0], [0, 0, 0, 0, 0], [2, 2, 2, 2, 2], [3, 3, 3, 3, 0], [3, 0, 0, 3, 0], [3, 3, 0, 3, 0], [8, 8, 8, 8, 8], [0, 0, 0, 0, 0], [0, 0, 0, 0, 0], [0, 0, 0, 0, 0], [0, 0, 0, 0, 0], [0, 0, 0, 0, 0], [0, 0, 0, 0, 0], [0, 0, 0, 0, 0], [0, 0, 0, 0, 0], [0, 0, 0, 0, 0]]}], "test": [{"input": [[0, 0, 0, 0, 2, 0, 0, 0, 0, 0, 0, 0, 3, 3, 0, 0, 0, 0], [0, 0, 0, 0, 2, 0, 0, 0, 0, 0, 0, 3, 0, 3, 0, 0, 0, 0], [0, 0, 0, 0, 2, 0, 0, 0, 0, 0, 0, 3, 3, 3, 0, 0, 0, 0], [0, 0, 0, 0, 2, 0, 0, 0, 0, 0, 0, 3, 0, 0, 0, 0, 0, 0]], "output": [[0, 0, 0, 0, 2, 0, 3, 3, 8, 0, 0, 0, 0, 0, 0, 0, 0, 0], [0, 0, 0, 0, 2, 3, 0, 3, 8, 0, 0, 0, 0, 0, 0, 0, 0, 0], [0, 0, 0, 0, 2, 3, 3, 3, 8, 0, 0, 0, 0, 0, 0, 0, 0, 0], [0, 0, 0, 0, 2, 3, 0, 0, 8, 0, 0, 0, 0, 0, 0, 0, 0, 0]]}]}