{"train": [{"input": [[3, 0, 3, 0, 0, 3, 3, 3, 0, 3], [0, 2, 2, 2, 0, 0, 2, 0, 2, 0], [0, 2, 2, 0, 0, 0, 0, 2, 0, 0], [0, 2, 0, 8, 0, 8, 8, 0, 2, 0], [3, 2, 2, 0, 8, 8, 0, 2, 2, 0], [3, 0, 0, 8, 0, 8, 0, 2, 0, 0], [0, 0, 2, 8, 0, 8, 8, 2, 2, 0], [0, 2, 2, 0, 2, 2, 2, 2, 2, 0], [0, 0, 2, 2, 2, 0, 2, 0, 2, 3], [3, 3, 3, 0, 3, 3, 3, 3, 0, 3]], "output": [[3, 3, 3, 3, 3, 3, 3, 3, 3, 3], [3, 2, 2, 2, 2, 2, 2, 2, 2, 3], [3, 2, 2, 2, 2, 2, 2, 2, 2, 3], [3, 2, 2, 8, 8, 8, 8, 2, 2, 3], [3, 2, 2, 8, 8, 8, 8, 2, 2, 3], [3, 2, 2, 8, 8, 8, 8, 2, 2, 3], [3, 2, 2, 8, 8, 8, 8, 2, 2, 3], [3, 2, 2, 2, 2, 2, 2, 2, 2, 3], [3, 2, 2, 2, 2, 2, 2, 2, 2, 3], [3, 3, 3, 3, 3, 3, 3, 3, 3, 3]]}, {"input": [[0, 0, 0, 0, 0, 0, 0, 0, 0, 0], [0, 8, 8, 0, 8, 8, 8, 8, 8, 0], [0, 8, 2, 0, 0, 0, 2, 2, 0, 0], [0, 0, 0, 2, 0, 0, 2, 0, 8, 0], [0, 8, 0, 2, 2, 0, 0, 0, 0, 0], [0, 8, 2, 0, 0, 0, 2, 0, 8, 0], [0, 8, 0, 2, 0, 0, 0, 0, 0, 0], [0, 8, 0, 0, 0, 0, 0, 0, 8, 0], [0, 0, 8, 8, 8, 0, 8, 8, 0, 0], [0, 0, 0, 0, 0, 0, 0, 0, 0, 0]], "output": [[0, 0, 0, 0, 0, 0, 0, 0, 0, 0], [0, 8, 8, 8, 8, 8, 8, 8, 8, 0], [0, 8, 2, 2, 2, 2, 2, 2, 8, 0], [0, 8, 2, 2, 2, 2, 2, 2, 8, 0], [0, 8, 2, 2, 2, 2, 2, 2, 8, 0], [0, 8, 2, 2, 2, 2, 2, 2, 8, 0], [0, 8, 2, 2, 2, 2, 2, 2, 8, 0], [0, 8, 2, 2, 2, 2, 2, 2, 8, 0], [0, 8, 8, 8, 8, 8, 8, 8, 8, 0], [0, 0, 0, 0, 0, 0, 0, 0, 0, 0]]}], "test": [{"input": [[4, 0, 0, 0, 0, 4, 0, 4, 4, 0, 4, 0], [0, 4, 0, 0, 0, 0, 4, 4, 0, 4, 4, 4], [4, 4, 0, 3, 3, 0, 3, 3, 3, 3, 0, 0], [4, 0, 3, 0, 3, 0, 3, 0, 3, 0, 4, 4], [0, 4, 3, 3, 0, 1, 1, 0, 3, 3, 0, 4], [0, 4, 0, 3, 1, 0, 1, 0, 0, 3, 4, 0], [0, 0, 3, 3, 1, 1, 1, 1, 0, 3, 0, 4], [0, 4, 3, 0, 0, 1, 0, 1, 3, 3, 0, 4], [4, 4, 3, 3, 3, 3, 0, 0, 0, 3, 0, 0], [0, 0, 3, 0, 3, 3, 0, 0, 3, 3, 4, 4], [4, 4, 4, 4, 4, 4, 4, 4, 0, 0, 4, 0], [4, 0, 4, 4, 0, 4, 0, 0, 4, 4, 0, 4]], "output": [[4, 4, 4, 4, 4, 4, 4, 4, 4, 4, 4, 4], [4, 4, 4, 4, 4, 4, 4, 4, 4, 4, 4, 4], [4, 4, 3, 3, 3, 3, 3, 3, 3, 3, 4, 4], [4, 4, 3, 3, 3, 3, 3, 3, 3, 3, 4, 4], [4, 4, 3, 3, 1, 1, 1, 1, 3, 3, 4, 4], [4, 4, 3, 3, 1, 1, 1, 1, 3, 3, 4, 4], [4, 4, 3, 3, 1, 1, 1, 1, 3, 3, 4, 4], [4, 4, 3, 3, 1, 1, 1, 1, 3, 3, 4, 4], [4, 4, 3, 3, 3, 3, 3, 3, 3, 3, 4, 4], [4, 4, 3, 3, 3, 3, 3, 3, 3, 3, 4, 4], [4, 4, 4, 4, 4, 4, 4, 4, 4, 4, 4, 4], [4, 4, 4, 4, 4, 4, 4, 4, 4, 4, 4, 4]]}]}