{"train": [{"input": [[0, 0, 0, 7, 0, 0, 8, 0, 0], [0, 4, 0, 0, 0, 0, 0, 0, 0], [0, 0, 0, 0, 0, 0, 0, 0, 0], [0, 0, 0, 0, 0, 2, 0, 0, 0], [0, 0, 0, 0, 0, 0, 0, 0, 1], [5, 0, 0, 0, 0, 0, 0, 0, 0], [0, 0, 3, 0, 0, 0, 6, 0, 0], [0, 0, 0, 0, 9, 0, 0, 0, 0], [0, 0, 0, 0, 0, 0, 0, 0, 0]], "output": [[4, 7, 8], [5, 2, 1], [3, 9, 6]]}, {"input": [[0, 6, 0, 0, 0, 7], [0, 0, 0, 4, 0, 0], [2, 0, 0, 0, 9, 0], [0, 0, 3, 0, 0, 0], [0, 0, 0, 5, 0, 0], [1, 0, 0, 0, 8, 0]], "output": [[6, 4, 7], [2, 3, 9], [1, 5, 8]]}, {"input": [[2, 0, 0, 1, 0, 0], [0, 0, 0, 0, 0, 7], [0, 3, 0, 0, 9, 0], [0, 0, 5, 0, 0, 0], [0, 0, 0, 6, 0, 0], [4, 0, 0, 0, 8, 0]], "output": [[2, 1, 7], [3, 5, 9], [4, 6, 8]]}], "test": [{"input": [[0, 0, 0, 0, 0, 0, 9, 0, 0], [5, 0, 0, 0, 0, 6, 0, 0, 0], [0, 0, 0, 0, 0, 0, 0, 0, 0], [0, 0, 0, 0, 0, 0, 0, 8, 0], [0, 0, 0, 0, 0, 1, 0, 0, 0], [0, 0, 4, 0, 0, 0, 0, 0, 0], [0, 0, 0, 0, 0, 0, 0, 0, 0], [0, 3, 0, 2, 0, 0, 0, 0, 0], [0, 0, 0, 0, 0, 0, 0, 0, 7]], "output": [[5, 6, 9], [4, 1, 8], [3, 2, 7]]}]}