{"train": [{"input": [[8, 8, 8, 8, 8, 8, 8, 8, 8, 8], [8, 8, 8, 8, 8, 8, 8, 8, 8, 8], [8, 8, 8, 8, 8, 8, 8, 8, 8, 8], [8, 8, 8, 8, 8, 8, 8, 8, 8, 8], [8, 8, 4, 8, 8, 8, 8, 8, 8, 8], [8, 8, 7, 1, 6, 5, 6, 1, 8, 8], [8, 8, 8, 8, 8, 8, 8, 2, 8, 8], [8, 8, 8, 8, 8, 8, 8, 8, 8, 8], [8, 8, 8, 8, 8, 8, 8, 8, 8, 8], [8, 8, 8, 8, 8, 8, 8, 8, 8, 8]], "output": [[8, 8, 8, 8, 8, 8, 8, 8, 8, 8], [8, 8, 8, 8, 8, 8, 8, 8, 8, 8], [8, 8, 8, 8, 8, 8, 8, 8, 8, 8], [8, 8, 8, 8, 8, 8, 8, 8, 8, 8], [8, 8, 2, 8, 8, 8, 8, 8, 8, 8], [8, 8, 1, 6, 5, 6, 1, 7, 8, 8], [8, 8, 8, 8, 8, 8, 8, 4, 8, 8], [8, 8, 8, 8, 8, 8, 8, 8, 8, 8], [8, 8, 8, 8, 8, 8, 8, 8, 8, 8], [8, 8, 8, 8, 8, 8, 8, 8, 8, 8]]}, {"input": [[8, 8, 8, 8, 8, 8, 8, 8, 8, 8], [8, 8, 1, 8, 8, 8, 8, 8, 8, 8], [8, 8, 7, 8, 8, 8, 8, 8, 8, 8], [8, 8, 9, 6, 8, 8, 8, 8, 8, 8], [8, 8, 8, 4, 7, 7, 8, 8, 8, 8], [8, 8, 8, 8, 8, 1, 8, 8, 8, 8], [8, 8, 8, 8, 8, 4, 8, 8, 8, 8], [8, 8, 8, 8, 8, 4, 2, 1, 8, 8], [8, 8, 8, 8, 8, 8, 8, 8, 8, 8], [8, 8, 8, 8, 8, 8, 8, 8, 8, 8]], "output": [[8, 8, 8, 8, 8, 8, 8, 8, 8, 8], [8, 8, 1, 8, 8, 8, 8, 8, 8, 8], [8, 8, 2, 8, 8, 8, 8, 8, 8, 8], [8, 8, 4, 4, 8, 8, 8, 8, 8, 8], [8, 8, 8, 1, 7, 7, 8, 8, 8, 8], [8, 8, 8, 8, 8, 4, 8, 8, 8, 8], [8, 8, 8, 8, 8, 6, 8, 8, 8, 8], [8, 8, 8, 8, 8, 9, 7, 1, 8, 8], [8, 8, 8, 8, 8, 8, 8, 8, 8, 8], [8, 8, 8, 8, 8, 8, 8, 8, 8, 8]]}], "test": [{"input": [[8, 8, 8, 8, 8, 8, 8, 8, 8, 8], [8, 8, 8, 8, 8, 8, 9, 9, 2, 8], [8, 8, 8, 8, 8, 8, 9, 8, 2, 8], [8, 8, 6, 6, 1, 8, 5, 8, 2, 8], [8, 8, 6, 8, 4, 8, 5, 8, 4, 8], [8, 8, 7, 8, 1, 5, 5, 8, 4, 8], [8, 8, 7, 8, 8, 8, 8, 8, 4, 8], [8, 8, 7, 8, 8, 8, 8, 8, 1, 8], [8, 8, 1, 1, 7, 8, 8, 1, 1, 8], [8, 8, 8, 8, 8, 8, 8, 8, 8, 8]], "output": [[8, 8, 8, 8, 8, 8, 8, 8, 8, 8], [8, 8, 8, 8, 8, 8, 4, 1, 6, 8], [8, 8, 8, 8, 8, 8, 1, 8, 6, 8], [8, 8, 2, 2, 9, 8, 5, 8, 6, 8], [8, 8, 2, 8, 9, 8, 5, 8, 7, 8], [8, 8, 4, 8, 9, 5, 5, 8, 7, 8], [8, 8, 4, 8, 8, 8, 8, 8, 7, 8], [8, 8, 4, 8, 8, 8, 8, 8, 1, 8], [8, 8, 1, 1, 1, 8, 8, 7, 1, 8], [8, 8, 8, 8, 8, 8, 8, 8, 8, 8]]}]}