{"train": [{"input": [[0, 0, 0, 0, 0, 0, 0, 0, 0, 0, 0, 0, 0, 0, 0, 0, 0, 0], [0, 2, 8, 2, 0, 3, 3, 8, 3, 3, 0, 0, 0, 0, 0, 0, 0, 0], [0, 8, 8, 8, 0, 8, 3, 3, 3, 8, 0, 0, 0, 0, 0, 0, 0, 0], [0, 2, 8, 2, 0, 3, 3, 8, 3, 3, 0, 0, 0, 0, 0, 0, 0, 0], [0, 0, 0, 0, 0, 0, 0, 0, 0, 0, 0, 0, 0, 0, 0, 0, 0, 0], [0, 3, 3, 3, 3, 3, 3, 3, 3, 3, 3, 3, 3, 3, 3, 3, 0, 0], [0, 3, 3, 3, 3, 3, 3, 3, 3, 3, 3, 3, 3, 3, 3, 3, 0, 0], [0, 3, 3, 3, 3, 3, 3, 3, 3, 3, 3, 3, 3, 3, 3, 3, 0, 0], [0, 3, 3, 3, 3, 3, 3, 3, 3, 3, 3, 3, 3, 3, 3, 3, 0, 0], [0, 3, 3, 3, 3, 3, 3, 3, 3, 3, 3, 3, 3, 3, 3, 3, 0, 0], [0, 3, 3, 3, 3, 3, 3, 3, 3, 3, 3, 3, 3, 3, 3, 3, 0, 0], [0, 3, 3, 3, 3, 3, 3, 3, 3, 3, 3, 3, 3, 3, 3, 3, 0, 0], [0, 3, 3, 3, 3, 3, 3, 3, 3, 3, 3, 3, 3, 3, 3, 3, 0, 0], [0, 3, 3, 3, 3, 3, 3, 3, 3, 3, 3, 3, 3, 3, 3, 3, 0, 0], [0, 0, 0, 0, 0, 0, 0, 0, 0, 0, 0, 0, 0, 0, 0, 0, 0, 0], [0, 0, 0, 0, 0, 0, 0, 0, 0, 0, 0, 0, 0, 0, 0, 0, 0, 0]], "output": [[3, 3, 3, 3, 3, 3, 3, 8, 3, 3, 3, 3, 3, 3, 3], [3, 3, 3, 3, 3, 3, 8, 8, 8, 3, 3, 3, 3, 3, 3], [3, 3, 3, 3, 3, 3, 3, 8, 3, 3, 3, 3, 3, 3, 3], [3, 8, 3, 3, 3, 3, 3, 3, 3, 3, 3, 3, 3, 8, 3], [8, 8, 8, 3, 3, 3, 3, 3, 3, 3, 3, 3, 8, 8, 8], [3, 8, 3, 3, 3, 3, 3, 3, 3, 3, 3, 3, 3, 8, 3], [3, 3, 3, 3, 3, 3, 3, 8, 3, 3, 3, 3, 3, 3, 3], [3, 3, 3, 3, 3, 3, 8, 8, 8, 3, 3, 3, 3, 3, 3], [3, 3, 3, 3, 3, 3, 3, 8, 3, 3, 3, 3, 3, 3, 3]]}, {"input": [[0, 0, 0, 0, 0, 0, 0, 0, 0, 0, 0, 0, 0, 0, 0, 0, 0, 0], [0, 2, 8, 2, 2, 0, 1, 1, 8, 8, 1, 1, 1, 1, 0, 0, 0, 0], [0, 8, 8, 2, 2, 0, 1, 1, 8, 8, 1, 1, 1, 1, 0, 0, 0, 0], [0, 2, 8, 8, 8, 0, 8, 8, 1, 1, 1, 1, 8, 8, 0, 0, 0, 0], [0, 2, 8, 2, 2, 0, 8, 8, 1, 1, 1, 1, 8, 8, 0, 0, 0, 0], [0, 0, 0, 0, 0, 0, 0, 0, 0, 0, 0, 0, 0, 0, 0, 0, 0, 0], [0, 1, 1, 1, 1, 1, 1, 1, 1, 1, 1, 1, 1, 1, 1, 1, 1, 0], [0, 1, 1, 1, 1, 1, 1, 1, 1, 1, 1, 1, 1, 1, 1, 1, 1, 0], [0, 1, 1, 1, 1, 1, 1, 1, 1, 1, 1, 1, 1, 1, 1, 1, 1, 0], [0, 1, 1, 1, 1, 1, 1, 1, 1, 1, 1, 1, 1, 1, 1, 1, 1, 0], [0, 1, 1, 1, 1, 1, 1, 1, 1, 1, 1, 1, 1, 1, 1, 1, 1, 0], [0, 1, 1, 1, 1, 1, 1, 1, 1, 1, 1, 1, 1, 1, 1, 1, 1, 0], [0, 1, 1, 1, 1, 1, 1, 1, 1, 1, 1, 1, 1, 1, 1, 1, 1, 0], [0, 1, 1, 1, 1, 1, 1, 1, 1, 1, 1, 1, 1, 1, 1, 1, 1, 0], [0, 0, 0, 0, 0, 0, 0, 0, 0, 0, 0, 0, 0, 0, 0, 0, 0, 0], [0, 0, 0, 0, 0, 0, 0, 0, 0, 0, 0, 0, 0, 0, 0, 0, 0, 0], [0, 0, 0, 0, 0, 0, 0, 0, 0, 0, 0, 0, 0, 0, 0, 0, 0, 0]], "output": [[1, 1, 1, 1, 1, 8, 1, 1, 1, 1, 1, 1, 1, 1, 1, 1], [1, 1, 1, 1, 8, 8, 1, 1, 1, 1, 1, 1, 1, 1, 1, 1], [1, 1, 1, 1, 1, 8, 8, 8, 1, 1, 1, 1, 1, 1, 1, 1], [1, 1, 1, 1, 1, 8, 1, 1, 1, 1, 1, 1, 1, 1, 1, 1], [1, 8, 1, 1, 1, 1, 1, 1, 1, 1, 1, 1, 1, 8, 1, 1], [8, 8, 1, 1, 1, 1, 1, 1, 1, 1, 1, 1, 8, 8, 1, 1], [1, 8, 8, 8, 1, 1, 1, 1, 1, 1, 1, 1, 1, 8, 8, 8], [1, 8, 1, 1, 1, 1, 1, 1, 1, 1, 1, 1, 1, 8, 1, 1]]}, {"input": [[0, 0, 0, 0, 0, 0, 0, 0, 0, 0, 0, 0, 0, 0, 0], [2, 8, 2, 0, 4, 4, 8, 8, 4, 4, 0, 0, 0, 0, 0], [8, 2, 2, 0, 4, 4, 8, 8, 4, 4, 0, 0, 0, 0, 0], [8, 8, 8, 0, 8, 8, 4, 4, 8, 8, 0, 0, 0, 0, 0], [0, 0, 0, 0, 8, 8, 4, 4, 8, 8, 0, 0, 0, 0, 0], [0, 0, 0, 0, 0, 0, 0, 0, 0, 0, 0, 0, 0, 0, 0], [0, 0, 0, 4, 4, 4, 4, 4, 4, 4, 4, 4, 0, 0, 0], [0, 0, 0, 4, 4, 4, 4, 4, 4, 4, 4, 4, 0, 0, 0], [0, 0, 0, 4, 4, 4, 4, 4, 4, 4, 4, 4, 0, 0, 0], [0, 0, 0, 4, 4, 4, 4, 4, 4, 4, 4, 4, 0, 0, 0], [0, 0, 0, 4, 4, 4, 4, 4, 4, 4, 4, 4, 0, 0, 0], [0, 0, 0, 4, 4, 4, 4, 4, 4, 4, 4, 4, 0, 0, 0], [0, 0, 0, 0, 0, 0, 0, 0, 0, 0, 0, 0, 0, 0, 0], [0, 0, 0, 0, 0, 0, 0, 0, 0, 0, 0, 0, 0, 0, 0], [0, 0, 0, 0, 0, 0, 0, 0, 0, 0, 0, 0, 0, 0, 0]], "output": [[4, 4, 4, 4, 8, 4, 4, 4, 4], [4, 4, 4, 8, 4, 4, 4, 4, 4], [4, 4, 4, 8, 8, 8, 4, 4, 4], [4, 8, 4, 4, 4, 4, 4, 8, 4], [8, 4, 4, 4, 4, 4, 8, 4, 4], [8, 8, 8, 4, 4, 4, 8, 8, 8]]}], "test": [{"input": [[0, 0, 0, 0, 0, 0, 0, 0, 0, 0, 0, 0, 0, 0, 0, 0, 0, 0, 0, 0, 0, 0, 0, 0, 0, 0, 0], [0, 2, 8, 2, 8, 0, 1, 8, 1, 1, 8, 1, 0, 0, 0, 0, 0, 0, 0, 0, 0, 0, 0, 0, 0, 0, 0], [0, 8, 8, 2, 2, 0, 8, 1, 1, 1, 1, 8, 0, 0, 0, 0, 0, 0, 0, 0, 0, 0, 0, 0, 0, 0, 0], [0, 2, 2, 8, 8, 0, 1, 8, 1, 1, 8, 1, 0, 0, 0, 0, 0, 0, 0, 0, 0, 0, 0, 0, 0, 0, 0], [0, 8, 2, 8, 8, 0, 0, 0, 0, 0, 0, 0, 0, 0, 0, 0, 0, 0, 0, 0, 0, 0, 0, 0, 0, 0, 0], [0, 0, 0, 0, 0, 0, 0, 0, 0, 0, 0, 0, 0, 0, 0, 0, 0, 0, 0, 0, 0, 0, 0, 0, 0, 0, 0], [0, 1, 1, 1, 1, 1, 1, 1, 1, 1, 1, 1, 1, 1, 1, 1, 1, 1, 1, 1, 1, 1, 1, 1, 1, 0, 0], [0, 1, 1, 1, 1, 1, 1, 1, 1, 1, 1, 1, 1, 1, 1, 1, 1, 1, 1, 1, 1, 1, 1, 1, 1, 0, 0], [0, 1, 1, 1, 1, 1, 1, 1, 1, 1, 1, 1, 1, 1, 1, 1, 1, 1, 1, 1, 1, 1, 1, 1, 1, 0, 0], [0, 1, 1, 1, 1, 1, 1, 1, 1, 1, 1, 1, 1, 1, 1, 1, 1, 1, 1, 1, 1, 1, 1, 1, 1, 0, 0], [0, 1, 1, 1, 1, 1, 1, 1, 1, 1, 1, 1, 1, 1, 1, 1, 1, 1, 1, 1, 1, 1, 1, 1, 1, 0, 0], [0, 1, 1, 1, 1, 1, 1, 1, 1, 1, 1, 1, 1, 1, 1, 1, 1, 1, 1, 1, 1, 1, 1, 1, 1, 0, 0], [0, 1, 1, 1, 1, 1, 1, 1, 1, 1, 1, 1, 1, 1, 1, 1, 1, 1, 1, 1, 1, 1, 1, 1, 1, 0, 0], [0, 1, 1, 1, 1, 1, 1, 1, 1, 1, 1, 1, 1, 1, 1, 1, 1, 1, 1, 1, 1, 1, 1, 1, 1, 0, 0], [0, 1, 1, 1, 1, 1, 1, 1, 1, 1, 1, 1, 1, 1, 1, 1, 1, 1, 1, 1, 1, 1, 1, 1, 1, 0, 0], [0, 1, 1, 1, 1, 1, 1, 1, 1, 1, 1, 1, 1, 1, 1, 1, 1, 1, 1, 1, 1, 1, 1, 1, 1, 0, 0], [0, 1, 1, 1, 1, 1, 1, 1, 1, 1, 1, 1, 1, 1, 1, 1, 1, 1, 1, 1, 1, 1, 1, 1, 1, 0, 0], [0, 1, 1, 1, 1, 1, 1, 1, 1, 1, 1, 1, 1, 1, 1, 1, 1, 1, 1, 1, 1, 1, 1, 1, 1, 0, 0], [0, 0, 0, 0, 0, 0, 0, 0, 0, 0, 0, 0, 0, 0, 0, 0, 0, 0, 0, 0, 0, 0, 0, 0, 0, 0, 0]], "output": [[1, 1, 1, 1, 1, 8, 1, 8, 1, 1, 1, 1, 1, 1, 1, 1, 1, 8, 1, 8, 1, 1, 1, 1], [1, 1, 1, 1, 8, 8, 1, 1, 1, 1, 1, 1, 1, 1, 1, 1, 8, 8, 1, 1, 1, 1, 1, 1], [1, 1, 1, 1, 1, 1, 8, 8, 1, 1, 1, 1, 1, 1, 1, 1, 1, 1, 8, 8, 1, 1, 1, 1], [1, 1, 1, 1, 8, 1, 8, 8, 1, 1, 1, 1, 1, 1, 1, 1, 8, 1, 8, 8, 1, 1, 1, 1], [1, 8, 1, 8, 1, 1, 1, 1, 1, 1, 1, 1, 1, 1, 1, 1, 1, 1, 1, 1, 1, 8, 1, 8], [8, 8, 1, 1, 1, 1, 1, 1, 1, 1, 1, 1, 1, 1, 1, 1, 1, 1, 1, 1, 8, 8, 1, 1], [1, 1, 8, 8, 1, 1, 1, 1, 1, 1, 1, 1, 1, 1, 1, 1, 1, 1, 1, 1, 1, 1, 8, 8], [8, 1, 8, 8, 1, 1, 1, 1, 1, 1, 1, 1, 1, 1, 1, 1, 1, 1, 1, 1, 8, 1, 8, 8], [1, 1, 1, 1, 1, 8, 1, 8, 1, 1, 1, 1, 1, 1, 1, 1, 1, 8, 1, 8, 1, 1, 1, 1], [1, 1, 1, 1, 8, 8, 1, 1, 1, 1, 1, 1, 1, 1, 1, 1, 8, 8, 1, 1, 1, 1, 1, 1], [1, 1, 1, 1, 1, 1, 8, 8, 1, 1, 1, 1, 1, 1, 1, 1, 1, 1, 8, 8, 1, 1, 1, 1], [1, 1, 1, 1, 8, 1, 8, 8, 1, 1, 1, 1, 1, 1, 1, 1, 8, 1, 8, 8, 1, 1, 1, 1]]}]}