{"train": [{"input": [[3, 7, 4, 7, 7, 7, 7], [7, 3, 4, 7, 7, 7, 7], [4, 4, 4, 7, 7, 7, 7], [7, 7, 7, 7, 7, 7, 7], [7, 7, 7, 7, 7, 7, 7], [7, 7, 7, 7, 7, 7, 7], [7, 7, 7, 7, 7, 7, 7]], "output": [[3, 7, 4, 7, 3, 7, 4], [7, 3, 7, 4, 7, 3, 7], [4, 7, 3, 7, 4, 7, 3], [7, 4, 7, 3, 7, 4, 7], [3, 7, 4, 7, 3, 7, 4], [7, 3, 7, 4, 7, 3, 7], [4, 7, 3, 7, 4, 7, 3]]}, {"input": [[2, 2, 7, 8, 7, 7, 7, 7, 7], [7, 2, 2, 8, 7, 7, 7, 7, 7], [2, 7, 7, 8, 7, 7, 7, 7, 7], [8, 8, 8, 8, 7, 7, 7, 7, 7], [7, 7, 7, 7, 7, 7, 7, 7, 7], [7, 7, 7, 7, 7, 7, 7, 7, 7], [7, 7, 7, 7, 7, 7, 7, 7, 7], [7, 7, 7, 7, 7, 7, 7, 7, 7], [7, 7, 7, 7, 7, 7, 7, 7, 7]], "output": [[2, 2, 7, 2, 2, 7, 8, 8, 7], [7, 2, 2, 7, 2, 2, 7, 8, 8], [2, 7, 7, 2, 7, 7, 8, 7, 7], [8, 8, 7, 2, 2, 7, 2, 2, 7], [7, 8, 8, 7, 2, 2, 7, 2, 2], [8, 7, 7, 2, 7, 7, 2, 7, 7], [2, 2, 7, 8, 8, 7, 8, 8, 7], [7, 2, 2, 7, 8, 8, 7, 8, 8], [2, 7, 7, 8, 7, 7, 8, 7, 7]]}, {"input": [[9, 7, 0, 7, 7, 7, 7, 7], [7, 7, 0, 7, 7, 7, 7, 7], [7, 9, 0, 7, 7, 7, 7, 7], [0, 0, 0, 7, 7, 7, 7, 7], [7, 7, 7, 7, 7, 7, 7, 7], [7, 7, 7, 7, 7, 7, 7, 7], [7, 7, 7, 7, 7, 7, 7, 7], [7, 7, 7, 7, 7, 7, 7, 7], [7, 7, 7, 7, 7, 7, 7, 7], [7, 7, 7, 7, 7, 7, 7, 7], [7, 7, 7, 7, 7, 7, 7, 7], [7, 7, 7, 7, 7, 7, 7, 7]], "output": [[9, 7, 0, 7, 9, 7, 0, 7], [7, 7, 7, 7, 7, 7, 7, 7], [7, 9, 7, 0, 7, 9, 7, 0], [0, 7, 0, 7, 0, 7, 0, 7], [7, 7, 7, 7, 7, 7, 7, 7], [7, 0, 7, 0, 7, 0, 7, 0], [0, 7, 9, 7, 0, 7, 9, 7], [7, 7, 7, 7, 7, 7, 7, 7], [7, 0, 7, 9, 7, 0, 7, 9], [9, 7, 0, 7, 9, 7, 0, 7], [7, 7, 7, 7, 7, 7, 7, 7], [7, 9, 7, 0, 7, 9, 7, 0]]}], "test": [{"input": [[4, 7, 4, 5, 7, 7, 7, 7, 7, 7, 7, 7, 7, 7, 7, 7], [4, 4, 7, 5, 7, 7, 7, 7, 7, 7, 7, 7, 7, 7, 7, 7], [4, 7, 4, 5, 7, 7, 7, 7, 7, 7, 7, 7, 7, 7, 7, 7], [5, 5, 5, 5, 7, 7, 7, 7, 7, 7, 7, 7, 7, 7, 7, 7], [7, 7, 7, 7, 7, 7, 7, 7, 7, 7, 7, 7, 7, 7, 7, 7], [7, 7, 7, 7, 7, 7, 7, 7, 7, 7, 7, 7, 7, 7, 7, 7], [7, 7, 7, 7, 7, 7, 7, 7, 7, 7, 7, 7, 7, 7, 7, 7], [7, 7, 7, 7, 7, 7, 7, 7, 7, 7, 7, 7, 7, 7, 7, 7], [7, 7, 7, 7, 7, 7, 7, 7, 7, 7, 7, 7, 7, 7, 7, 7], [7, 7, 7, 7, 7, 7, 7, 7, 7, 7, 7, 7, 7, 7, 7, 7], [7, 7, 7, 7, 7, 7, 7, 7, 7, 7, 7, 7, 7, 7, 7, 7], [7, 7, 7, 7, 7, 7, 7, 7, 7, 7, 7, 7, 7, 7, 7, 7], [7, 7, 7, 7, 7, 7, 7, 7, 7, 7, 7, 7, 7, 7, 7, 7], [7, 7, 7, 7, 7, 7, 7, 7, 7, 7, 7, 7, 7, 7, 7, 7], [7, 7, 7, 7, 7, 7, 7, 7, 7, 7, 7, 7, 7, 7, 7, 7], [7, 7, 7, 7, 7, 7, 7, 7, 7, 7, 7, 7, 7, 7, 7, 7]], "output": [[4, 7, 4, 5, 7, 5, 4, 7, 4, 4, 7, 4, 5, 7, 5, 4], [4, 4, 7, 5, 5, 7, 4, 4, 7, 4, 4, 7, 5, 5, 7, 4], [4, 7, 4, 5, 7, 5, 4, 7, 4, 4, 7, 4, 5, 7, 5, 4], [4, 7, 4, 4, 7, 4, 5, 7, 5, 4, 7, 4, 4, 7, 4, 5], [4, 4, 7, 4, 4, 7, 5, 5, 7, 4, 4, 7, 4, 4, 7, 5], [4, 7, 4, 4, 7, 4, 5, 7, 5, 4, 7, 4, 4, 7, 4, 5], [4, 7, 4, 5, 7, 5, 4, 7, 4, 4, 7, 4, 5, 7, 5, 4], [4, 4, 7, 5, 5, 7, 4, 4, 7, 4, 4, 7, 5, 5, 7, 4], [4, 7, 4, 5, 7, 5, 4, 7, 4, 4, 7, 4, 5, 7, 5, 4], [4, 7, 4, 5, 7, 5, 4, 7, 4, 4, 7, 4, 5, 7, 5, 4], [4, 4, 7, 5, 5, 7, 4, 4, 7, 4, 4, 7, 5, 5, 7, 4], [4, 7, 4, 5, 7, 5, 4, 7, 4, 4, 7, 4, 5, 7, 5, 4], [4, 7, 4, 4, 7, 4, 5, 7, 5, 4, 7, 4, 4, 7, 4, 5], [4, 4, 7, 4, 4, 7, 5, 5, 7, 4, 4, 7, 4, 4, 7, 5], [4, 7, 4, 4, 7, 4, 5, 7, 5, 4, 7, 4, 4, 7, 4, 5], [4, 7, 4, 5, 7, 5, 4, 7, 4, 4, 7, 4, 5, 7, 5, 4]]}]}