{"train": [{"input": [[8, 8, 8], [5, 5, 7], [5, 7, 8]], "output": [[8, 8, 8, 8, 8, 8, 8, 8, 8, 8, 8, 8], [7, 5, 5, 5, 5, 7, 7, 5, 5, 5, 5, 7], [8, 7, 5, 5, 7, 8, 8, 7, 5, 5, 7, 8]]}, {"input": [[7, 7, 8], [5, 8, 8], [5, 8, 8]], "output": [[8, 7, 7, 7, 7, 8, 8, 7, 7, 7, 7, 8], [8, 8, 5, 5, 8, 8, 8, 8, 5, 5, 8, 8], [8, 8, 5, 5, 8, 8, 8, 8, 5, 5, 8, 8]]}, {"input": [[8, 8, 7], [7, 5, 5], [5, 7, 8]], "output": [[7, 8, 8, 8, 8, 7, 7, 8, 8, 8, 8, 7], [5, 5, 7, 7, 5, 5, 5, 5, 7, 7, 5, 5], [8, 7, 5, 5, 7, 8, 8, 7, 5, 5, 7, 8]]}, {"input": [[7, 5, 7], [5, 5, 7], [7, 7, 5]], "output": [[7, 5, 7, 7, 5, 7, 7, 5, 7, 7, 5, 7], [7, 5, 5, 5, 5, 7, 7, 5, 5, 5, 5, 7], [5, 7, 7, 7, 7, 5, 5, 7, 7, 7, 7, 5]]}], "test": [{"input": [[8, 5, 7], [5, 7, 5], [8, 8, 5]], "output": [[7, 5, 8, 8, 5, 7, 7, 5, 8, 8, 5, 7], [5, 7, 5, 5, 7, 5, 5, 7, 5, 5, 7, 5], [5, 8, 8, 8, 8, 5, 5, 8, 8, 8, 8, 5]]}]}