{"train": [{"input": [[6, 6, 6, 6, 6, 6, 6, 6, 0, 4, 4, 4, 4, 4, 4, 4, 4], [6, 6, 6, 6, 6, 6, 6, 6, 0, 4, 4, 4, 4, 4, 4, 4, 4], [6, 6, 4, 6, 6, 4, 6, 6, 0, 4, 4, 8, 8, 4, 8, 4, 4], [6, 6, 4, 4, 4, 4, 6, 6, 0, 4, 4, 4, 8, 4, 8, 4, 4], [6, 6, 6, 6, 6, 6, 6, 6, 0, 4, 4, 4, 8, 8, 8, 4, 4], [6, 6, 6, 6, 6, 6, 6, 6, 0, 4, 4, 4, 4, 4, 4, 4, 4], [6, 6, 6, 6, 6, 6, 6, 6, 0, 4, 4, 4, 4, 4, 4, 4, 4], [0, 0, 0, 0, 0, 0, 0, 0, 0, 0, 0, 0, 0, 0, 0, 0, 0], [0, 0, 0, 0, 0, 0, 0, 0, 0, 0, 0, 0, 0, 0, 0, 0, 0], [2, 2, 2, 2, 2, 2, 2, 2, 0, 2, 2, 2, 2, 2, 2, 2, 2], [2, 2, 2, 3, 3, 3, 2, 2, 0, 2, 2, 1, 1, 1, 2, 2, 2], [2, 2, 3, 3, 2, 2, 2, 2, 0, 2, 2, 1, 2, 1, 2, 2, 2], [2, 2, 2, 3, 2, 2, 2, 2, 0, 2, 2, 1, 2, 1, 2, 2, 2], [2, 2, 2, 3, 3, 2, 2, 2, 0, 2, 2, 2, 1, 1, 1, 2, 2], [2, 2, 2, 2, 2, 2, 2, 2, 0, 2, 2, 2, 1, 2, 2, 2, 2], [2, 2, 2, 2, 2, 2, 2, 2, 0, 2, 2, 2, 2, 2, 2, 2, 2], [0, 0, 0, 0, 0, 0, 0, 0, 0, 0, 0, 0, 0, 0, 0, 0, 0], [0, 0, 0, 0, 0, 0, 0, 0, 0, 0, 0, 0, 0, 0, 0, 0, 0], [3, 3, 3, 3, 3, 3, 3, 3, 0, 1, 1, 1, 1, 1, 1, 1, 1], [3, 3, 3, 2, 3, 3, 3, 3, 0, 1, 4, 4, 1, 1, 1, 1, 1], [3, 3, 2, 2, 3, 3, 3, 3, 0, 1, 1, 4, 4, 1, 1, 1, 1], [3, 3, 3, 2, 3, 3, 3, 3, 0, 1, 1, 1, 4, 1, 1, 1, 1], [3, 3, 3, 2, 3, 3, 3, 3, 0, 1, 1, 1, 4, 1, 1, 1, 1], [3, 3, 2, 2, 2, 2, 3, 3, 0, 1, 1, 1, 4, 4, 4, 1, 1], [3, 3, 3, 3, 3, 3, 3, 3, 0, 1, 1, 1, 1, 1, 1, 1, 1]], "output": [[6, 6, 6, 6, 6, 6, 6, 6, 0, 4, 4, 4, 4, 4, 4, 4, 4], [6, 6, 6, 6, 6, 6, 6, 6, 0, 4, 4, 4, 4, 4, 4, 4, 4], [6, 6, 4, 4, 6, 4, 6, 6, 0, 4, 4, 6, 4, 4, 6, 4, 4], [6, 6, 6, 4, 6, 4, 6, 6, 0, 4, 4, 6, 6, 6, 6, 4, 4], [6, 6, 6, 4, 4, 4, 6, 6, 0, 4, 4, 4, 4, 4, 4, 4, 4], [6, 6, 6, 6, 6, 6, 6, 6, 0, 4, 4, 4, 4, 4, 4, 4, 4], [6, 6, 6, 6, 6, 6, 6, 6, 0, 4, 4, 4, 4, 4, 4, 4, 4], [0, 0, 0, 0, 0, 0, 0, 0, 0, 0, 0, 0, 0, 0, 0, 0, 0], [0, 0, 0, 0, 0, 0, 0, 0, 0, 0, 0, 0, 0, 0, 0, 0, 0], [2, 2, 2, 2, 2, 2, 2, 2, 0, 2, 2, 2, 2, 2, 2, 2, 2], [2, 2, 2, 2, 2, 2, 2, 2, 0, 2, 2, 2, 2, 2, 2, 2, 2], [2, 2, 2, 2, 2, 2, 2, 2, 0, 2, 2, 2, 2, 2, 2, 2, 2], [2, 2, 2, 2, 2, 2, 2, 2, 0, 2, 2, 2, 2, 2, 2, 2, 2], [2, 2, 2, 2, 2, 2, 2, 2, 0, 2, 2, 2, 2, 2, 2, 2, 2], [2, 2, 2, 2, 2, 2, 2, 2, 0, 2, 2, 2, 2, 2, 2, 2, 2], [2, 2, 2, 2, 2, 2, 2, 2, 0, 2, 2, 2, 2, 2, 2, 2, 2], [0, 0, 0, 0, 0, 0, 0, 0, 0, 0, 0, 0, 0, 0, 0, 0, 0], [0, 0, 0, 0, 0, 0, 0, 0, 0, 0, 0, 0, 0, 0, 0, 0, 0], [3, 3, 3, 3, 3, 3, 3, 3, 0, 1, 1, 1, 1, 1, 1, 1, 1], [3, 1, 1, 3, 3, 3, 3, 3, 0, 1, 1, 1, 3, 1, 1, 1, 1], [3, 3, 1, 1, 3, 3, 3, 3, 0, 1, 1, 3, 3, 1, 1, 1, 1], [3, 3, 3, 1, 3, 3, 3, 3, 0, 1, 1, 1, 3, 1, 1, 1, 1], [3, 3, 3, 1, 3, 3, 3, 3, 0, 1, 1, 1, 3, 1, 1, 1, 1], [3, 3, 3, 1, 1, 1, 3, 3, 0, 1, 1, 3, 3, 3, 3, 1, 1], [3, 3, 3, 3, 3, 3, 3, 3, 0, 1, 1, 1, 1, 1, 1, 1, 1]]}, {"input": [[8, 8, 8, 8, 8, 8, 8, 8, 0, 8, 8, 8, 8, 8, 8, 8, 8], [8, 8, 8, 8, 8, 8, 8, 8, 0, 8, 8, 8, 8, 8, 8, 8, 8], [8, 8, 1, 1, 1, 1, 8, 8, 0, 8, 8, 8, 8, 2, 8, 8, 8], [8, 1, 1, 8, 8, 8, 8, 8, 0, 8, 2, 2, 2, 2, 2, 2, 8], [8, 8, 1, 1, 8, 1, 8, 8, 0, 8, 8, 8, 8, 2, 8, 8, 8], [8, 8, 8, 8, 8, 8, 8, 8, 0, 8, 8, 8, 8, 8, 8, 8, 8], [8, 8, 8, 8, 8, 8, 8, 8, 0, 8, 8, 8, 8, 8, 8, 8, 8], [0, 0, 0, 0, 0, 0, 0, 0, 0, 0, 0, 0, 0, 0, 0, 0, 0], [0, 0, 0, 0, 0, 0, 0, 0, 0, 0, 0, 0, 0, 0, 0, 0, 0], [4, 4, 4, 4, 4, 4, 4, 4, 0, 8, 8, 8, 8, 8, 8, 8, 8], [4, 4, 1, 4, 4, 4, 4, 4, 0, 8, 8, 8, 3, 8, 8, 8, 8], [4, 4, 1, 4, 1, 4, 4, 4, 0, 8, 3, 3, 3, 8, 8, 8, 8], [4, 4, 1, 1, 1, 4, 4, 4, 0, 8, 8, 8, 3, 8, 8, 8, 8], [4, 4, 4, 4, 1, 1, 4, 4, 0, 8, 8, 8, 3, 3, 8, 8, 8], [4, 4, 4, 4, 4, 4, 4, 4, 0, 8, 8, 8, 8, 8, 8, 8, 8], [4, 4, 4, 4, 4, 4, 4, 4, 0, 8, 8, 8, 8, 8, 8, 8, 8], [0, 0, 0, 0, 0, 0, 0, 0, 0, 0, 0, 0, 0, 0, 0, 0, 0], [0, 0, 0, 0, 0, 0, 0, 0, 0, 0, 0, 0, 0, 0, 0, 0, 0], [4, 4, 4, 4, 4, 4, 4, 4, 0, 2, 2, 2, 2, 2, 2, 2, 2], [4, 4, 2, 4, 2, 4, 4, 4, 0, 2, 2, 8, 8, 2, 2, 2, 2], [4, 4, 2, 2, 4, 4, 4, 4, 0, 2, 2, 2, 8, 2, 2, 2, 2], [4, 4, 4, 2, 2, 4, 4, 4, 0, 2, 2, 2, 8, 8, 8, 2, 2], [4, 4, 4, 2, 4, 4, 4, 4, 0, 2, 2, 2, 2, 8, 8, 2, 2], [4, 4, 4, 4, 4, 4, 4, 4, 0, 2, 2, 2, 2, 2, 2, 2, 2], [4, 4, 4, 4, 4, 4, 4, 4, 0, 2, 2, 2, 2, 2, 2, 2, 2]], "output": [[8, 8, 8, 8, 8, 8, 8, 8, 0, 8, 8, 8, 8, 8, 8, 8, 8], [8, 8, 8, 8, 8, 8, 8, 8, 0, 8, 8, 8, 8, 8, 8, 8, 8], [8, 8, 8, 8, 8, 8, 8, 8, 0, 8, 8, 8, 8, 8, 8, 8, 8], [8, 8, 8, 8, 8, 8, 8, 8, 0, 8, 8, 8, 8, 8, 8, 8, 8], [8, 8, 8, 8, 8, 8, 8, 8, 0, 8, 8, 8, 8, 8, 8, 8, 8], [8, 8, 8, 8, 8, 8, 8, 8, 0, 8, 8, 8, 8, 8, 8, 8, 8], [8, 8, 8, 8, 8, 8, 8, 8, 0, 8, 8, 8, 8, 8, 8, 8, 8], [0, 0, 0, 0, 0, 0, 0, 0, 0, 0, 0, 0, 0, 0, 0, 0, 0], [0, 0, 0, 0, 0, 0, 0, 0, 0, 0, 0, 0, 0, 0, 0, 0, 0], [4, 4, 4, 4, 4, 4, 4, 4, 0, 8, 8, 8, 8, 8, 8, 8, 8], [4, 4, 4, 8, 4, 4, 4, 4, 0, 8, 8, 4, 8, 8, 8, 8, 8], [4, 8, 8, 8, 4, 4, 4, 4, 0, 8, 8, 4, 8, 4, 8, 8, 8], [4, 4, 4, 8, 4, 4, 4, 4, 0, 8, 8, 4, 4, 4, 8, 8, 8], [4, 4, 4, 8, 8, 4, 4, 4, 0, 8, 8, 8, 8, 4, 4, 8, 8], [4, 4, 4, 4, 4, 4, 4, 4, 0, 8, 8, 8, 8, 8, 8, 8, 8], [4, 4, 4, 4, 4, 4, 4, 4, 0, 8, 8, 8, 8, 8, 8, 8, 8], [0, 0, 0, 0, 0, 0, 0, 0, 0, 0, 0, 0, 0, 0, 0, 0, 0], [0, 0, 0, 0, 0, 0, 0, 0, 0, 0, 0, 0, 0, 0, 0, 0, 0], [4, 4, 4, 4, 4, 4, 4, 4, 0, 2, 2, 2, 2, 2, 2, 2, 2], [4, 4, 2, 2, 4, 4, 4, 4, 0, 2, 2, 4, 2, 4, 2, 2, 2], [4, 4, 4, 2, 4, 4, 4, 4, 0, 2, 2, 4, 4, 2, 2, 2, 2], [4, 4, 4, 2, 2, 2, 4, 4, 0, 2, 2, 2, 4, 4, 2, 2, 2], [4, 4, 4, 4, 2, 2, 4, 4, 0, 2, 2, 2, 4, 2, 2, 2, 2], [4, 4, 4, 4, 4, 4, 4, 4, 0, 2, 2, 2, 2, 2, 2, 2, 2], [4, 4, 4, 4, 4, 4, 4, 4, 0, 2, 2, 2, 2, 2, 2, 2, 2]]}, {"input": [[2, 2, 2, 2, 2, 2, 2, 2, 0, 4, 4, 4, 4, 4, 4, 4, 4], [2, 2, 2, 2, 2, 2, 2, 2, 0, 4, 4, 4, 4, 4, 4, 4, 4], [2, 2, 2, 1, 2, 2, 2, 2, 0, 4, 9, 4, 4, 4, 4, 4, 4], [2, 1, 1, 1, 2, 2, 2, 2, 0, 4, 9, 4, 4, 9, 4, 4, 4], [2, 2, 2, 1, 2, 2, 2, 2, 0, 4, 9, 4, 4, 9, 4, 4, 4], [2, 2, 2, 1, 2, 2, 2, 2, 0, 4, 9, 9, 9, 9, 9, 9, 4], [2, 2, 2, 1, 1, 1, 1, 2, 0, 4, 4, 4, 4, 9, 4, 4, 4], [2, 2, 2, 2, 2, 2, 2, 2, 0, 4, 4, 4, 4, 4, 4, 4, 4], [0, 0, 0, 0, 0, 0, 0, 0, 0, 0, 0, 0, 0, 0, 0, 0, 0], [0, 0, 0, 0, 0, 0, 0, 0, 0, 0, 0, 0, 0, 0, 0, 0, 0], [3, 3, 3, 3, 3, 3, 3, 3, 0, 8, 8, 8, 8, 8, 8, 8, 8], [3, 4, 4, 4, 3, 3, 3, 3, 0, 8, 8, 8, 6, 6, 8, 8, 8], [3, 3, 3, 4, 3, 3, 3, 3, 0, 8, 8, 8, 8, 6, 8, 6, 8], [3, 3, 4, 4, 4, 3, 3, 3, 0, 8, 8, 8, 8, 6, 6, 6, 8], [3, 3, 3, 4, 3, 3, 3, 3, 0, 8, 8, 8, 8, 8, 8, 6, 8], [3, 3, 3, 3, 3, 3, 3, 3, 0, 8, 8, 8, 8, 8, 8, 6, 8], [3, 3, 3, 3, 3, 3, 3, 3, 0, 8, 8, 8, 8, 8, 8, 6, 8], [3, 3, 3, 3, 3, 3, 3, 3, 0, 8, 8, 8, 8, 8, 8, 8, 8]], "output": [[2, 2, 2, 2, 2, 2, 2, 2, 0, 4, 4, 4, 4, 4, 4, 4, 4], [2, 2, 2, 2, 2, 2, 2, 2, 0, 4, 4, 4, 4, 4, 4, 4, 4], [2, 4, 2, 2, 2, 2, 2, 2, 0, 4, 4, 4, 2, 4, 4, 4, 4], [2, 4, 2, 2, 4, 2, 2, 2, 0, 4, 2, 2, 2, 4, 4, 4, 4], [2, 4, 2, 2, 4, 2, 2, 2, 0, 4, 4, 4, 2, 4, 4, 4, 4], [2, 4, 4, 4, 4, 4, 4, 2, 0, 4, 4, 4, 2, 4, 4, 4, 4], [2, 2, 2, 2, 4, 2, 2, 2, 0, 4, 4, 4, 2, 2, 2, 2, 4], [2, 2, 2, 2, 2, 2, 2, 2, 0, 4, 4, 4, 4, 4, 4, 4, 4], [0, 0, 0, 0, 0, 0, 0, 0, 0, 0, 0, 0, 0, 0, 0, 0, 0], [0, 0, 0, 0, 0, 0, 0, 0, 0, 0, 0, 0, 0, 0, 0, 0, 0], [3, 3, 3, 3, 3, 3, 3, 3, 0, 8, 8, 8, 8, 8, 8, 8, 8], [3, 3, 3, 8, 8, 3, 3, 3, 0, 8, 3, 3, 3, 8, 8, 8, 8], [3, 3, 3, 3, 8, 3, 8, 3, 0, 8, 8, 8, 3, 8, 8, 8, 8], [3, 3, 3, 3, 8, 8, 8, 3, 0, 8, 8, 3, 3, 3, 8, 8, 8], [3, 3, 3, 3, 3, 3, 8, 3, 0, 8, 8, 8, 3, 8, 8, 8, 8], [3, 3, 3, 3, 3, 3, 8, 3, 0, 8, 8, 8, 8, 8, 8, 8, 8], [3, 3, 3, 3, 3, 3, 8, 3, 0, 8, 8, 8, 8, 8, 8, 8, 8], [3, 3, 3, 3, 3, 3, 3, 3, 0, 8, 8, 8, 8, 8, 8, 8, 8]]}], "test": [{"input": [[8, 8, 8, 8, 8, 8, 8, 0, 0, 4, 4, 4, 4, 4, 4, 4], [8, 1, 8, 1, 1, 1, 8, 0, 0, 4, 7, 7, 4, 4, 7, 4], [8, 1, 1, 1, 8, 8, 8, 0, 0, 4, 4, 7, 7, 7, 7, 4], [8, 1, 8, 1, 1, 1, 8, 0, 0, 4, 4, 4, 4, 4, 7, 4], [8, 1, 8, 8, 8, 1, 8, 0, 0, 4, 4, 4, 4, 4, 7, 4], [8, 8, 8, 8, 8, 8, 8, 0, 0, 4, 4, 4, 4, 4, 4, 4], [0, 0, 0, 0, 0, 0, 0, 0, 0, 0, 0, 0, 0, 0, 0, 0], [0, 0, 0, 0, 0, 0, 0, 0, 0, 0, 0, 0, 0, 0, 0, 0], [2, 2, 2, 2, 2, 2, 2, 0, 0, 3, 3, 3, 3, 3, 3, 3], [2, 8, 8, 2, 2, 2, 2, 0, 0, 3, 9, 9, 9, 9, 9, 3], [2, 2, 8, 2, 2, 2, 2, 0, 0, 3, 3, 3, 3, 3, 9, 3], [2, 2, 8, 8, 8, 8, 2, 0, 0, 3, 3, 3, 3, 3, 9, 3], [2, 2, 8, 2, 2, 2, 2, 0, 0, 3, 9, 9, 9, 9, 9, 3], [2, 2, 2, 2, 2, 2, 2, 0, 0, 3, 3, 3, 3, 3, 3, 3], [0, 0, 0, 0, 0, 0, 0, 0, 0, 0, 0, 0, 0, 0, 0, 0], [0, 0, 0, 0, 0, 0, 0, 0, 0, 0, 0, 0, 0, 0, 0, 0], [4, 4, 4, 4, 4, 4, 4, 0, 0, 9, 9, 9, 9, 9, 9, 9], [4, 6, 6, 4, 4, 6, 4, 0, 0, 9, 1, 9, 9, 9, 1, 9], [4, 6, 4, 4, 4, 4, 4, 0, 0, 9, 1, 1, 1, 1, 1, 9], [4, 4, 4, 4, 4, 6, 4, 0, 0, 9, 9, 9, 1, 9, 9, 9], [4, 6, 4, 4, 6, 6, 4, 0, 0, 9, 9, 9, 1, 9, 9, 9], [4, 4, 4, 4, 4, 4, 4, 0, 0, 9, 9, 9, 9, 9, 9, 9], [0, 0, 0, 0, 0, 0, 0, 0, 0, 0, 0, 0, 0, 0, 0, 0], [0, 0, 0, 0, 0, 0, 0, 0, 0, 0, 0, 0, 0, 0, 0, 0], [1, 1, 1, 1, 1, 1, 1, 0, 0, 1, 1, 1, 1, 1, 1, 1], [1, 1, 3, 1, 1, 1, 1, 0, 0, 1, 5, 5, 5, 1, 1, 1], [1, 1, 3, 1, 1, 1, 1, 0, 0, 1, 1, 5, 1, 1, 5, 1], [1, 3, 3, 3, 3, 3, 1, 0, 0, 1, 1, 5, 1, 1, 5, 1], [1, 1, 3, 1, 1, 3, 1, 0, 0, 1, 5, 5, 5, 1, 1, 1], [1, 1, 1, 1, 1, 1, 1, 0, 0, 1, 1, 1, 1, 1, 1, 1]], "output": [[8, 8, 8, 8, 8, 8, 8, 0, 0, 4, 4, 4, 4, 4, 4, 4], [8, 4, 4, 8, 8, 4, 8, 0, 0, 4, 8, 4, 8, 8, 8, 4], [8, 8, 4, 4, 4, 4, 8, 0, 0, 4, 8, 8, 8, 4, 4, 4], [8, 8, 8, 8, 8, 4, 8, 0, 0, 4, 8, 4, 8, 8, 8, 4], [8, 8, 8, 8, 8, 4, 8, 0, 0, 4, 8, 4, 4, 4, 8, 4], [8, 8, 8, 8, 8, 8, 8, 0, 0, 4, 4, 4, 4, 4, 4, 4], [0, 0, 0, 0, 0, 0, 0, 0, 0, 0, 0, 0, 0, 0, 0, 0], [0, 0, 0, 0, 0, 0, 0, 0, 0, 0, 0, 0, 0, 0, 0, 0], [2, 2, 2, 2, 2, 2, 2, 0, 0, 3, 3, 3, 3, 3, 3, 3], [2, 3, 3, 3, 3, 3, 2, 0, 0, 3, 2, 2, 3, 3, 3, 3], [2, 2, 2, 2, 2, 3, 2, 0, 0, 3, 3, 2, 3, 3, 3, 3], [2, 2, 2, 2, 2, 3, 2, 0, 0, 3, 3, 2, 2, 2, 2, 3], [2, 3, 3, 3, 3, 3, 2, 0, 0, 3, 3, 2, 3, 3, 3, 3], [2, 2, 2, 2, 2, 2, 2, 0, 0, 3, 3, 3, 3, 3, 3, 3], [0, 0, 0, 0, 0, 0, 0, 0, 0, 0, 0, 0, 0, 0, 0, 0], [0, 0, 0, 0, 0, 0, 0, 0, 0, 0, 0, 0, 0, 0, 0, 0], [4, 4, 4, 4, 4, 4, 4, 0, 0, 9, 9, 9, 9, 9, 9, 9], [4, 9, 4, 4, 4, 9, 4, 0, 0, 9, 4, 4, 9, 9, 4, 9], [4, 9, 9, 9, 9, 9, 4, 0, 0, 9, 4, 9, 9, 9, 9, 9], [4, 4, 4, 9, 4, 4, 4, 0, 0, 9, 9, 9, 9, 9, 4, 9], [4, 4, 4, 9, 4, 4, 4, 0, 0, 9, 4, 9, 9, 4, 4, 9], [4, 4, 4, 4, 4, 4, 4, 0, 0, 9, 9, 9, 9, 9, 9, 9], [0, 0, 0, 0, 0, 0, 0, 0, 0, 0, 0, 0, 0, 0, 0, 0], [0, 0, 0, 0, 0, 0, 0, 0, 0, 0, 0, 0, 0, 0, 0, 0], [1, 1, 1, 1, 1, 1, 1, 0, 0, 1, 1, 1, 1, 1, 1, 1], [1, 1, 1, 1, 1, 1, 1, 0, 0, 1, 1, 1, 1, 1, 1, 1], [1, 1, 1, 1, 1, 1, 1, 0, 0, 1, 1, 1, 1, 1, 1, 1], [1, 1, 1, 1, 1, 1, 1, 0, 0, 1, 1, 1, 1, 1, 1, 1], [1, 1, 1, 1, 1, 1, 1, 0, 0, 1, 1, 1, 1, 1, 1, 1], [1, 1, 1, 1, 1, 1, 1, 0, 0, 1, 1, 1, 1, 1, 1, 1]]}]}