{"train": [{"input": [[0, 0, 0, 0, 0, 0, 0, 0, 0, 0, 0, 0, 0, 0, 0, 0, 0, 0, 0, 0], [0, 0, 0, 0, 0, 0, 0, 0, 0, 0, 0, 0, 0, 0, 0, 0, 0, 0, 0, 0], [0, 0, 0, 0, 3, 3, 3, 0, 0, 0, 0, 0, 4, 4, 0, 4, 4, 0, 0, 0], [0, 0, 0, 0, 3, 0, 3, 0, 0, 0, 0, 0, 0, 4, 0, 4, 0, 0, 0, 0], [0, 0, 0, 3, 3, 0, 3, 3, 0, 0, 0, 0, 0, 4, 4, 4, 0, 0, 0, 0], [0, 0, 0, 0, 3, 0, 3, 0, 0, 0, 0, 0, 0, 0, 4, 0, 0, 0, 0, 0], [0, 0, 0, 3, 3, 3, 3, 3, 0, 0, 0, 0, 0, 4, 4, 4, 0, 0, 0, 0], [0, 0, 0, 0, 0, 0, 0, 0, 0, 0, 0, 0, 0, 0, 0, 0, 0, 0, 0, 0], [0, 0, 0, 0, 0, 0, 0, 0, 0, 0, 0, 0, 0, 0, 0, 0, 0, 0, 0, 0], [0, 0, 0, 0, 0, 0, 0, 0, 0, 0, 0, 0, 0, 0, 0, 0, 0, 0, 0, 0], [0, 0, 0, 0, 0, 0, 0, 0, 0, 0, 0, 0, 0, 0, 0, 0, 0, 0, 0, 0], [0, 0, 0, 0, 0, 0, 0, 0, 4, 4, 0, 4, 4, 0, 0, 0, 0, 0, 0, 0], [0, 0, 0, 0, 0, 0, 0, 0, 0, 4, 0, 4, 0, 0, 0, 0, 0, 0, 0, 0], [0, 0, 0, 0, 0, 0, 0, 0, 0, 4, 4, 4, 0, 0, 0, 0, 0, 0, 0, 0], [0, 0, 0, 0, 0, 0, 0, 0, 0, 0, 4, 0, 0, 0, 0, 0, 0, 0, 0, 0], [3, 1, 0, 0, 0, 0, 0, 0, 0, 4, 4, 4, 0, 0, 0, 0, 0, 0, 0, 0], [3, 1, 0, 0, 0, 0, 0, 0, 0, 0, 0, 0, 0, 0, 0, 0, 0, 0, 0, 0], [0, 0, 0, 0, 0, 0, 0, 0, 0, 0, 0, 0, 0, 0, 0, 0, 0, 0, 0, 0], [4, 2, 0, 0, 0, 0, 0, 0, 0, 0, 0, 0, 0, 0, 0, 0, 0, 0, 0, 0], [4, 2, 0, 0, 0, 0, 0, 0, 0, 0, 0, 0, 0, 0, 0, 0, 0, 0, 0, 0]], "output": [[0, 0, 0, 0, 0, 0, 0, 0, 0, 0, 0, 0, 0, 0, 0, 0, 0, 0, 0, 0], [0, 0, 1, 1, 1, 1, 1, 1, 1, 0, 0, 2, 2, 2, 2, 2, 2, 2, 0, 0], [0, 0, 1, 1, 3, 3, 3, 1, 1, 0, 0, 2, 4, 4, 2, 4, 4, 2, 0, 0], [0, 0, 1, 1, 3, 0, 3, 1, 1, 0, 0, 2, 2, 4, 2, 4, 2, 2, 0, 0], [0, 0, 1, 3, 3, 0, 3, 3, 1, 0, 0, 2, 2, 4, 4, 4, 2, 2, 0, 0], [0, 0, 1, 1, 3, 0, 3, 1, 1, 0, 0, 2, 2, 2, 4, 2, 2, 2, 0, 0], [0, 0, 1, 3, 3, 3, 3, 3, 1, 0, 0, 2, 2, 4, 4, 4, 2, 2, 0, 0], [0, 0, 1, 1, 1, 1, 1, 1, 1, 0, 0, 2, 2, 2, 2, 2, 2, 2, 0, 0], [0, 0, 0, 0, 0, 0, 0, 0, 0, 0, 0, 0, 0, 0, 0, 0, 0, 0, 0, 0], [0, 0, 0, 0, 0, 0, 0, 0, 0, 0, 0, 0, 0, 0, 0, 0, 0, 0, 0, 0], [0, 0, 0, 0, 0, 0, 0, 2, 2, 2, 2, 2, 2, 2, 0, 0, 0, 0, 0, 0], [0, 0, 0, 0, 0, 0, 0, 2, 4, 4, 2, 4, 4, 2, 0, 0, 0, 0, 0, 0], [0, 0, 0, 0, 0, 0, 0, 2, 2, 4, 2, 4, 2, 2, 0, 0, 0, 0, 0, 0], [0, 0, 0, 0, 0, 0, 0, 2, 2, 4, 4, 4, 2, 2, 0, 0, 0, 0, 0, 0], [0, 0, 0, 0, 0, 0, 0, 2, 2, 2, 4, 2, 2, 2, 0, 0, 0, 0, 0, 0], [3, 1, 0, 0, 0, 0, 0, 2, 2, 4, 4, 4, 2, 2, 0, 0, 0, 0, 0, 0], [3, 1, 0, 0, 0, 0, 0, 2, 2, 2, 2, 2, 2, 2, 0, 0, 0, 0, 0, 0], [0, 0, 0, 0, 0, 0, 0, 0, 0, 0, 0, 0, 0, 0, 0, 0, 0, 0, 0, 0], [4, 2, 0, 0, 0, 0, 0, 0, 0, 0, 0, 0, 0, 0, 0, 0, 0, 0, 0, 0], [4, 2, 0, 0, 0, 0, 0, 0, 0, 0, 0, 0, 0, 0, 0, 0, 0, 0, 0, 0]]}, {"input": [[0, 0, 0, 0, 0, 0, 0, 0, 0, 0, 0, 0, 0, 0, 0, 0, 0, 0, 0, 0], [0, 0, 0, 0, 0, 0, 0, 0, 0, 0, 0, 0, 0, 8, 0, 8, 0, 0, 0, 0], [0, 0, 0, 0, 8, 0, 8, 0, 0, 0, 0, 0, 8, 8, 8, 8, 8, 0, 0, 0], [0, 0, 0, 8, 8, 8, 8, 8, 0, 0, 0, 0, 0, 8, 0, 8, 0, 0, 0, 0], [0, 0, 0, 0, 8, 0, 8, 0, 0, 0, 0, 0, 8, 8, 0, 8, 8, 0, 0, 0], [0, 0, 0, 8, 8, 0, 8, 8, 0, 0, 0, 0, 0, 8, 8, 8, 0, 0, 0, 0], [0, 0, 0, 0, 8, 8, 8, 0, 0, 0, 0, 0, 0, 0, 0, 0, 0, 0, 0, 0], [0, 0, 0, 0, 0, 0, 0, 0, 0, 0, 0, 0, 0, 0, 0, 0, 0, 0, 0, 0], [0, 0, 0, 0, 0, 0, 0, 0, 0, 0, 0, 1, 0, 1, 0, 0, 0, 0, 0, 0], [0, 0, 0, 0, 0, 0, 0, 0, 0, 0, 0, 1, 0, 1, 0, 0, 0, 0, 0, 0], [0, 0, 0, 0, 0, 0, 0, 0, 0, 0, 1, 1, 0, 1, 1, 0, 0, 0, 0, 0], [0, 0, 0, 0, 0, 0, 0, 0, 0, 0, 0, 1, 1, 1, 0, 0, 0, 0, 0, 0], [0, 0, 0, 0, 0, 0, 0, 0, 0, 0, 0, 0, 1, 0, 0, 0, 0, 0, 0, 0], [0, 0, 0, 0, 0, 0, 0, 0, 0, 0, 0, 0, 0, 0, 0, 0, 0, 0, 0, 0], [0, 0, 0, 0, 0, 0, 0, 0, 0, 0, 0, 0, 0, 0, 0, 0, 0, 0, 0, 0], [8, 3, 0, 0, 0, 0, 0, 0, 1, 0, 1, 0, 0, 0, 0, 0, 0, 0, 0, 0], [8, 3, 0, 0, 0, 0, 0, 0, 1, 0, 1, 0, 0, 0, 0, 0, 0, 0, 0, 0], [0, 0, 0, 0, 0, 0, 0, 1, 1, 0, 1, 1, 0, 0, 0, 0, 0, 0, 0, 0], [1, 2, 0, 0, 0, 0, 0, 0, 1, 1, 1, 0, 0, 0, 0, 0, 0, 0, 0, 0], [1, 2, 0, 0, 0, 0, 0, 0, 0, 1, 0, 0, 0, 0, 0, 0, 0, 0, 0, 0]], "output": [[0, 0, 0, 0, 0, 0, 0, 0, 0, 0, 0, 3, 3, 3, 3, 3, 3, 3, 0, 0], [0, 0, 3, 3, 3, 3, 3, 3, 3, 0, 0, 3, 3, 8, 3, 8, 3, 3, 0, 0], [0, 0, 3, 3, 8, 3, 8, 3, 3, 0, 0, 3, 8, 8, 8, 8, 8, 3, 0, 0], [0, 0, 3, 8, 8, 8, 8, 8, 3, 0, 0, 3, 3, 8, 0, 8, 3, 3, 0, 0], [0, 0, 3, 3, 8, 0, 8, 3, 3, 0, 0, 3, 8, 8, 0, 8, 8, 3, 0, 0], [0, 0, 3, 8, 8, 0, 8, 8, 3, 0, 0, 3, 3, 8, 8, 8, 3, 3, 0, 0], [0, 0, 3, 3, 8, 8, 8, 3, 3, 0, 0, 3, 3, 3, 3, 3, 3, 3, 0, 0], [0, 0, 3, 3, 3, 3, 3, 3, 3, 2, 2, 2, 2, 2, 2, 2, 0, 0, 0, 0], [0, 0, 0, 0, 0, 0, 0, 0, 0, 2, 2, 1, 2, 1, 2, 2, 0, 0, 0, 0], [0, 0, 0, 0, 0, 0, 0, 0, 0, 2, 2, 1, 2, 1, 2, 2, 0, 0, 0, 0], [0, 0, 0, 0, 0, 0, 0, 0, 0, 2, 1, 1, 2, 1, 1, 2, 0, 0, 0, 0], [0, 0, 0, 0, 0, 0, 0, 0, 0, 2, 2, 1, 1, 1, 2, 2, 0, 0, 0, 0], [0, 0, 0, 0, 0, 0, 0, 0, 0, 2, 2, 2, 1, 2, 2, 2, 0, 0, 0, 0], [0, 0, 0, 0, 0, 0, 0, 0, 0, 2, 2, 2, 2, 2, 2, 2, 0, 0, 0, 0], [0, 0, 0, 0, 0, 0, 2, 2, 2, 2, 2, 2, 2, 0, 0, 0, 0, 0, 0, 0], [8, 3, 0, 0, 0, 0, 2, 2, 1, 2, 1, 2, 2, 0, 0, 0, 0, 0, 0, 0], [8, 3, 0, 0, 0, 0, 2, 2, 1, 2, 1, 2, 2, 0, 0, 0, 0, 0, 0, 0], [0, 0, 0, 0, 0, 0, 2, 1, 1, 2, 1, 1, 2, 0, 0, 0, 0, 0, 0, 0], [1, 2, 0, 0, 0, 0, 2, 2, 1, 1, 1, 2, 2, 0, 0, 0, 0, 0, 0, 0], [1, 2, 0, 0, 0, 0, 2, 2, 2, 1, 2, 2, 2, 0, 0, 0, 0, 0, 0, 0]]}], "test": [{"input": [[0, 0, 0, 0, 0, 0, 0, 0, 0, 0, 0, 0, 0, 0, 0, 0, 0, 0, 0, 0, 0, 0, 0, 0, 0, 0], [0, 0, 0, 0, 0, 0, 0, 0, 0, 0, 0, 0, 0, 0, 0, 0, 0, 0, 0, 0, 0, 0, 0, 0, 0, 0], [0, 0, 2, 2, 0, 2, 2, 0, 0, 0, 0, 4, 4, 4, 0, 0, 0, 0, 0, 0, 0, 0, 0, 0, 0, 0], [0, 0, 0, 2, 2, 2, 0, 0, 0, 0, 4, 4, 0, 4, 4, 0, 0, 0, 0, 2, 2, 0, 2, 2, 0, 0], [0, 0, 0, 2, 0, 2, 0, 0, 0, 0, 0, 4, 0, 4, 0, 0, 0, 0, 0, 0, 2, 2, 2, 0, 0, 0], [0, 0, 2, 2, 0, 2, 2, 0, 0, 0, 0, 4, 0, 4, 0, 0, 0, 0, 0, 0, 2, 0, 2, 0, 0, 0], [0, 0, 0, 2, 2, 2, 0, 0, 0, 0, 4, 4, 4, 4, 4, 0, 0, 0, 0, 2, 2, 0, 2, 2, 0, 0], [0, 0, 0, 0, 0, 0, 0, 0, 0, 0, 0, 0, 0, 0, 0, 0, 0, 0, 0, 0, 2, 2, 2, 0, 0, 0], [0, 0, 0, 0, 0, 0, 0, 0, 0, 0, 0, 0, 0, 0, 0, 0, 0, 0, 0, 0, 0, 0, 0, 0, 0, 0], [0, 0, 0, 0, 0, 0, 0, 0, 0, 0, 0, 0, 0, 0, 0, 0, 0, 0, 0, 0, 0, 0, 0, 0, 0, 0], [0, 0, 0, 0, 0, 0, 0, 0, 0, 0, 0, 0, 0, 0, 0, 0, 0, 0, 0, 0, 0, 0, 0, 0, 0, 0], [0, 0, 0, 0, 0, 0, 0, 0, 0, 0, 0, 0, 0, 0, 0, 0, 0, 0, 0, 0, 0, 0, 0, 4, 4, 4], [0, 0, 0, 0, 0, 2, 2, 0, 2, 2, 0, 0, 0, 0, 0, 0, 0, 0, 0, 0, 0, 0, 4, 4, 0, 4], [0, 0, 0, 0, 0, 0, 2, 2, 2, 0, 0, 0, 0, 0, 0, 0, 0, 0, 0, 0, 0, 0, 0, 4, 0, 4], [0, 0, 0, 0, 0, 0, 2, 0, 2, 0, 0, 0, 0, 0, 0, 0, 0, 0, 0, 0, 0, 0, 0, 4, 0, 4], [0, 0, 0, 0, 0, 2, 2, 0, 2, 2, 0, 0, 0, 0, 0, 0, 0, 0, 0, 0, 0, 0, 4, 4, 4, 4], [0, 0, 0, 0, 0, 0, 2, 2, 2, 0, 0, 0, 0, 0, 0, 0, 0, 0, 0, 0, 0, 0, 0, 0, 0, 0], [0, 0, 0, 0, 0, 0, 0, 0, 0, 0, 0, 0, 0, 0, 0, 0, 0, 0, 0, 0, 0, 0, 0, 0, 0, 0], [0, 0, 0, 0, 0, 0, 0, 0, 0, 0, 0, 0, 0, 0, 0, 4, 4, 4, 0, 0, 0, 0, 0, 0, 0, 0], [0, 0, 0, 0, 0, 0, 0, 0, 0, 0, 0, 0, 0, 0, 4, 4, 0, 4, 4, 0, 0, 0, 0, 0, 0, 0], [0, 0, 0, 0, 0, 0, 0, 0, 0, 0, 0, 0, 0, 0, 0, 4, 0, 4, 0, 0, 0, 0, 0, 0, 0, 0], [2, 3, 0, 0, 0, 0, 0, 0, 0, 0, 0, 0, 0, 0, 0, 4, 0, 4, 0, 0, 0, 0, 0, 0, 0, 0], [2, 3, 0, 0, 0, 0, 0, 0, 0, 0, 0, 0, 0, 0, 4, 4, 4, 4, 4, 0, 0, 0, 0, 0, 0, 0], [0, 0, 0, 0, 0, 0, 0, 0, 0, 0, 0, 0, 0, 0, 0, 0, 0, 0, 0, 0, 0, 0, 0, 0, 0, 0], [4, 8, 0, 0, 0, 0, 0, 0, 0, 0, 0, 0, 0, 0, 0, 0, 0, 0, 0, 0, 0, 0, 0, 0, 0, 0], [4, 8, 0, 0, 0, 0, 0, 0, 0, 0, 0, 0, 0, 0, 0, 0, 0, 0, 0, 0, 0, 0, 0, 0, 0, 0]], "output": [[0, 0, 0, 0, 0, 0, 0, 0, 0, 0, 0, 0, 0, 0, 0, 0, 0, 0, 0, 0, 0, 0, 0, 0, 0, 0], [0, 3, 3, 3, 3, 3, 3, 3, 0, 8, 8, 8, 8, 8, 8, 8, 0, 0, 0, 0, 0, 0, 0, 0, 0, 0], [0, 3, 2, 2, 3, 2, 2, 3, 0, 8, 8, 4, 4, 4, 8, 8, 0, 0, 3, 3, 3, 3, 3, 3, 3, 0], [0, 3, 3, 2, 2, 2, 3, 3, 0, 8, 4, 4, 0, 4, 4, 8, 0, 0, 3, 2, 2, 3, 2, 2, 3, 0], [0, 3, 3, 2, 0, 2, 3, 3, 0, 8, 8, 4, 0, 4, 8, 8, 0, 0, 3, 3, 2, 2, 2, 3, 3, 0], [0, 3, 2, 2, 0, 2, 2, 3, 0, 8, 8, 4, 0, 4, 8, 8, 0, 0, 3, 3, 2, 0, 2, 3, 3, 0], [0, 3, 3, 2, 2, 2, 3, 3, 0, 8, 4, 4, 4, 4, 4, 8, 0, 0, 3, 2, 2, 0, 2, 2, 3, 0], [0, 3, 3, 3, 3, 3, 3, 3, 0, 8, 8, 8, 8, 8, 8, 8, 0, 0, 3, 3, 2, 2, 2, 3, 3, 0], [0, 0, 0, 0, 0, 0, 0, 0, 0, 0, 0, 0, 0, 0, 0, 0, 0, 0, 3, 3, 3, 3, 3, 3, 3, 0], [0, 0, 0, 0, 0, 0, 0, 0, 0, 0, 0, 0, 0, 0, 0, 0, 0, 0, 0, 0, 0, 0, 0, 0, 0, 0], [0, 0, 0, 0, 0, 0, 0, 0, 0, 0, 0, 0, 0, 0, 0, 0, 0, 0, 0, 0, 0, 8, 8, 8, 8, 8], [0, 0, 0, 0, 3, 3, 3, 3, 3, 3, 3, 0, 0, 0, 0, 0, 0, 0, 0, 0, 0, 8, 8, 4, 4, 4], [0, 0, 0, 0, 3, 2, 2, 3, 2, 2, 3, 0, 0, 0, 0, 0, 0, 0, 0, 0, 0, 8, 4, 4, 0, 4], [0, 0, 0, 0, 3, 3, 2, 2, 2, 3, 3, 0, 0, 0, 0, 0, 0, 0, 0, 0, 0, 8, 8, 4, 0, 4], [0, 0, 0, 0, 3, 3, 2, 0, 2, 3, 3, 0, 0, 0, 0, 0, 0, 0, 0, 0, 0, 8, 8, 4, 0, 4], [0, 0, 0, 0, 3, 2, 2, 0, 2, 2, 3, 0, 0, 0, 0, 0, 0, 0, 0, 0, 0, 8, 4, 4, 4, 4], [0, 0, 0, 0, 3, 3, 2, 2, 2, 3, 3, 0, 0, 0, 0, 0, 0, 0, 0, 0, 0, 8, 8, 8, 8, 8], [0, 0, 0, 0, 3, 3, 3, 3, 3, 3, 3, 0, 0, 8, 8, 8, 8, 8, 8, 8, 0, 0, 0, 0, 0, 0], [0, 0, 0, 0, 0, 0, 0, 0, 0, 0, 0, 0, 0, 8, 8, 4, 4, 4, 8, 8, 0, 0, 0, 0, 0, 0], [0, 0, 0, 0, 0, 0, 0, 0, 0, 0, 0, 0, 0, 8, 4, 4, 0, 4, 4, 8, 0, 0, 0, 0, 0, 0], [0, 0, 0, 0, 0, 0, 0, 0, 0, 0, 0, 0, 0, 8, 8, 4, 0, 4, 8, 8, 0, 0, 0, 0, 0, 0], [2, 3, 0, 0, 0, 0, 0, 0, 0, 0, 0, 0, 0, 8, 8, 4, 0, 4, 8, 8, 0, 0, 0, 0, 0, 0], [2, 3, 0, 0, 0, 0, 0, 0, 0, 0, 0, 0, 0, 8, 4, 4, 4, 4, 4, 8, 0, 0, 0, 0, 0, 0], [0, 0, 0, 0, 0, 0, 0, 0, 0, 0, 0, 0, 0, 8, 8, 8, 8, 8, 8, 8, 0, 0, 0, 0, 0, 0], [4, 8, 0, 0, 0, 0, 0, 0, 0, 0, 0, 0, 0, 0, 0, 0, 0, 0, 0, 0, 0, 0, 0, 0, 0, 0], [4, 8, 0, 0, 0, 0, 0, 0, 0, 0, 0, 0, 0, 0, 0, 0, 0, 0, 0, 0, 0, 0, 0, 0, 0, 0]]}]}