{"train": [{"input": [[0, 0, 4, 4, 1, 0, 0, 4, 4], [0, 4, 4, 4, 1, 0, 0, 0, 0], [0, 4, 0, 0, 1, 4, 0, 4, 0], [0, 4, 4, 4, 1, 4, 4, 0, 4], [0, 4, 4, 4, 1, 4, 0, 4, 4], [0, 4, 0, 4, 1, 4, 0, 0, 0]], "output": [[0, 0, 8, 8], [0, 8, 8, 8], [8, 8, 8, 0], [8, 8, 8, 8], [8, 8, 8, 8], [8, 8, 0, 8]]}, {"input": [[0, 0, 0, 4, 1, 4, 4, 0, 0], [0, 0, 4, 4, 1, 0, 4, 0, 0], [4, 0, 4, 4, 1, 0, 4, 4, 0], [4, 4, 4, 0, 1, 4, 4, 0, 0], [4, 0, 4, 4, 1, 4, 0, 0, 4], [0, 0, 0, 0, 1, 4, 4, 4, 4]], "output": [[8, 8, 0, 8], [0, 8, 8, 8], [8, 8, 8, 8], [8, 8, 8, 0], [8, 0, 8, 8], [8, 8, 8, 8]]}, {"input": [[4, 0, 0, 4, 1, 0, 4, 0, 4], [0, 0, 4, 4, 1, 0, 4, 0, 0], [4, 0, 4, 4, 1, 4, 0, 4, 0], [0, 4, 0, 4, 1, 4, 0, 4, 4], [4, 4, 0, 4, 1, 0, 4, 4, 0], [0, 4, 4, 4, 1, 0, 4, 0, 4]], "output": [[8, 8, 0, 8], [0, 8, 8, 8], [8, 0, 8, 8], [8, 8, 8, 8], [8, 8, 8, 8], [0, 8, 8, 8]]}, {"input": [[4, 0, 4, 0, 1, 4, 0, 4, 4], [4, 0, 4, 0, 1, 4, 4, 4, 0], [4, 4, 0, 4, 1, 4, 0, 4, 0], [0, 4, 0, 0, 1, 4, 0, 0, 4], [0, 0, 4, 4, 1, 4, 4, 4, 0], [4, 4, 0, 4, 1, 4, 0, 0, 0]], "output": [[8, 0, 8, 8], [8, 8, 8, 0], [8, 8, 8, 8], [8, 8, 0, 8], [8, 8, 8, 8], [8, 8, 0, 8]]}, {"input": [[4, 4, 4, 4, 1, 0, 0, 0, 0], [0, 4, 0, 4, 1, 4, 0, 0, 0], [4, 0, 0, 0, 1, 0, 4, 0, 0], [0, 4, 4, 0, 1, 0, 0, 0, 0], [4, 0, 4, 0, 1, 4, 4, 4, 4], [0, 4, 4, 4, 1, 0, 0, 0, 0]], "output": [[8, 8, 8, 8], [8, 8, 0, 8], [8, 8, 0, 0], [0, 8, 8, 0], [8, 8, 8, 8], [0, 8, 8, 8]]}], "test": [{"input": [[4, 4, 4, 0, 1, 0, 0, 4, 4], [4, 4, 0, 0, 1, 0, 0, 0, 4], [4, 0, 0, 4, 1, 0, 4, 0, 0], [0, 4, 4, 4, 1, 0, 4, 4, 4], [0, 4, 0, 4, 1, 0, 0, 4, 0], [0, 0, 4, 0, 1, 0, 4, 4, 0]], "output": [[8, 8, 8, 8], [8, 8, 0, 8], [8, 8, 0, 8], [0, 8, 8, 8], [0, 8, 8, 8], [0, 8, 8, 0]]}, {"input": [[0, 0, 4, 0, 1, 0, 0, 4, 0], [4, 0, 4, 4, 1, 4, 4, 0, 4], [0, 0, 0, 4, 1, 4, 4, 0, 4], [4, 0, 4, 0, 1, 4, 4, 4, 0], [0, 4, 0, 0, 1, 4, 4, 4, 4], [4, 4, 0, 4, 1, 0, 4, 0, 4]], "output": [[0, 0, 8, 0], [8, 8, 8, 8], [8, 8, 0, 8], [8, 8, 8, 0], [8, 8, 8, 8], [8, 8, 0, 8]]}]}