{"train": [{"input": [[1, 0, 1, 0, 1, 0], [0, 1, 0, 1, 0, 8], [1, 0, 1, 0, 1, 0], [0, 1, 0, 1, 0, 1], [1, 0, 1, 0, 1, 0]], "output": [[0, 0, 0, 1, 1, 1], [0, 9, 9, 1, 1, 8], [0, 0, 0, 1, 1, 1], [0, 0, 0, 1, 1, 1], [0, 0, 0, 1, 1, 1]]}, {"input": [[1, 0, 1, 0, 1, 0, 1], [0, 1, 0, 1, 0, 1, 0], [1, 0, 1, 0, 1, 0, 1], [0, 1, 0, 1, 0, 1, 0], [8, 0, 1, 0, 1, 0, 1], [0, 1, 0, 1, 0, 1, 0], [1, 0, 1, 0, 1, 0, 1]], "output": [[1, 1, 1, 1, 0, 0, 0], [1, 1, 1, 0, 0, 0, 0], [1, 1, 1, 1, 0, 0, 0], [1, 1, 1, 0, 0, 0, 0], [8, 1, 1, 1, 9, 9, 9], [1, 1, 1, 0, 0, 0, 0], [1, 1, 1, 1, 0, 0, 0]]}, {"input": [[0, 1, 0, 1, 0, 1, 0, 1], [1, 0, 1, 0, 1, 0, 1, 0], [0, 1, 0, 1, 0, 1, 0, 1], [1, 0, 8, 0, 1, 0, 1, 0]], "output": [[0, 0, 0, 0, 0, 0, 0, 0], [0, 0, 9, 0, 0, 0, 0, 0], [1, 1, 1, 1, 1, 1, 1, 1], [1, 1, 8, 1, 1, 1, 1, 1]]}, {"input": [[0, 8, 0], [1, 0, 1], [0, 1, 0]], "output": [[1, 8, 1], [0, 1, 0], [0, 9, 0]]}], "test": [{"input": [[1, 0, 1, 0, 1], [0, 1, 0, 1, 0], [8, 0, 1, 0, 1], [0, 1, 0, 1, 0], [1, 0, 1, 0, 1]], "output": [[1, 1, 1, 0, 0], [1, 1, 0, 0, 0], [8, 1, 1, 9, 9], [1, 1, 0, 0, 0], [1, 1, 1, 0, 0]]}]}