{"train": [{"input": [[7, 7, 4, 7, 8, 6, 7, 7, 8, 7, 7, 6, 5, 7, 7, 9, 7], [7, 7, 4, 4, 8, 6, 2, 2, 8, 3, 3, 6, 5, 5, 7, 9, 7], [2, 2, 4, 7, 8, 6, 7, 2, 8, 3, 7, 6, 7, 5, 0, 9, 9], [7, 7, 4, 4, 8, 6, 2, 2, 8, 3, 3, 6, 5, 5, 0, 7, 9], [7, 7, 4, 7, 8, 6, 7, 7, 8, 7, 7, 6, 5, 7, 0, 7, 9]], "output": [[7, 7, 8, 9, 7], [7, 7, 8, 9, 7], [2, 2, 8, 9, 9], [7, 7, 8, 7, 9], [7, 7, 8, 7, 9]]}, {"input": [[7, 7, 1, 8, 8, 6, 7, 7, 7, 7, 7, 6, 4, 7, 7, 7, 7], [8, 8, 1, 8, 8, 6, 2, 2, 9, 4, 4, 6, 4, 0, 0, 1, 1], [8, 7, 1, 7, 7, 6, 2, 2, 9, 4, 4, 6, 4, 0, 0, 7, 1], [8, 8, 7, 7, 7, 6, 7, 7, 7, 7, 4, 6, 7, 0, 0, 1, 1], [7, 7, 7, 7, 7, 6, 7, 7, 7, 7, 4, 6, 7, 7, 7, 1, 7]], "output": [[7, 7, 7, 7, 7], [8, 8, 9, 1, 1], [8, 7, 9, 7, 1], [8, 8, 7, 1, 1], [7, 7, 7, 1, 7]]}, {"input": [[7, 7, 7, 7, 7, 6, 7, 7, 7, 7, 7, 6, 7, 7, 7, 7, 7], [7, 9, 3, 1, 7, 6, 7, 7, 7, 7, 7, 6, 7, 7, 7, 7, 7], [7, 7, 7, 7, 7, 6, 7, 8, 5, 6, 7, 6, 7, 7, 7, 7, 7], [7, 7, 7, 7, 7, 6, 7, 7, 7, 7, 7, 6, 7, 4, 0, 2, 7], [7, 7, 7, 7, 7, 6, 7, 7, 7, 7, 7, 6, 7, 7, 7, 7, 7]], "output": [[7, 7, 7, 7, 7], [7, 9, 7, 7, 7], [7, 7, 5, 7, 7], [7, 7, 7, 2, 7], [7, 7, 7, 7, 7]]}], "test": [{"input": [[4, 4, 9, 9, 7, 6, 8, 8, 7, 7, 7, 6, 2, 2, 7, 7, 7], [4, 7, 9, 9, 7, 6, 7, 8, 7, 7, 7, 6, 7, 2, 7, 9, 9], [4, 4, 7, 7, 2, 6, 8, 8, 7, 9, 9, 6, 2, 2, 5, 7, 9], [7, 4, 7, 7, 2, 6, 8, 7, 2, 7, 9, 6, 7, 2, 7, 9, 9], [4, 4, 7, 7, 2, 6, 8, 8, 7, 9, 9, 6, 2, 2, 7, 7, 7]], "output": [[4, 4, 7, 7, 7], [4, 7, 7, 9, 9], [4, 4, 7, 7, 9], [7, 4, 2, 9, 9], [4, 4, 7, 7, 7]]}, {"input": [[7, 7, 1, 8, 2, 6, 7, 7, 7, 7, 7, 6, 7, 7, 7, 7, 7], [7, 7, 1, 8, 2, 6, 7, 7, 7, 7, 7, 6, 7, 7, 7, 4, 3], [7, 7, 7, 8, 2, 6, 7, 7, 7, 9, 7, 6, 7, 7, 5, 4, 3], [7, 7, 7, 7, 2, 6, 7, 7, 8, 9, 3, 6, 7, 7, 5, 4, 3], [7, 7, 7, 7, 7, 6, 7, 7, 8, 9, 3, 6, 7, 7, 7, 7, 3]], "output": [[7, 7, 1, 7, 7], [7, 7, 1, 7, 3], [7, 7, 7, 9, 3], [7, 7, 7, 9, 3], [7, 7, 7, 9, 3]]}, {"input": [[7, 1, 8, 3, 3, 3, 6, 9, 9, 2, 2, 7, 7, 6, 5, 7, 7, 7, 7, 7], [7, 1, 7, 7, 7, 3, 6, 9, 7, 7, 2, 7, 7, 6, 7, 8, 8, 7, 7, 7], [7, 1, 7, 7, 7, 3, 6, 9, 7, 7, 2, 7, 7, 6, 7, 7, 8, 7, 7, 7], [1, 1, 7, 7, 7, 3, 6, 9, 7, 7, 2, 7, 9, 6, 7, 7, 8, 8, 8, 7], [7, 7, 7, 7, 7, 7, 6, 7, 7, 7, 2, 7, 9, 6, 7, 7, 7, 7, 8, 7], [7, 7, 7, 7, 7, 7, 6, 7, 7, 7, 2, 2, 9, 6, 7, 7, 7, 7, 7, 5]], "output": [[7, 1, 2, 2, 7, 7], [7, 1, 7, 2, 7, 7], [7, 1, 7, 2, 7, 7], [1, 1, 7, 2, 7, 7], [7, 7, 7, 2, 7, 7], [7, 7, 7, 2, 2, 5]]}]}