{"train": [{"input": [[0, 8, 0, 0, 8, 0, 0], [8, 8, 0, 0, 8, 8, 0], [0, 8, 8, 0, 8, 8, 0], [0, 8, 8, 0, 8, 8, 0], [0, 0, 8, 8, 0, 0, 0], [0, 0, 0, 8, 0, 0, 0], [0, 0, 0, 0, 0, 0, 0]], "output": [[0, 2, 0, 0, 4, 0, 0], [2, 2, 0, 0, 4, 4, 0], [0, 1, 1, 0, 1, 1, 0], [0, 1, 1, 0, 1, 1, 0], [0, 0, 3, 3, 0, 0, 0], [0, 0, 0, 3, 0, 0, 0], [0, 0, 0, 0, 0, 0, 0]]}, {"input": [[0, 0, 8, 8, 0, 0, 0], [8, 8, 8, 8, 8, 0, 0], [0, 8, 8, 0, 8, 8, 0], [0, 8, 8, 8, 8, 0, 0], [0, 0, 0, 8, 8, 0, 0], [0, 0, 0, 0, 0, 0, 0], [0, 0, 0, 0, 0, 0, 0]], "output": [[0, 0, 1, 1, 0, 0, 0], [3, 3, 1, 1, 4, 0, 0], [0, 3, 2, 0, 4, 4, 0], [0, 2, 2, 1, 1, 0, 0], [0, 0, 0, 1, 1, 0, 0], [0, 0, 0, 0, 0, 0, 0], [0, 0, 0, 0, 0, 0, 0]]}, {"input": [[8, 8, 8, 0, 0, 0, 0], [8, 8, 8, 8, 0, 0, 0], [8, 8, 0, 8, 0, 0, 0], [0, 8, 8, 8, 0, 0, 0], [0, 0, 0, 0, 0, 0, 0], [0, 0, 0, 0, 0, 0, 0], [0, 0, 0, 0, 0, 0, 0]], "output": [[1, 1, 4, 0, 0, 0, 0], [1, 1, 4, 4, 0, 0, 0], [3, 3, 0, 2, 0, 0, 0], [0, 3, 2, 2, 0, 0, 0], [0, 0, 0, 0, 0, 0, 0], [0, 0, 0, 0, 0, 0, 0], [0, 0, 0, 0, 0, 0, 0]]}], "test": [{"input": [[0, 8, 8, 0, 8, 8, 0], [8, 8, 8, 8, 8, 8, 0], [0, 8, 8, 0, 8, 0, 0], [0, 0, 8, 8, 8, 0, 0], [0, 0, 0, 0, 0, 0, 0], [0, 0, 0, 0, 0, 0, 0], [0, 0, 0, 0, 0, 0, 0]], "output": [[0, 2, 4, 0, 1, 1, 0], [2, 2, 4, 4, 1, 1, 0], [0, 3, 3, 0, 2, 0, 0], [0, 0, 3, 2, 2, 0, 0], [0, 0, 0, 0, 0, 0, 0], [0, 0, 0, 0, 0, 0, 0], [0, 0, 0, 0, 0, 0, 0]]}]}