{"train": [{"input": [[0, 0, 5, 0, 0, 5, 0, 0, 0], [0, 0, 5, 5, 5, 5, 0, 0, 0], [5, 5, 5, 0, 0, 0, 0, 0, 0], [0, 5, 0, 0, 0, 0, 0, 0, 0], [0, 5, 0, 0, 0, 5, 5, 5, 5], [0, 5, 5, 5, 5, 5, 0, 0, 0], [5, 5, 0, 0, 0, 5, 5, 5, 5], [0, 0, 0, 0, 0, 5, 0, 0, 0], [5, 5, 5, 5, 5, 5, 0, 0, 0], [0, 0, 0, 0, 0, 5, 0, 0, 0]], "output": [[0, 0, 5, 7, 7, 5, 8, 8, 8], [0, 0, 5, 5, 5, 5, 8, 8, 8], [5, 5, 5, 8, 8, 8, 8, 8, 8], [0, 5, 8, 8, 8, 8, 8, 8, 8], [0, 5, 8, 8, 8, 5, 5, 5, 5], [0, 5, 5, 5, 5, 5, 0, 0, 0], [5, 5, 0, 0, 0, 5, 5, 5, 5], [0, 0, 0, 0, 0, 5, 0, 0, 0], [5, 5, 5, 5, 5, 5, 0, 0, 0], [0, 0, 0, 0, 0, 5, 0, 0, 0]]}, {"input": [[5, 0, 0, 5, 0], [5, 0, 0, 5, 0], [5, 0, 5, 5, 5], [5, 5, 5, 0, 0], [0, 0, 5, 0, 0], [0, 0, 5, 5, 5], [0, 0, 0, 5, 0], [5, 5, 5, 5, 0], [0, 5, 0, 0, 0], [0, 5, 0, 0, 0], [0, 5, 5, 5, 0], [0, 0, 0, 5, 0], [0, 5, 5, 5, 5], [5, 5, 0, 0, 0], [0, 5, 0, 0, 0]], "output": [[5, 0, 0, 5, 0], [5, 0, 0, 5, 0], [5, 0, 5, 5, 5], [5, 5, 5, 0, 0], [0, 0, 5, 0, 0], [0, 0, 5, 5, 5], [0, 0, 0, 5, 8], [5, 5, 5, 5, 8], [0, 5, 8, 8, 8], [0, 5, 8, 8, 8], [0, 5, 5, 5, 8], [0, 0, 0, 5, 8], [0, 5, 5, 5, 5], [5, 5, 0, 0, 0], [7, 5, 0, 0, 0]]}, {"input": [[0, 5, 0, 0, 5, 0, 0, 0, 0, 5, 0, 0], [0, 5, 0, 0, 5, 5, 5, 0, 0, 5, 0, 0], [0, 5, 5, 5, 5, 0, 5, 0, 0, 5, 0, 0], [0, 0, 5, 0, 0, 0, 5, 5, 5, 5, 0, 0], [5, 5, 5, 0, 0, 0, 5, 0, 0, 5, 5, 5], [0, 0, 0, 0, 0, 0, 5, 0, 0, 0, 0, 0], [0, 0, 0, 5, 5, 5, 5, 0, 0, 0, 0, 0], [5, 5, 5, 5, 0, 0, 5, 0, 0, 0, 0, 0], [0, 0, 0, 5, 0, 0, 5, 5, 5, 0, 0, 0], [0, 0, 0, 5, 0, 0, 0, 0, 5, 0, 0, 0]], "output": [[0, 5, 7, 7, 5, 0, 0, 0, 0, 5, 0, 0], [0, 5, 7, 7, 5, 5, 5, 0, 0, 5, 0, 0], [0, 5, 5, 5, 5, 0, 5, 0, 0, 5, 0, 0], [0, 0, 5, 0, 0, 0, 5, 5, 5, 5, 0, 0], [5, 5, 5, 0, 0, 0, 5, 8, 8, 5, 5, 5], [0, 0, 0, 0, 0, 0, 5, 8, 8, 8, 8, 8], [0, 0, 0, 5, 5, 5, 5, 8, 8, 8, 8, 8], [5, 5, 5, 5, 0, 0, 5, 8, 8, 8, 8, 8], [0, 0, 0, 5, 0, 0, 5, 5, 5, 8, 8, 8], [0, 0, 0, 5, 0, 0, 0, 0, 5, 8, 8, 8]]}], "test": [{"input": [[0, 5, 0, 0, 0, 0, 0, 5, 0, 0, 5, 0], [0, 5, 0, 0, 0, 5, 5, 5, 0, 5, 5, 0], [5, 5, 5, 0, 0, 5, 0, 5, 5, 5, 0, 0], [0, 0, 5, 5, 5, 5, 0, 5, 0, 5, 5, 0], [0, 0, 0, 5, 0, 0, 0, 5, 0, 0, 5, 0]], "output": [[7, 5, 8, 8, 8, 8, 8, 5, 0, 0, 5, 0], [7, 5, 8, 8, 8, 5, 5, 5, 0, 5, 5, 0], [5, 5, 5, 8, 8, 5, 0, 5, 5, 5, 0, 0], [0, 0, 5, 5, 5, 5, 0, 5, 0, 5, 5, 0], [0, 0, 0, 5, 0, 0, 0, 5, 0, 0, 5, 0]]}]}