{"train": [{"input": [[3, 2, 3, 0, 0, 0, 0, 0, 0, 0, 0, 0], [1, 2, 1, 0, 0, 0, 0, 0, 0, 0, 0, 0], [3, 2, 3, 0, 0, 0, 0, 0, 0, 0, 0, 0], [1, 3, 1, 0, 0, 0, 0, 0, 0, 0, 0, 0]], "output": [[3, 2, 3, 3, 3, 3, 3, 3, 3, 3, 2, 3], [1, 2, 1, 1, 1, 1, 1, 1, 1, 1, 2, 1], [3, 2, 3, 3, 3, 3, 3, 3, 3, 3, 2, 3], [1, 3, 1, 1, 1, 1, 1, 1, 1, 1, 3, 1]]}, {"input": [[8, 2, 8, 0, 0, 0, 0, 0, 0, 0], [1, 8, 1, 0, 0, 0, 0, 0, 0, 0], [1, 8, 1, 0, 0, 0, 0, 0, 0, 0]], "output": [[8, 2, 8, 8, 8, 8, 8, 8, 2, 8], [1, 8, 1, 1, 1, 1, 1, 1, 8, 1], [1, 8, 1, 1, 1, 1, 1, 1, 8, 1]]}, {"input": [[2, 3, 8, 2, 0, 0, 0, 0, 0, 0, 0, 0, 0, 0], [2, 8, 8, 2, 0, 0, 0, 0, 0, 0, 0, 0, 0, 0], [2, 8, 3, 2, 0, 0, 0, 0, 0, 0, 0, 0, 0, 0]], "output": [[2, 3, 8, 2, 2, 2, 2, 2, 2, 2, 2, 3, 8, 2], [2, 8, 8, 2, 2, 2, 2, 2, 2, 2, 2, 8, 8, 2], [2, 8, 3, 2, 2, 2, 2, 2, 2, 2, 2, 8, 3, 2]]}], "test": [{"input": [[3, 8, 8, 3, 0, 0, 0, 0, 0, 0, 0, 0, 0, 0], [2, 1, 1, 2, 0, 0, 0, 0, 0, 0, 0, 0, 0, 0], [1, 3, 3, 1, 0, 0, 0, 0, 0, 0, 0, 0, 0, 0], [2, 1, 1, 2, 0, 0, 0, 0, 0, 0, 0, 0, 0, 0]], "output": [[3, 8, 8, 3, 3, 3, 3, 3, 3, 3, 3, 8, 8, 3], [2, 1, 1, 2, 2, 2, 2, 2, 2, 2, 2, 1, 1, 2], [1, 3, 3, 1, 1, 1, 1, 1, 1, 1, 1, 3, 3, 1], [2, 1, 1, 2, 2, 2, 2, 2, 2, 2, 2, 1, 1, 2]]}]}