{"train": [{"input": [[2, 2, 2, 2, 2, 2, 2, 2, 2, 2, 2, 2, 2, 2, 2, 2, 2, 2, 2, 2], [2, 2, 2, 2, 2, 2, 2, 2, 2, 2, 2, 2, 2, 2, 2, 2, 2, 2, 2, 2], [2, 2, 2, 5, 2, 2, 2, 2, 2, 2, 2, 2, 2, 2, 2, 2, 2, 5, 2, 2], [2, 2, 2, 2, 2, 2, 2, 2, 2, 2, 2, 2, 2, 2, 2, 2, 2, 2, 2, 2], [2, 2, 2, 2, 2, 2, 2, 2, 2, 2, 2, 2, 2, 2, 2, 2, 2, 2, 2, 2], [2, 2, 2, 2, 2, 2, 2, 2, 2, 2, 2, 2, 2, 2, 2, 2, 2, 2, 2, 2], [2, 2, 2, 2, 2, 2, 2, 2, 2, 2, 2, 2, 2, 2, 2, 2, 2, 2, 2, 2], [2, 2, 2, 4, 4, 2, 2, 2, 8, 8, 2, 2, 2, 2, 2, 2, 2, 2, 2, 2], [2, 2, 4, 2, 2, 4, 2, 8, 2, 2, 8, 2, 3, 3, 2, 2, 2, 2, 2, 2], [2, 4, 2, 2, 2, 2, 4, 5, 2, 2, 2, 8, 2, 2, 3, 2, 2, 2, 2, 2], [2, 4, 2, 9, 2, 2, 4, 2, 2, 2, 3, 8, 2, 9, 2, 3, 2, 2, 2, 2], [2, 2, 4, 2, 2, 4, 2, 8, 2, 2, 8, 2, 2, 2, 2, 3, 2, 2, 2, 2], [2, 2, 2, 4, 4, 2, 2, 2, 8, 8, 2, 3, 2, 2, 3, 2, 2, 2, 2, 2], [2, 2, 2, 2, 2, 2, 2, 2, 2, 2, 2, 2, 3, 3, 2, 2, 2, 2, 2, 2], [2, 2, 2, 2, 2, 2, 2, 2, 2, 2, 2, 2, 2, 2, 2, 2, 2, 2, 2, 2], [2, 2, 2, 2, 2, 2, 2, 2, 2, 2, 2, 2, 2, 2, 2, 2, 2, 2, 2, 2], [2, 2, 2, 2, 2, 2, 2, 2, 2, 2, 5, 2, 2, 2, 2, 2, 2, 2, 2, 2], [2, 2, 2, 2, 2, 2, 2, 2, 2, 2, 2, 2, 2, 2, 2, 2, 2, 2, 2, 2], [2, 2, 2, 2, 2, 2, 2, 2, 2, 2, 2, 2, 2, 2, 2, 2, 2, 2, 2, 2], [5, 2, 2, 2, 2, 2, 2, 2, 2, 2, 2, 2, 2, 2, 2, 2, 2, 2, 2, 2]], "output": [[2, 2, 4, 4, 2, 2], [2, 4, 2, 2, 4, 2], [4, 2, 2, 2, 2, 4], [4, 2, 2, 2, 2, 4], [2, 4, 2, 2, 4, 2], [2, 2, 4, 4, 2, 2], [2, 2, 8, 8, 2, 2], [2, 8, 2, 2, 8, 2], [8, 2, 2, 2, 2, 8], [8, 2, 2, 2, 2, 8], [2, 8, 2, 2, 8, 2], [2, 2, 8, 8, 2, 2], [2, 2, 3, 3, 2, 2], [2, 3, 2, 2, 3, 2], [3, 2, 2, 2, 2, 3], [3, 2, 2, 2, 2, 3], [2, 3, 2, 2, 3, 2], [2, 2, 3, 3, 2, 2]]}, {"input": [[3, 3, 3, 3, 3, 3, 3, 3, 3, 3], [5, 3, 3, 4, 4, 3, 3, 3, 3, 3], [3, 3, 4, 3, 8, 4, 3, 3, 3, 3], [3, 4, 3, 8, 3, 3, 4, 3, 3, 3], [3, 4, 8, 1, 3, 3, 4, 8, 3, 3], [3, 1, 4, 3, 1, 4, 3, 8, 3, 3], [1, 3, 3, 4, 4, 1, 8, 3, 3, 3], [1, 3, 5, 3, 8, 8, 3, 3, 3, 3], [3, 1, 3, 3, 1, 3, 3, 3, 3, 3], [3, 3, 1, 1, 3, 3, 5, 3, 3, 3]], "output": [[3, 3, 4, 4, 3, 3], [3, 4, 3, 3, 4, 3], [4, 3, 3, 3, 3, 4], [4, 3, 3, 3, 3, 4], [3, 4, 3, 3, 4, 3], [3, 3, 4, 4, 3, 3], [3, 3, 8, 8, 3, 3], [3, 8, 3, 3, 8, 3], [8, 3, 3, 3, 3, 8], [8, 3, 3, 3, 3, 8], [3, 8, 3, 3, 8, 3], [3, 3, 8, 8, 3, 3], [3, 3, 1, 1, 3, 3], [3, 1, 3, 3, 1, 3], [1, 3, 3, 3, 3, 1], [1, 3, 3, 3, 3, 1], [3, 1, 3, 3, 1, 3], [3, 3, 1, 1, 3, 3]]}, {"input": [[4, 4, 4, 4, 4, 5, 4, 4, 4, 4, 4, 4, 4], [4, 4, 4, 4, 4, 4, 4, 4, 4, 4, 4, 7, 4], [4, 4, 2, 2, 4, 4, 4, 4, 4, 4, 4, 4, 4], [4, 2, 4, 4, 2, 4, 4, 4, 4, 4, 4, 4, 4], [2, 4, 4, 7, 4, 2, 4, 4, 4, 4, 4, 4, 4], [2, 4, 4, 4, 4, 8, 8, 4, 4, 5, 4, 4, 4], [4, 2, 4, 4, 8, 4, 4, 8, 4, 4, 4, 4, 4], [4, 4, 2, 8, 4, 4, 4, 4, 8, 4, 4, 4, 4], [4, 4, 4, 8, 4, 4, 4, 4, 3, 3, 4, 4, 4], [4, 4, 4, 4, 8, 4, 4, 3, 4, 4, 3, 4, 4], [4, 5, 4, 4, 4, 8, 3, 4, 4, 4, 4, 3, 4], [4, 4, 7, 4, 4, 4, 3, 4, 4, 5, 4, 3, 4], [4, 4, 4, 4, 4, 4, 4, 3, 4, 4, 3, 4, 4]], "output": [[4, 4, 3, 3, 4, 4], [4, 3, 4, 4, 3, 4], [3, 4, 4, 4, 4, 3], [3, 4, 4, 4, 4, 3], [4, 3, 4, 4, 3, 4], [4, 4, 3, 3, 4, 4], [4, 4, 8, 8, 4, 4], [4, 8, 4, 4, 8, 4], [8, 4, 4, 4, 4, 8], [8, 4, 4, 4, 4, 8], [4, 8, 4, 4, 8, 4], [4, 4, 8, 8, 4, 4], [4, 4, 2, 2, 4, 4], [4, 2, 4, 4, 2, 4], [2, 4, 4, 4, 4, 2], [2, 4, 4, 4, 4, 2], [4, 2, 4, 4, 2, 4], [4, 4, 2, 2, 4, 4]]}, {"input": [[8, 8, 8, 8, 8, 8, 8, 8, 5, 8], [8, 8, 8, 8, 8, 8, 8, 8, 8, 8], [8, 8, 8, 4, 4, 8, 3, 3, 8, 8], [8, 8, 4, 8, 8, 4, 8, 8, 3, 8], [8, 4, 2, 8, 3, 8, 4, 8, 8, 3], [8, 4, 8, 8, 3, 8, 4, 8, 8, 3], [8, 8, 4, 8, 8, 4, 8, 8, 3, 8], [8, 8, 8, 4, 4, 8, 3, 3, 8, 8], [8, 5, 8, 8, 8, 8, 8, 8, 8, 8], [8, 8, 8, 8, 8, 8, 8, 2, 8, 8]], "output": [[8, 8, 4, 4, 8, 8], [8, 4, 8, 8, 4, 8], [4, 8, 8, 8, 8, 4], [4, 8, 8, 8, 8, 4], [8, 4, 8, 8, 4, 8], [8, 8, 4, 4, 8, 8], [8, 8, 3, 3, 8, 8], [8, 3, 8, 8, 3, 8], [3, 8, 8, 8, 8, 3], [3, 8, 8, 8, 8, 3], [8, 3, 8, 8, 3, 8], [8, 8, 3, 3, 8, 8]]}], "test": [{"input": [[1, 1, 1, 1, 1, 1, 1, 1, 1, 1, 1, 1, 1, 1, 1, 1, 1], [1, 1, 1, 1, 1, 1, 1, 1, 1, 1, 1, 1, 1, 1, 0, 1, 1], [1, 1, 0, 1, 1, 1, 1, 1, 1, 1, 1, 1, 1, 1, 1, 1, 1], [1, 1, 1, 1, 1, 1, 1, 8, 8, 1, 1, 1, 1, 1, 1, 1, 1], [1, 1, 1, 1, 1, 1, 8, 1, 1, 8, 1, 1, 1, 1, 1, 1, 1], [1, 1, 1, 1, 1, 8, 1, 1, 1, 1, 8, 1, 1, 1, 1, 1, 1], [1, 1, 1, 1, 1, 8, 1, 1, 1, 1, 8, 4, 1, 1, 1, 1, 1], [1, 1, 1, 1, 1, 1, 8, 7, 7, 8, 1, 1, 4, 1, 1, 1, 1], [1, 1, 1, 5, 1, 1, 3, 8, 8, 7, 1, 1, 1, 4, 1, 1, 1], [1, 1, 1, 1, 1, 3, 1, 1, 4, 1, 7, 1, 1, 4, 1, 1, 1], [1, 1, 1, 1, 3, 7, 1, 1, 1, 4, 7, 1, 4, 1, 1, 1, 1], [1, 1, 1, 1, 3, 1, 7, 1, 1, 3, 4, 4, 1, 1, 1, 1, 5], [1, 1, 1, 1, 1, 3, 1, 7, 3, 1, 1, 1, 1, 1, 1, 1, 1], [1, 1, 1, 1, 1, 1, 3, 3, 1, 1, 1, 1, 1, 1, 1, 1, 1], [1, 1, 1, 1, 1, 1, 1, 1, 1, 1, 1, 1, 1, 1, 1, 1, 1], [1, 1, 1, 1, 1, 1, 1, 1, 1, 1, 1, 0, 1, 1, 1, 1, 1], [5, 1, 1, 1, 1, 1, 1, 1, 1, 1, 1, 1, 1, 1, 1, 1, 1]], "output": [[1, 1, 8, 8, 1, 1], [1, 8, 1, 1, 8, 1], [8, 1, 1, 1, 1, 8], [8, 1, 1, 1, 1, 8], [1, 8, 1, 1, 8, 1], [1, 1, 8, 8, 1, 1], [1, 1, 4, 4, 1, 1], [1, 4, 1, 1, 4, 1], [4, 1, 1, 1, 1, 4], [4, 1, 1, 1, 1, 4], [1, 4, 1, 1, 4, 1], [1, 1, 4, 4, 1, 1], [1, 1, 3, 3, 1, 1], [1, 3, 1, 1, 3, 1], [3, 1, 1, 1, 1, 3], [3, 1, 1, 1, 1, 3], [1, 3, 1, 1, 3, 1], [1, 1, 3, 3, 1, 1], [1, 1, 7, 7, 1, 1], [1, 7, 1, 1, 7, 1], [7, 1, 1, 1, 1, 7], [7, 1, 1, 1, 1, 7], [1, 7, 1, 1, 7, 1], [1, 1, 7, 7, 1, 1]]}]}